Symbol,Name,Last Sale,Net Change,% Change,Market Cap,Country,IPO Year,Volume,Sector,Industry
AACBU,Artius II Acquisition Inc. Units,$10.06,0.00,0.00%,0.00,United States,2025,110270,Finance,Blank Checks
AACG,ATA Creativity Global American Depositary Shares,$0.9798,0.061,6.639%,31353727.00,China,2008,41453,Real Estate,Other Consumer Services
AAL,American Airlines Group Inc. Common Stock,$11.39,0.13,1.155%,7489785879.00,United States,,46970089,Consumer Discretionary,Air Freight/Delivery Services
AAME,Atlantic American Corporation Common Stock,$1.37,-0.07,-4.861%,27947668.00,United States,,17375,Finance,Life Insurance
AAOI,Applied Optoelectronics Inc. Common Stock,$20.43,-0.65,-3.083%,1014379777.00,United States,2013,3263818,Technology,Semiconductors
AAON,AAON Inc. Common Stock,$79.65,0.23,0.29%,6499224069.00,United States,,1559458,Industrials,Industrial Machinery/Components
AAPG,Ascentage Pharma Group International American Depository Shares,$18.70,-0.70,-3.608%,1607986839.00,China,2025,19874,Health Care,Biotechnology: Pharmaceutical Preparations
AAPL,Apple Inc. Common Stock,$218.27,4.17,1.948%,3278867873710.00,United States,1980,94127768,Technology,Computer Manufacturing
AARD,Aardvark Therapeutics Inc. Common Stock,$9.91,0.73,7.952%,211919176.00,United States,2025,263434,Health Care,Biotechnology: Pharmaceutical Preparations
ABAT,American Battery Technology Company Common Stock,$1.03,-0.01,-0.962%,87197750.00,United States,,639249,Basic Materials,Metal Mining
ABCL,AbCellera Biologics Inc. Common Shares,$2.44,0.06,2.521%,718983898.00,Canada,2020,3752478,Health Care,Pharmaceuticals and Biotechnology
ABEO,Abeona Therapeutics Inc. Common Stock,$5.15,0.01,0.195%,223875805.00,United States,,571278,Health Care,Biotechnology: Pharmaceutical Preparations
ABL,Abacus Global Management Inc. Class A Common Stock,$7.64,0.22,2.965%,570545795.00,United States,2020,1156261,Finance,Investment Managers
ABLLL,Abacus Global Management Inc. 9.875% Fixed Rate Senior Notes due 2028,$25.60,-0.07,-0.273%,1911074483.00,United States,,20865,Finance,Investment Managers
ABLLW,Abacus Global Management Inc. Warrant,$1.54,0.04,2.667%,115005304.00,United States,2020,1216,Finance,Investment Managers
ABLV,Able View Global Inc. Class B Ordinary Shares,$1.0718,0.0318,3.058%,45400626.00,China,,12508,Consumer Discretionary,Other Consumer Services
ABNB,Airbnb Inc. Class A Common Stock,$128.80,2.65,2.101%,81213500351.00,United States,2020,8704602,Finance,Diversified Commercial Services
ABOS,Acumen Pharmaceuticals Inc. Common Stock,$1.20,0.02,1.695%,72095734.00,United States,2021,294623,Health Care,Biotechnology: Biological Products (No Diagnostic Substances)
ABP,Abpro Holdings Inc Common Stock,$0.4564,-0.0019,-0.415%,23513091.00,United States,2022,137622,Health Care,Biotechnology: Pharmaceutical Preparations
ABPWW,Abpro Holdings Inc. Warrant,$0.0301,0.00,0.00%,1550710.00,United States,2022,300,Health Care,Biotechnology: Pharmaceutical Preparations
ABSI,Absci Corporation Common Stock,$3.01,-0.03,-0.987%,383275000.00,United States,2021,3208916,Health Care,Biotechnology: Commercial Physical & Biological Resarch
ABTS,Abits Group Inc Ordinary Shares,$3.51,-0.28,-7.388%,8319795.00,China,,9071,Technology,Computer Software: Programming Data Processing
ABUS,Arbutus Biopharma Corporation Common Stock,$3.28,-0.03,-0.906%,621532727.00,Canada,,1840328,Health Care,Biotechnology: Pharmaceutical Preparations
ABVC,ABVC BioPharma Inc. Common Stock,$0.69,0.025,3.759%,8953089.00,United States,,48003,Health Care,Biotechnology: Pharmaceutical Preparations
ABVE,Above Food Ingredients Inc. Common Stock,$0.4201,-0.0209,-4.739%,11680715.00,Canada,,318350,Consumer Staples,Packaged Foods
ABVEW,Above Food Ingredients Inc. Warrants,$0.0222,-0.006,-21.277%,617262.00,Canada,,1117,Consumer Staples,Packaged Foods
ABVX,Abivax SA American Depositary Shares,$7.38,0.32,4.533%,464330995.00,France,2023,175891,Health Care,Biotechnology: Pharmaceutical Preparations
ACAD,ACADIA Pharmaceuticals Inc. Common Stock,$16.79,-0.39,-2.27%,2800379200.00,United States,1985,4036445,Health Care,Biotechnology: Pharmaceutical Preparations
ACB,Aurora Cannabis Inc. Common Shares,$4.46,-0.11,-2.407%,243787065.00,Canada,,1082439,Health Care, Medicinal Chemicals and Botanical Products 
ACCD,Accolade Inc. Common Stock,$7.01,0.02,0.286%,571914411.00,United States,2020,1322583,Consumer Discretionary,Business Services
ACDC,ProFrac Holding Corp. Class A Common Stock,$7.67,-0.06,-0.776%,1228568573.00,United States,2022,590116,Energy,Oilfield Services/Equipment
ACET,Adicet Bio Inc. Common Stock ,$0.7661,0.0018,0.236%,63345553.00,United States,2018,186752,Health Care,Biotechnology: Pharmaceutical Preparations
ACGL,Arch Capital Group Ltd. Common Stock,$91.98,-0.47,-0.508%,34525358567.00,Bermuda,,3427325,Finance,Property-Casualty Insurers
ACGLN,Arch Capital Group Ltd. Depositary Shares each Representing a 1/1000th Interest in a 4.550% Non-Cumulative Preferred Share Series G,$17.69,-0.13,-0.73%,6640069505.00,Bermuda,,84235,Finance,Property-Casualty Insurers
ACGLO,Arch Capital Group Ltd. Depositary Shares Each Representing 1/1000th Interest in a Share of 5.45% Non-Cumulative Preferred Shares Series F,$21.19,-0.08,-0.376%,7953819831.00,Bermuda,,12684,Finance,Property-Casualty Insurers
ACHC,Acadia Healthcare Company Inc. Common Stock,$28.69,-0.32,-1.103%,2665675175.00,United States,,1895973,Health Care,Medical Specialities
ACHV,Achieve Life Sciences Inc. Common Shares,$2.81,0.06,2.182%,97465052.00,United States,,207669,Health Care,Biotechnology: In Vitro & In Vivo Diagnostic Substances
ACIC,American Coastal Insurance Corporation Common Stock,$11.93,-0.06,-0.50%,575606156.00,United States,,220707,Finance,Property-Casualty Insurers
ACIU,AC Immune SA Common Stock,$2.10,-0.06,-2.778%,210861792.00,Switzerland,2016,177793,Health Care,Biotechnology: Pharmaceutical Preparations
ACIW,ACI Worldwide Inc. Common Stock,$53.05,-0.45,-0.841%,5588076285.00,United States,,1260094,Technology,Computer Software: Prepackaged Software
ACLS,Axcelis Technologies Inc. Common Stock,$55.90,-0.82,-1.446%,1797416370.00,United States,2000,1531866,Technology,Industrial Machinery/Components
ACLX,Arcellx Inc. Common Stock,$69.33,-2.06,-2.886%,3809268352.00,United States,2022,1210943,Health Care,Biotechnology: Biological Products (No Diagnostic Substances)
ACMR,ACM Research Inc. Class A Common Stock,$26.87,-0.63,-2.291%,1696295146.00,United States,2017,1493513,Technology,Industrial Machinery/Components
ACNB,ACNB Corporation Common Stock,$42.01,0.76,1.842%,442900171.00,United States,,190174,Finance,Major Banks
ACNT,Ascent Industries Co. Common Stock,$12.63,-0.27,-2.093%,127291872.00,United States,,68840,Industrials,Steel/Iron Ore
ACOG,Alpha Cognition Inc. Common Stock,$5.37,-0.18,-3.243%,83402984.00,Canada,,63805,,
ACON,Aclarion Inc. Common Stock,$0.75,-0.05,-6.25%,98955.00,United States,2022,1605349,Health Care,Medical Specialities
ACONW,Aclarion Inc. Warrant,$0.0463,-0.0012,-2.526%,6109.00,United States,2022,2385,Health Care,Medical Specialities
ACRS,Aclaris Therapeutics Inc. Common Stock,$1.60,0.03,1.911%,172670114.00,United States,2015,2615017,Health Care,Biotechnology: Pharmaceutical Preparations
ACRV,Acrivon Therapeutics Inc. Common Stock,$5.36,0.22,4.28%,166890547.00,United States,2022,64763,Health Care,Biotechnology: Pharmaceutical Preparations
ACT,Enact Holdings Inc. Common Stock,$33.72,-0.25,-0.736%,5121466199.00,United States,2021,365337,Finance,Specialty Insurers
ACTG,Acacia Research Corporation (Acacia Tech) Common Stock,$3.42,-0.03,-0.87%,328614257.00,United States,,458343,Miscellaneous,Multi-Sector Companies
ACTU,Actuate Therapeutics Inc. Common stock,$6.75,-0.24,-3.433%,131838543.00,United States,2024,17713,Health Care,Biotechnology: Pharmaceutical Preparations
ACXP,Acurx Pharmaceuticals Inc. Common Stock,$0.4234,0.0044,1.05%,9332799.00,United States,2021,97861,Health Care,Biotechnology: Pharmaceutical Preparations
ADAG,Adagene Inc. American Depositary Shares,$1.685,-0.095,-5.337%,74336591.00,China,2021,79563,Health Care,Biotechnology: Pharmaceutical Preparations
ADAP,Adaptimmune Therapeutics plc American Depositary Shares,$0.2908,0.0108,3.857%,74410837.00,United Kingdom,2015,5031812,Health Care,Biotechnology: Biological Products (No Diagnostic Substances)
ADBE,Adobe Inc. Common Stock,$387.26,-2.35,-0.603%,168574278000.00,United States,1986,7607266,Technology,Computer Software: Prepackaged Software
ADD,Color Star Technology Co. Ltd. Class A Ordinary Shares,$0.9099,-0.0078,-0.85%,559258.00,United States,,263298,Consumer Discretionary,Engineering & Construction
ADEA,Adeia Inc. Common Stock,$13.64,-0.17,-1.231%,1466422637.00,United States,2003,2944036,Technology,Computer Software: Prepackaged Software
ADGM,Adagio Medical Holdings Inc Common Stock,$0.865,0.00,0.00%,12572893.00,United States,,44414,Health Care,Medical/Dental Instruments
ADI,Analog Devices Inc. Common Stock,$204.40,-1.50,-0.729%,101377593125.00,United States,,5070459,Technology,Semiconductors
ADIL,Adial Pharmaceuticals Inc Common Stock,$0.738,0.019,2.643%,4852046.00,United States,2018,68676,Health Care,Biotechnology: Pharmaceutical Preparations
ADMA,ADMA Biologics Inc Common Stock,$19.80,0.15,0.763%,4704778980.00,United States,,8552249,Health Care,Biotechnology: Biological Products (No Diagnostic Substances)
ADN,Advent Technologies Holdings Inc. Class A Common Stock,$5.29,-0.05,-0.936%,13947127.00,United States,2018,6937,Miscellaneous,Industrial Machinery/Components
ADNWW,Advent Technologies Holdings Inc. Warrant,$0.014,0.0006,4.478%,36911.00,United States,2018,2846,Miscellaneous,Industrial Machinery/Components
ADP,Automatic Data Processing Inc. Common Stock,$295.32,-2.19,-0.736%,120157112121.00,United States,,3951140,Technology,EDP Services
ADPT,Adaptive Biotechnologies Corporation Common Stock,$8.40,0.65,8.387%,1248090488.00,United States,2019,2855227,Health Care,Biotechnology: Biological Products (No Diagnostic Substances)
ADSE,ADS-TEC ENERGY PLC Ordinary Shares,$14.03,0.24,1.74%,709704225.00,Ireland,,243004,Consumer Discretionary,Industrial Specialties
ADSEW,ADS-TEC ENERGY PLC Warrant,$2.8364,0.2664,10.366%,143478622.00,Ireland,,7574,Consumer Discretionary,Industrial Specialties
ADSK,Autodesk Inc. Common Stock,$267.25,-0.57,-0.213%,57458750000.00,United States,,2014388,Technology,Computer Software: Prepackaged Software
ADTN,ADTRAN Holdings Inc. Common Stock,$9.21,0.17,1.881%,735510904.00,United States,1994,1902538,Utilities,Telecommunications Equipment
ADTX,Aditxt Inc. Common Stock,$9.63,-1.06,-9.916%,9929512.00,United States,2020,1017155,Health Care,Biotechnology: Pharmaceutical Preparations
ADUR,Aduro Clean Technologies Inc. Common Stock,$5.31,-0.04,-0.748%,151005695.00,Canada,,26070,,
ADUS,Addus HomeCare Corporation Common Stock,$89.83,-1.07,-1.177%,1632468463.00,United States,2009,434823,Health Care,Medical/Nursing Services
ADV,Advantage Solutions Inc. Class A Common Stock,$1.76,0.10,6.024%,565679587.00,United States,2019,2423538,Consumer Discretionary,Business Services
ADVB,Advanced Biomed Inc. Common Stock,$3.84,0.16,4.348%,83097600.00,Taiwan,2025,61743,Health Care,Medical Specialities
ADVM,Adverum Biotechnologies Inc. Common Stock,$5.10,-0.50,-8.929%,106092561.00,United States,2014,179718,Health Care,Biotechnology: Biological Products (No Diagnostic Substances)
ADVWW,Advantage Solutions Inc. Warrant,$0.0121,0.0002,1.681%,3889047.00,United States,2019,3262,Consumer Discretionary,Business Services
ADXN,Addex Therapeutics Ltd American Depositary Shares,$7.60,-0.06,-0.783%,7929042.00,Switzerland,,3837,Health Care,Biotechnology: Pharmaceutical Preparations
AEHL,Antelope Enterprise Holdings Limited Class A Ordinary Shares,$0.1096,-0.0022,-1.968%,972220.00,China,,453043,Industrials,Building Materials
AEHR,Aehr Test Systems Common Stock,$8.90,-0.06,-0.67%,264435056.00,United States,1997,671726,Industrials,Electrical Products
AEI,Alset Inc. Common Stock (TX),$0.8453,-0.0323,-3.68%,7806446.00,United States,2020,35004,Finance,Real Estate
AEIS,Advanced Energy Industries Inc. Common Stock,$105.26,-0.57,-0.539%,3970583089.00,United States,1995,701363,Technology,Industrial Machinery/Components
AEMD,Aethlon Medical Inc. Common Stock,$0.43,0.00,0.00%,6216551.00,United States,,129888,Health Care,Medical/Dental Instruments
AENT,Alliance Entertainment Holding Corporation Class A Common Stock,$3.89,0.13,3.457%,198224169.00,United States,,24480,Consumer Discretionary,Durable Goods
AENTW,Alliance Entertainment Holding Corporation Warrants,$0.225,0.0002,0.089%,11465408.00,United States,,415,Consumer Discretionary,Durable Goods
AEP,American Electric Power Company Inc. Common Stock,$105.11,-1.10,-1.036%,56013929924.00,United States,,5649258,Utilities,Electric Utilities: Central
AERT,Aeries Technology Inc. Class A Ordinary Share,$0.70,0.04,6.061%,31190598.00,United States,2021,5509,Consumer Discretionary,Professional Services
AERTW,Aeries Technology Inc. Warrant,$0.028,0.013,86.667%,1247624.00,United States,2021,4683,Consumer Discretionary,Professional Services
AEVA,Aeva Technologies Inc. Common Stock,$4.19,0.00,0.00%,225768936.00,United States,,1210482,Consumer Discretionary,Auto Parts:O.E.M.
AEVAW,Aeva Technologies Inc. Warrants,$0.0774,-0.0101,-11.543%,4170529.00,United States,,43049,Consumer Discretionary,Auto Parts:O.E.M.
AEYE,AudioEye Inc. Common Stock,$11.39,-0.10,-0.87%,141378876.00,United States,,333956,Technology,Computer Software: Prepackaged Software
AFBI,Affinity Bancshares Inc. Common Stock (MD),$18.07,0.30,1.688%,115872610.00,United States,2017,20929,Finance,Banks
AFCG,Advanced Flower Capital Inc. Common Stock,$6.38,0.03,0.472%,144162525.00,United States,2021,238676,Finance,Real Estate
AFJK,Aimei Health Technology Co. Ltd Ordinary Share,$10.9972,0.00,0.00%,0.00,United States,2024,400,,
AFJKU,Aimei Health Technology Co. Ltd Unit,$11.21,-0.28,-2.437%,0.00,United States,2023,11220,,
AFMD,Affimed N.V.,$0.8881,-0.0089,-0.992%,13523510.00,Germany,2014,62906,Health Care,Biotechnology: Pharmaceutical Preparations
AFRI,Forafric Global PLC Ordinary Shares,$8.44,-0.06,-0.706%,226860465.00,Gibraltar,,29255,Consumer Staples,Packaged Foods
AFRIW,Forafric Global PLC Warrants,$0.69,0.01,1.471%,18546649.00,Gibraltar,,5910,Consumer Staples,Packaged Foods
AFRM,Affirm Holdings Inc. Class A Common Stock,$49.90,1.95,4.067%,15871016855.00,United States,2021,5966761,Finance,Finance: Consumer Services
AFYA,Afya Limited Class A Common Shares,$17.93,-0.06,-0.334%,1612791899.00,Brazil,2019,101908,Real Estate,Other Consumer Services
AGAE,Allied Gaming & Entertainment Inc. Common Stock,$1.14,0.00,0.00%,50280856.00,United States,2017,18045,Consumer Discretionary,Services-Misc. Amusement & Recreation
AGEN,Agenus Inc. Common Stock,$1.61,-0.06,-3.593%,40747234.00,United States,2000,733937,Health Care,Biotechnology: Biological Products (No Diagnostic Substances)
AGFY,Agrify Corporation Common Stock,$18.44,-0.86,-4.456%,28208535.00,United States,2021,10809,Consumer Staples,Farming/Seeds/Milling
AGH,Aureus Greenway Holdings Inc. Common Stock,$0.702,-0.348,-33.143%,9743760.00,United States,2025,2431243,Consumer Discretionary,Hotels/Resorts
AGIO,Agios Pharmaceuticals Inc. Common Stock,$31.30,-1.41,-4.311%,1793370027.00,United States,2013,1667710,Health Care,Biotechnology: Pharmaceutical Preparations
AGMH,AGM Group Holdings Inc. Class A Ordinary Shares,$0.0664,-0.0106,-13.766%,1749962.00,Hong Kong,2018,37122750,Technology,EDP Services
AGNC,AGNC Investment Corp. Common Stock,$10.17,-0.12,-1.166%,9157283767.00,United States,2008,26068846,Real Estate,Real Estate Investment Trusts
AGNCL,AGNC Investment Corp. Depositary Shares Each Representing a 1/1000th Interest in a Share of 7.75% Series G Fixed-Rate Reset Cumulative Redeemable Preferred Stock,$25.45,-0.05,-0.196%,22915719947.00,United States,,6451,Real Estate,Real Estate Investment Trusts
AGNCM,AGNC Investment Corp. Depositary Shares rep 6.875% Series D Fixed-to-Floating Cumulative Redeemable Preferred Stock,$25.35,-0.0233,-0.092%,22825677826.00,United States,,13667,Real Estate,Real Estate Investment Trusts
AGNCN,AGNC Investment Corp. Depositary Shares Each Representing a 1/1000th Interest in a Share of 7.00% Series C Fixed-To-Floating Rate Cumulative Redeemable Preferred Stock,$26.28,0.0425,0.162%,23663069556.00,United States,,16382,Real Estate,Real Estate Investment Trusts
AGNCO,AGNC Investment Corp. Depositary Shares each representing a 1/1000th interest in a share of 6.50% Series E Fixed-to-Floating Cumulative Redeemable Preferred Stock,$25.81,-0.05,-0.193%,23239871585.00,United States,,16637,Real Estate,Real Estate Investment Trusts
AGNCP,AGNC Investment Corp. Depositary Shares Each Representing a 1/1000th Interest in a Share of 6.125% Series F Fixed-to-Floating Rate Cumulative Redeemable Preferred Stock,$25.411,0.001,0.004%,22880603520.00,United States,,13223,Real Estate,Real Estate Investment Trusts
AGRI,AgriFORCE  Growing Systems Ltd. Common Shares,$1.42,-0.04,-2.74%,2201420.00,Canada,2021,9826,Industrials,Metal Fabrications
AGYS,Agilysys Inc. Common Stock (DE),$73.73,-1.36,-1.811%,2061784835.00,United States,,388566,Technology,EDP Services
AHCO,AdaptHealth Corp. Common Stock,$9.99,-0.02,-0.20%,1347321440.00,United States,2018,9000278,Health Care,Medical/Nursing Services
AHG,Akso Health Group ADS,$1.29,0.03,2.381%,310715944.00,China,2017,12852,Consumer Discretionary,Business Services
AIEV,Thunder Power Holdings Inc. Common Stock,$0.1879,-0.0121,-6.05%,9531164.00,United States,2022,371095,Consumer Discretionary,Auto Manufacturing
AIFE,Aifeex Nexus Acquisition Corporation Class A Ordinary Shares,$10.00,0.00,0.00%,0.00,United States,2025,77,,
AIFF,Firefly Neuroscience Inc. Common Stock,$4.95,-0.17,-3.32%,42091657.00,United States,,997505,Technology,Computer Software: Prepackaged Software
AIFU,AIX Inc. American Depositary Shares,$0.3314,0.0111,3.466%,18792178.00,China,2007,314286,Finance,Specialty Insurers
AIHS,Senmiao Technology Limited Common Stock,$0.89,0.01,1.136%,9361056.00,China,2018,7603,Finance,Finance: Consumer Services
AIMAU,Aimfinity Investment Corp. I Unit,$12.29,0.29,2.417%,0.00,United States,2022,687,Finance,Blank Checks
AIMAW,Aimfinity Investment Corp. I Warrant,$0.0397,0.00,0.00%,0.00,United States,2022,20,Finance,Blank Checks
AIMBU,Aimfinity Investment Corp. I Subunit,$11.90,-0.35,-2.857%,0.00,United States,2022,1020,Finance,Blank Checks
AIMD,Ainos Inc. Common Stock,$0.53,0.0099,1.903%,8179626.00,United States,,149837,Health Care,Biotechnology: Pharmaceutical Preparations
AIMDW,Ainos Inc. Warrants,$0.1705,0.00,0.00%,2631370.00,United States,,100,Health Care,Biotechnology: Pharmaceutical Preparations
AIOT,PowerFleet Inc. Common Stock,$5.85,0.03,0.515%,775179657.00,United States,,2141553,Telecommunications,Telecommunications Equipment
AIP,Arteris Inc. Common Stock,$7.87,-0.03,-0.38%,322262255.00,United States,2021,217520,Technology,Semiconductors
AIRE,reAlpha Tech Corp. Common Stock,$1.33,-0.01,-0.746%,60999789.00,United States,,76164,Finance,Real Estate
AIRG,Airgain Inc. Common Stock,$3.99,-0.16,-3.855%,46120015.00,United States,2016,22995,Technology,Radio And Television Broadcasting And Communications Equipment
AIRJ,AirJoule Technologies Corporation Class A Common Stock,$7.56,-0.08,-1.047%,422174327.00,United States,2022,54683,Industrials,Industrial Machinery/Components
AIRJW,AirJoule Technologies Corporation Warrant,$1.09,0.01,0.926%,60869050.00,United States,2022,20820,Industrials,Industrial Machinery/Components
AIRS,AirSculpt Technologies Inc. Common Stock,$2.645,-0.165,-5.872%,154929595.00,United States,2021,372129,Health Care,Medical/Nursing Services
AIRT,Air T Inc. Common Stock,$17.25,0.13,0.759%,47022051.00,United States,,1030,Consumer Discretionary,Air Freight/Delivery Services
AIRTP,Air T Inc. Air T Funding Alpha Income Trust Preferred Securities,$17.32,0.09,0.522%,47212865.00,United States,,2617,Consumer Discretionary,Air Freight/Delivery Services
AISP,Airship AI Holdings Inc. Class A Common Stock,$4.05,-0.21,-4.93%,128584742.00,United States,2021,672059,Technology,Computer Software: Prepackaged Software
AISPW,Airship AI Holdings Inc. Warrants,$1.10,0.05,4.762%,34924251.00,United States,2021,4358,Technology,Computer Software: Prepackaged Software
AITRR,AI TRANSPORTATION ACQUISITION CORP Right,$0.174,0.00,0.00%,0.00,United States,2024,214,,
AITRU,AI TRANSPORTATION ACQUISITION CORP Unit,$11.20,0.00,0.00%,0.00,United States,2023,15,,
AIXI,XIAO-I Corporation American Depositary Shares,$4.18,0.31,8.01%,34976217.00,China,2023,55796,Technology,Computer Software: Prepackaged Software
AKAM,Akamai Technologies Inc. Common Stock,$81.04,-0.51,-0.625%,12181733117.00,United States,1999,3875424,Consumer Discretionary,Business Services
AKAN,Akanda Corp. Common Shares,$1.53,0.00,0.00%,2183024.00,United Kingdom,2022,9416,Health Care, Medicinal Chemicals and Botanical Products 
AKBA,Akebia Therapeutics Inc. Common Stock,$2.13,0.09,4.412%,503172151.00,United States,2014,8664315,Health Care,Biotechnology: Pharmaceutical Preparations
AKRO,Akero Therapeutics Inc. Common Stock,$45.22,0.56,1.254%,3600422188.00,United States,2019,2928554,Health Care,Biotechnology: Pharmaceutical Preparations
AKTX,Akari Therapeutics plc ADS,$1.53,0.03,2.00%,37880594.00,United Kingdom,,27531,Health Care,Biotechnology: Pharmaceutical Preparations
AKYA,Akoya BioSciences Inc. Common Stock,$1.70,0.02,1.19%,84687807.00,United States,2021,179908,Industrials,Biotechnology: Laboratory Analytical Instruments
ALAB,Astera Labs Inc. Common Stock,$71.10,2.13,3.088%,11529111859.00,United States,2024,3655000,Technology,Semiconductors
ALAR,Alarum Technologies Ltd. American Depositary Share,$6.94,0.33,4.992%,47677800.00,Israel,2018,112564,Technology,Computer Software: Prepackaged Software
ALBT,Avalon GloboCare Corp. Common Stock,$6.29,-0.11,-1.719%,6882650.00,United States,,43949,Health Care,Biotechnology: Biological Products (No Diagnostic Substances)
ALCO,Alico Inc. Common Stock,$28.81,-0.63,-2.14%,220040898.00,United States,,99243,,
ALCY,Alchemy Investments Acquisition Corp 1 Class A Ordinary Shares,$11.30,0.00,0.00%,0.00,United States,2023,9,Finance,Blank Checks
ALCYW,Alchemy Investments Acquisition Corp 1 Warrants,$0.1212,-0.0001,-0.082%,0.00,United States,2023,40,Finance,Blank Checks
ALDF,Aldel Financial II Inc. Class A Ordinary Shares,$10.10,0.04,0.398%,0.00,United States,2024,99020,,
ALDFW,Aldel Financial II Inc. Warrants,$0.261,0.00,0.00%,0.00,United States,2024,9,,
ALDX,Aldeyra Therapeutics Inc. Common Stock,$6.58,-0.14,-2.083%,392882943.00,United States,2014,675335,Health Care,Biotechnology: Pharmaceutical Preparations
ALEC,Alector Inc. Common Stock,$1.35,0.05,3.846%,133765949.00,United States,2019,968000,Health Care,Biotechnology: Biological Products (No Diagnostic Substances)
ALF,Centurion Acquisition Corp. Class A Ordinary Shares,$10.275,0.045,0.44%,0.00,United States,2024,110,,
ALFUW,Centurion Acquisition Corp. Warrant,$0.14,0.00,0.00%,0.00,United States,2024,40,Finance,Blank Checks
ALGM,Allegro MicroSystems Inc. Common Stock,$26.57,-0.27,-1.006%,4892202100.00,United States,2020,3312345,Technology,Semiconductors
ALGN,Align Technology Inc. Common Stock,$168.61,-0.20,-0.118%,12409299429.00,United States,2001,1881361,Health Care,Industrial Specialties
ALGS,Aligos Therapeutics Inc. Common Stock,$10.75,-0.77,-6.684%,65728843.00,United States,2020,96625,Health Care,Biotechnology: Biological Products (No Diagnostic Substances)
ALGT,Allegiant Travel Company Common Stock,$54.96,1.93,3.639%,1007871539.00,United States,2006,601877,Consumer Discretionary,Air Freight/Delivery Services
ALHC,Alignment Healthcare Inc. Common Stock,$17.61,0.43,2.503%,3378167367.00,United States,2021,3358504,Health Care,Medical Specialities
ALKS,Alkermes plc Ordinary Shares,$34.60,0.68,2.005%,5626446718.00,Ireland,1991,4662932,Health Care,Biotechnology: Pharmaceutical Preparations
ALKT,Alkami Technology Inc. Common Stock,$26.55,0.28,1.066%,2714284079.00,United States,2021,3377000,Technology,Computer Software: Prepackaged Software
ALLK,Allakos Inc. Common Stock,$0.2498,-0.0014,-0.557%,22532771.00,United States,2018,389220,Health Care,Biotechnology: Pharmaceutical Preparations
ALLO,Allogene Therapeutics Inc. Common Stock,$1.62,-0.01,-0.613%,351968876.00,United States,2018,10013190,Health Care,Biotechnology: Biological Products (No Diagnostic Substances)
ALLR,Allarity Therapeutics Inc. Common Stock,$0.99,0.03,3.125%,4389251.00,United States,,2473926,Health Care,Biotechnology: Pharmaceutical Preparations
ALLT,Allot Ltd. Ordinary Shares,$6.31,0.01,0.159%,242158485.00,Israel,2006,635295,Telecommunications,Computer Communications Equipment
ALMS,Alumis Inc. Common Stock,$3.75,0.18,5.042%,204027476.00,United States,2024,1028876,Health Care,Biotechnology: Pharmaceutical Preparations
ALNT,Allient Inc. Common Stock,$23.81,-0.06,-0.251%,401075545.00,United States,,90416,Industrials,Electrical Products
ALNY,Alnylam Pharmaceuticals Inc. Common Stock,$283.34,29.795,11.751%,36680390581.00,United States,2004,3150362,Health Care,Biotechnology: Pharmaceutical Preparations
ALOT,AstroNova Inc. Common Stock,$9.87,-0.20,-1.986%,74309631.00,United States,1983,6420,Technology,Computer peripheral equipment
ALRM,Alarm.com Holdings Inc. Common Stock,$56.54,-0.40,-0.702%,2807038044.00,United States,2015,653726,Technology,Computer Software: Prepackaged Software
ALRS,Alerus Financial Corporation Common Stock,$18.60,0.02,0.108%,471749103.00,United States,2019,140257,Finance,Major Banks
ALT,Altimmune Inc. Common Stock,$5.81,0.03,0.519%,447449353.00,United States,,2037626,Health Care,Biotechnology: Pharmaceutical Preparations
ALTI,AlTi Global Inc. Class A Common Stock,$2.85,-0.05,-1.724%,405380911.00,United States,2021,217040,Finance,Investment Managers
ALTO,Alto Ingredients Inc. Common Stock,$1.36,0.14,11.475%,104192301.00,United States,,3551839,Industrials,Major Chemicals
ALTR,Altair Engineering Inc. Class A Common Stock,$111.75,0.21,0.188%,9587568677.00,United States,2017,1906931,Technology,Computer Software: Prepackaged Software
ALTS,ALT5 Sigma Corporation Common Stock,$4.73,0.01,0.212%,66548588.00,United States,,98507,Consumer Discretionary,Home Furnishings
ALVO,Alvotech Ordinary Shares,$11.57,0.02,0.173%,3493445800.00,Luxembourg,,233864,Health Care,Biotechnology: Biological Products (No Diagnostic Substances)
ALVOW,Alvotech Warrant,$2.90,0.95,48.718%,875626000.00,Luxembourg,,12032,Health Care,Biotechnology: Biological Products (No Diagnostic Substances)
ALXO,ALX Oncology Holdings Inc. Common Stock,$0.7071,-0.0414,-5.531%,37747929.00,United States,2020,766439,Health Care,Biotechnology: Pharmaceutical Preparations
ALZN,Alzamend Neuro Inc. Common Stock,$1.01,0.0317,3.24%,6663482.00,United States,2021,198497,Health Care,Biotechnology: Pharmaceutical Preparations
AMAL,Amalgamated Financial Corp. Common Stock (DE),$29.15,-0.19,-0.648%,894536369.00,United States,2018,656964,Finance,Major Banks
AMAT,Applied Materials Inc. Common Stock,$152.12,-2.26,-1.464%,123588501950.00,United States,1972,15911326,Technology,Semiconductors
AMBA,Ambarella Inc. Ordinary Shares,$54.26,-0.38,-0.695%,2262747970.00,United States,2012,1185704,Technology,Semiconductors
AMBR,Amber International Holding Limited American Depositary Shares,$12.07,0.47,4.052%,1092766261.00,Hong Kong,2017,81252,Finance,Finance: Consumer Services
AMCX,AMC Networks Inc. Class A Common Stock,$7.20,-0.11,-1.505%,317776277.00,United States,,1308079,Telecommunications,Cable & Other Pay Television Services
AMD,Advanced Micro Devices Inc. Common Stock,$106.44,-0.70,-0.653%,172483674275.00,United States,,30767938,Technology,Semiconductors
AMED,Amedisys Inc Common Stock,$92.38,-0.39,-0.42%,3544442491.00,United States,,1536807,Health Care,Medical/Nursing Services
AMGN,Amgen Inc. Common Stock,$316.04,1.00,0.317%,169778250186.00,United States,1983,9995022,Health Care,Biotechnology: Biological Products (No Diagnostic Substances)
AMIX,Autonomix Medical Inc. Common Stock,$1.99,-0.20,-9.132%,4901336.00,United States,2024,42523,Health Care,Medical/Dental Instruments
AMKR,Amkor Technology Inc. Common Stock,$19.42,0.00,0.00%,4791529459.00,United States,1998,14880424,Technology,Semiconductors
AMLX,Amylyx Pharmaceuticals Inc. Common Stock,$3.65,-0.08,-2.145%,323399008.00,United States,2022,1505688,Health Care,Biotechnology: Pharmaceutical Preparations
AMOD,Alpha Modus Holdings Inc. Class A Common Stock,$1.74,-0.22,-11.224%,11343199.00,United States,,131955,Miscellaneous,Multi-Sector Companies
AMODW,Alpha Modus Holdings Inc. Warrant,$0.06,-0.0077,-11.374%,391145.00,United States,,57500,Miscellaneous,Multi-Sector Companies
AMPG,Amplitech Group Inc. Common Stock,$1.67,-0.14,-7.735%,18522974.00,United States,,284575,Telecommunications,Telecommunications Equipment
AMPGW,Amplitech Group Inc. Warrants,$0.45,0.00,0.00%,4991220.00,United States,,80,Telecommunications,Telecommunications Equipment
AMPH,Amphastar Pharmaceuticals Inc. Common Stock,$28.29,0.38,1.362%,1348021923.00,United States,2014,1478691,Health Care,Biotechnology: Pharmaceutical Preparations
AMPL,Amplitude Inc. Class A Common Stock,$11.65,-0.14,-1.187%,1507635867.00,United States,,1303414,Technology,Computer Software: Prepackaged Software
AMRK,A-Mark Precious Metals Inc. Common Stock,$28.42,-0.96,-3.268%,654205238.00,United States,,759780,Industrials,Other Specialty Stores
AMRN,Amarin Corporation plc,$0.4571,0.0216,4.96%,189324556.00,Ireland,,1463792,Health Care,Biotechnology: Pharmaceutical Preparations
AMRX,Amneal Pharmaceuticals Inc. Class A Common Stock,$8.66,-0.35,-3.885%,2684308513.00,United States,,2177321,Health Care,Biotechnology: Pharmaceutical Preparations
AMSC,American Superconductor Corporation Common Stock,$19.84,-0.23,-1.146%,782881103.00,United States,1991,876264,Consumer Discretionary,Metal Fabrications
AMSF,AMERISAFE Inc. Common Stock,$51.72,0.21,0.408%,985282292.00,United States,2005,404842,Finance,Property-Casualty Insurers
AMST,Amesite Inc. Common Stock,$2.47,-0.03,-1.20%,9865444.00,United States,2020,35034,Technology,Computer Software: Prepackaged Software
AMTX,Aemetis Inc. (DE) Common Stock,$2.01,0.02,1.005%,107171873.00,United States,,651392,Industrials,Major Chemicals
AMWD,American Woodmark Corporation Common Stock,$58.78,-1.53,-2.537%,871981609.00,United States,1986,491536,Basic Materials,Forest Products
AMZN,Amazon.com Inc. Common Stock,$196.21,1.26,0.646%,2079380476156.00,United States,1997,60056917,Consumer Discretionary,Catalog/Specialty Distribution
ANAB,AnaptysBio Inc. Common Stock,$17.08,-0.49,-2.789%,523788619.00,United States,2017,1441705,Health Care,Biotechnology: Pharmaceutical Preparations
ANDE,Andersons Inc. (The) Common Stock,$42.32,-1.19,-2.735%,1440065383.00,United States,,3437656,Industrials,Farming/Seeds/Milling
ANEB,Anebulo Pharmaceuticals Inc. Common Stock,$1.61,-0.37,-18.687%,66146417.00,United States,2021,226622,Health Care,Biotechnology: Pharmaceutical Preparations
ANGH,Anghami Inc. Ordinary Shares,$0.672,-0.018,-2.609%,19964879.00,United Arab Emirates,,4965,Consumer Discretionary,Telecommunications Equipment
ANGHW,Anghami Inc. Warrants,$0.0121,-0.0029,-19.333%,359487.00,United Arab Emirates,,1679,Consumer Discretionary,Telecommunications Equipment
ANGI,Angi Inc. Class A Common Stock,$1.56,-0.04,-2.50%,777582303.00,United States,,2253845,Consumer Discretionary,Advertising
ANGO,AngioDynamics Inc. Common Stock,$9.92,0.05,0.507%,401419833.00,United States,2004,636948,Health Care,Medical/Dental Instruments
ANIK,Anika Therapeutics Inc. Common Stock,$15.42,-0.20,-1.28%,218593827.00,United States,,136257,Health Care,Medical/Dental Instruments
ANIP,ANI Pharmaceuticals Inc.,$64.26,-0.09,-0.14%,1351392234.00,United States,,519758,Health Care,Biotechnology: Pharmaceutical Preparations
ANIX,Anixa Biosciences Inc. Common Stock,$3.16,0.01,0.317%,101742084.00,United States,,74944,Health Care,Biotechnology: Pharmaceutical Preparations
ANL,Adlai Nortye Ltd. American Depositary Shares,$2.21,0.00,0.00%,81549592.00,Cayman Islands,2023,3485,Health Care,Biotechnology: Pharmaceutical Preparations
ANNA,AleAnna Inc. Class A Common Stock,$7.70,0.07,0.917%,52667330.00,United States,,65715,Energy,Oil & Gas Production
ANNX,Annexon Inc. Common Stock,$2.40,-0.09,-3.614%,263303582.00,United States,2020,5392279,Health Care,Biotechnology: Pharmaceutical Preparations
ANSC,Agriculture & Natural Solutions Acquisition Corporation Class A Ordinary Shares,$10.64,0.01,0.094%,0.00,United States,2024,2381,,
ANSCW,Agriculture & Natural Solutions Acquisition Corporation Warrant,$0.3795,-0.0005,-0.132%,0.00,United States,2024,547,,
ANSS,ANSYS Inc. Common Stock,$324.20,-0.43,-0.132%,28416707400.00,United States,1996,552566,Technology,Computer Software: Prepackaged Software
ANTE,AirNet Technology Inc. American Depositary Shares,$0.5102,0.0235,4.828%,7300962.00,China,2007,2137442,Consumer Discretionary,Advertising
ANTX,AN2 Therapeutics Inc. Common Stock,$1.46,0.00,0.00%,43623179.00,United States,2022,107400,Health Care,Biotechnology: Pharmaceutical Preparations
ANY,Sphere 3D Corp. Common Shares,$0.4801,0.027,5.959%,10196480.00,Canada,,136285,Finance,Finance: Consumer Services
AOSL,Alpha and Omega Semiconductor Limited Common Shares,$26.29,-0.43,-1.609%,773319824.00,Bermuda,2010,713809,Technology,Semiconductors
AOUT,American Outdoor Brands Inc. Common Stock ,$13.14,-0.41,-3.026%,167335167.00,United States,,48974,Consumer Discretionary,Recreational Games/Products/Toys
APA,APA Corporation Common Stock,$20.61,0.04,0.194%,7503365553.00,United States,,12391875,Energy,Oil & Gas Production
APCX,AppTech Payments Corp. Common Stock,$0.40,0.011,2.828%,11058474.00,United States,,60153,Technology,Computer Software: Prepackaged Software
APCXW,AppTech Payments Corp. Warrant,$0.152,-0.0082,-5.119%,4202220.00,United States,,2150,Technology,Computer Software: Prepackaged Software
APDN,Applied DNA Sciences Inc. Common Stock,$1.79,-0.14,-7.254%,1975748.00,United States,,2746056,Consumer Discretionary,Other Consumer Services
APEI,American Public Education Inc. Common Stock,$22.18,-0.45,-1.989%,399145802.00,United States,2007,131648,Real Estate,Other Consumer Services
APGE,Apogee Therapeutics Inc. Common Stock,$39.84,-0.53,-1.313%,2370606851.00,United States,2023,646507,Health Care,Biotechnology: Biological Products (No Diagnostic Substances)
API,Agora Inc. American Depositary Shares,$4.64,-0.29,-5.882%,427818097.00,China,2020,1293967,Technology,Computer Software: Prepackaged Software
APLD,Applied Digital Corporation Common Stock,$7.07,-0.22,-3.018%,1575927540.00,United States,2022,18816701,Finance,Finance: Consumer Services
APLM,Apollomics Inc. Class A Ordinary Shares,$9.90,-0.49,-4.716%,10916384.00,United States,,32122,Health Care,Biotechnology: Pharmaceutical Preparations
APLMW,Apollomics Inc. Warrant,$0.0107,-0.0001,-0.926%,11799.00,United States,,7008,Health Care,Biotechnology: Pharmaceutical Preparations
APLS,Apellis Pharmaceuticals Inc. Common Stock,$24.14,-0.01,-0.041%,3029951726.00,United States,2017,2736427,Health Care,Biotechnology: Pharmaceutical Preparations
APLT,Applied Therapeutics Inc. Common Stock,$0.5731,0.0734,14.689%,66683895.00,United States,2019,4757832,Health Care,Biotechnology: Pharmaceutical Preparations
APM,Aptorum Group Limited Class A Ordinary Shares,$0.92,0.00,0.00%,4767161.00,Hong Kong,2018,5486,Health Care,Biotechnology: Pharmaceutical Preparations
APOG,Apogee Enterprises Inc. Common Stock,$46.73,-0.36,-0.764%,1025880700.00,United States,,898936,Consumer Discretionary,Auto Parts:O.E.M.
APP,Applovin Corporation Class A Common Stock,$314.03,7.29,2.377%,106757083281.00,United States,2021,9505695,Technology,Computer Software: Programming Data Processing
APPF,AppFolio Inc. Class A Common Stock,$215.37,-0.14,-0.065%,7840492515.00,United States,2015,235842,Technology,Computer Software: Prepackaged Software
APPN,Appian Corporation Class A Common Stock,$30.79,1.11,3.74%,2279848968.00,United States,2017,882243,Technology,Computer Software: Prepackaged Software
APPS,Digital Turbine Inc. Common Stock,$3.52,0.07,2.029%,369623968.00,United States,,2886672,Miscellaneous,Multi-Sector Companies
APRE,Aprea Therapeutics Inc. Common stock,$2.39,-0.03,-1.24%,12989418.00,United States,2019,13020,Health Care,Biotechnology: Pharmaceutical Preparations
APTO,Aptose Biosciences Inc. Common Shares,$3.69,-0.24,-6.107%,7909043.00,Canada,,43514,Health Care,Biotechnology: Biological Products (No Diagnostic Substances)
APVO,Aptevo Therapeutics Inc. Common Stock,$2.57,0.1001,4.053%,3748204.00,United States,,36708,Health Care,Biotechnology: Pharmaceutical Preparations
APWC,Asia Pacific Wire & Cable Corporation Ltd. Ordinary Shares (Bermuda),$1.4601,-0.0699,-4.569%,30101753.00,Taiwan,,1137,Industrials,Telecommunications Equipment
APYX,Apyx Medical Corporation Common Stock,$1.26,0.10,8.621%,47620296.00,United States,,75621,Health Care,Medical/Dental Instruments
AQB,AquaBounty Technologies Inc. Common Stock,$0.57,-0.0239,-4.024%,2203493.00,United States,,25275,Consumer Staples,Meat/Poultry/Fish
AQMS,Aqua Metals Inc. Common Stock,$2.13,0.08,3.902%,15190704.00,United States,2015,13923,Industrials,Metal Fabrications
AQST,Aquestive Therapeutics Inc. Common Stock,$3.21,0.10,3.215%,317377094.00,United States,2018,3824257,Health Care,Biotechnology: Pharmaceutical Preparations
ARAY,Accuray Incorporated Common Stock,$1.86,0.01,0.541%,191264771.00,United States,2007,708669,Health Care,Medical/Dental Instruments
ARBB,ARB IOT Group Limited Ordinary Shares,$0.84,0.02,2.439%,22207500.00,Malaysia,2023,582290,Technology,EDP Services
ARBE,Arbe Robotics Ltd. Ordinary Shares,$1.30,0.00,0.00%,101688024.00,Israel,,1081578,Technology,EDP Services
ARBEW,Arbe Robotics Ltd. Warrant,$0.2771,0.0401,16.92%,21675193.00,Israel,,11516,Technology,EDP Services
ARBK,Argo Blockchain plc American Depositary Shares,$0.3787,-0.0073,-1.891%,27162271.00,United Kingdom,2021,227247,Finance,Finance: Consumer Services
ARBKL,Argo Blockchain plc 8.75% Senior Notes due 2026,$7.3999,-0.3301,-4.27%,4708926365.00,United Kingdom,,7915,Finance,Finance: Consumer Services
ARCB,ArcBest Corporation Common Stock,$71.66,-0.14,-0.195%,1658948778.00,United States,,512142,Industrials,Trucking Freight/Courier Services
ARCC,Ares Capital Corporation Common Stock,$21.76,0.03,0.138%,14611439812.00,United States,2004,6477606,Finance,Finance: Consumer Services
ARCT,Arcturus Therapeutics Holdings Inc. Common Stock,$12.88,0.04,0.312%,349303320.00,Israel,2013,559260,Health Care,Biotechnology: Pharmaceutical Preparations
ARDX,Ardelyx Inc. Common Stock,$5.13,-0.36,-6.557%,1222767419.00,United States,2014,8718148,Health Care,Biotechnology: Pharmaceutical Preparations
AREB,American Rebel Holdings Inc. Common Stock,$0.1536,-0.0124,-7.47%,377918.00,United States,,1704617,Industrials,Plastic Products
AREC,American Resources Corporation Class A Common Stock,$0.50,0.058,13.122%,38710628.00,United States,,10006706,Energy,Coal Mining
ARGX,argenx SE American Depositary Shares,$615.02,1.98,0.323%,36405794010.00,Netherlands,2017,250919,Health Care,Biotechnology: Biological Products (No Diagnostic Substances)
ARHS,Arhaus Inc. Class A Common Stock,$9.32,0.065,0.702%,1310215237.00,United States,2021,1195998,Consumer Discretionary,Other Specialty Stores
ARKO,ARKO Corp. Common Stock,$4.13,0.06,1.474%,478135543.00,United States,,1445797,Consumer Staples,Food Chains
ARKR,Ark Restaurants Corp. Common Stock,$9.99,-0.15,-1.479%,36005528.00,United States,,8102,Consumer Discretionary,Restaurants
ARLP,Alliance Resource Partners L.P. Common Units representing Limited Partners Interests,$26.25,-0.43,-1.612%,3371235630.00,United States,1999,179826,Energy,Coal Mining
ARM,Arm Holdings plc American Depositary Shares,$119.07,0.00,0.00%,123872152278.00,United Kingdom,2023,2552391,Technology,Semiconductors
AROW,Arrow Financial Corporation Common Stock,$25.69,-0.45,-1.721%,429474219.00,United States,,108951,Finance,Major Banks
ARQ,Arq Inc. Common Stock,$4.68,-0.15,-3.106%,196626751.00,United States,,370458,Industrials,Major Chemicals
ARQQ,Arqit Quantum Inc. Ordinary Shares,$17.73,-0.24,-1.336%,221696080.00,United Kingdom,,348703,Technology,Computer Software: Prepackaged Software
ARQQW,Arqit Quantum Inc. Warrants,$2.10,0.034,1.646%,26258419.00,United Kingdom,,46083,Technology,Computer Software: Prepackaged Software
ARQT,Arcutis Biotherapeutics Inc. Common Stock,$17.01,0.24,1.431%,2018036377.00,United States,2020,1973714,Health Care,Biotechnology: Pharmaceutical Preparations
ARRY,Array Technologies Inc. Common Stock,$5.69,-0.01,-0.175%,864958346.00,United States,2020,6299010,Consumer Discretionary,Miscellaneous manufacturing industries
ARTL,Artelo Biosciences Inc. Common Stock,$1.04,0.051,5.157%,3412273.00,United States,,21613,Health Care,Biotechnology: Pharmaceutical Preparations
ARTNA,Artesian Resources Corporation Class A Common Stock,$30.71,-0.65,-2.073%,316249891.00,United States,,203877,Utilities,Water Supply
ARTV,Artiva Biotherapeutics Inc. Common Stock,$4.27,0.23,5.693%,103715431.00,United States,2024,662714,Health Care,Biotechnology: Biological Products (No Diagnostic Substances)
ARTW,Art's-Way Manufacturing Co. Inc. Common Stock,$1.70,0.014,0.83%,8640180.00,United States,,16732,Industrials,Industrial Machinery/Components
ARVN,Arvinas Inc. Common Stock,$8.75,-0.25,-2.778%,601753836.00,United States,2018,3239259,Health Care,Biotechnology: Pharmaceutical Preparations
ARWR,Arrowhead Pharmaceuticals Inc. Common Stock,$14.80,-0.31,-2.052%,1866252043.00,United States,,4064707,Health Care,Biotechnology: Pharmaceutical Preparations
ASBP,Aspire Biopharma Holdings Inc. Common Stock,$0.6304,-0.0578,-8.399%,4895147.00,United States,2022,434676,Health Care,Biotechnology: Pharmaceutical Preparations
ASBPW,Aspire Biopharma Holdings Inc. Warrant,$0.085,0.006,7.595%,660037.00,United States,2022,22800,Health Care,Biotechnology: Pharmaceutical Preparations
ASLE,AerSale Corporation Common Stock,$8.19,-0.20,-2.384%,436349834.00,United States,2019,2812742,Consumer Discretionary,Industrial Specialties
ASMB,Assembly Biosciences Inc. Common Stock,$11.01,0.32,2.993%,69982709.00,United States,2010,25952,Health Care,Biotechnology: Pharmaceutical Preparations
ASML,ASML Holding N.V. New York Registry Shares,$716.22,-17.84,-2.43%,281677665938.00,Netherlands,1995,1967217,Technology,Industrial Machinery/Components
ASND,Ascendis Pharma A/S American Depositary Shares,$165.99,2.75,1.685%,10073847947.00,Denmark,2015,354265,Health Care,Biotechnology: Pharmaceutical Preparations
ASNS,Actelis Networks Inc. Common Stock,$1.08,-0.05,-4.425%,9180892.00,United States,2022,217787,Telecommunications,Telecommunications Equipment
ASO,Academy Sports and Outdoors Inc. Common Stock,$47.23,-0.19,-0.401%,3277624891.00,United States,2020,4851443,Consumer Discretionary,Other Specialty Stores
ASPC,A SPAC III Acquisition Corp. Class A Ordinary Shares,$10.07,0.00,0.00%,0.00,China,2025,2370,,
ASPCU,A SPAC III Acquisition Corp. Unit,$10.21,0.05,0.492%,0.00,China,2024,500,Finance,Blank Checks
ASPI,ASP Isotopes Inc. Common Stock,$4.19,-0.05,-1.179%,299124548.00,United States,2022,1221375,Industrials,Major Chemicals
ASPS,Altisource Portfolio Solutions S.A. Common Stock,$0.7264,-0.0783,-9.73%,19739097.00,Luxembourg,,259557,Consumer Discretionary,Other Consumer Services
ASRT,Assertio Holdings Inc. Common Stock,$0.7227,0.0116,1.631%,69215207.00,United States,,852711,Health Care,Biotechnology: Pharmaceutical Preparations
ASRV,AmeriServ Financial Inc. Common Stock,$2.40,-0.05,-2.041%,39646241.00,United States,,28684,Finance,Major Banks
ASST,Asset Entities Inc. Class B Common Stock,$0.5015,0.0015,0.30%,2189136.00,United States,2023,138872,Technology,Computer Software: Prepackaged Software
ASTC,Astrotech Corporation (DE) Common Stock,$6.49,-0.05,-0.765%,11044221.00,United States,,1819,Industrials,Biotechnology: Laboratory Analytical Instruments
ASTE,Astec Industries Inc. Common Stock,$35.62,-1.11,-3.022%,812277625.00,United States,1986,345961,Industrials,Construction/Ag Equipment/Trucks
ASTH,Astrana Health Inc. Common Stock,$30.89,0.07,0.227%,1737639818.00,United States,,679614,Consumer Discretionary,Professional Services
ASTI,Ascent Solar Technologies Inc. Common Stock,$1.80,0.04,2.273%,2384647.00,United States,,8393,Technology,Semiconductors
ASTL,Algoma Steel Group Inc. Common Shares,$6.15,-0.11,-1.757%,640356893.00,Canada,,1286443,Industrials,Steel/Iron Ore
ASTLW,Algoma Steel Group Inc. Warrant,$0.41,0.01,2.50%,42682260.00,Canada,,3409,Industrials,Steel/Iron Ore
ASTS,AST SpaceMobile Inc. Class A Common Stock,$25.71,1.02,4.131%,8137004769.00,United States,2019,6794263,Consumer Discretionary,Telecommunications Equipment
ASUR,Asure Software Inc Common Stock,$10.07,-0.43,-4.095%,271683414.00,United States,,184830,Technology,EDP Services
ASYS,Amtech Systems Inc. Common Stock,$5.17,0.27,5.51%,73874471.00,United States,,113172,Technology,Industrial Machinery/Components
ATAI,ATAI Life Sciences N.V. Common Shares,$1.45,0.08,5.839%,287544360.00,Germany,2008,1413840,Health Care,Biotechnology: Pharmaceutical Preparations
ATAT,Atour Lifestyle Holdings Limited American Depositary Shares,$30.27,0.06,0.199%,4165007794.00,China,2022,846264,Consumer Discretionary,Hotels/Resorts
ATCOL,Atlas Corp. 7.125% Notes due 2027,$25.0741,0.00,0.00%,5123347650.00,United Kingdom,,65,Consumer Discretionary,Marine Transportation
ATEC,Alphatec Holdings Inc. Common Stock,$9.93,-0.27,-2.647%,1431401874.00,United States,2006,1751219,Health Care,Medical/Dental Instruments
ATER,Aterian Inc. Common Stock,$2.12,-0.23,-9.787%,18560996.00,United States,2019,497450,Consumer Discretionary,Home Furnishings
ATEX,Anterix Inc. Common Stock,$37.80,-0.40,-1.047%,702580511.00,United States,2015,268177,Telecommunications,Telecommunications Equipment
ATGL,Alpha Technology Group Limited Class A Ordinary Shares,$29.90,-0.10,-0.333%,492228750.00,China,2023,9005,Technology,EDP Services
ATHA,Athira Pharma Inc. Common Stock,$0.3321,0.0033,1.004%,12965996.00,United States,2020,63896,Health Care,Biotechnology: Biological Products (No Diagnostic Substances)
ATHE,Alterity Therapeutics Limited American Depositary Shares,$3.77,-0.15,-3.827%,32960217.00,Australia,,32792,Health Care,Biotechnology: Pharmaceutical Preparations
ATIIU,Archimedes Tech SPAC Partners II Co. Unit,$10.07,0.02,0.199%,0.00,United States,2025,50104,Finance,Blank Checks
ATLC,Atlanticus Holdings Corporation Common Stock,$50.51,-0.77,-1.502%,763476025.00,United States,1995,52498,Finance,Finance: Consumer Services
ATLCL,Atlanticus Holdings Corporation 6.125% Senior Notes due 2026,$24.10,0.06,0.25%,364279790.00,United States,,2123,Finance,Finance: Consumer Services
ATLCP,Atlanticus Holdings Corporation 7.625% Series B Cumulative Perpetual Preferred Stock no par value per share,$23.275,0.125,0.54%,351809632.00,United States,,1442,Finance,Finance: Consumer Services
ATLCZ,Atlanticus Holdings Corporation 9.25% Senior Notes due 2029,$25.19,-0.03,-0.119%,380755515.00,United States,,7626,Finance,Finance: Consumer Services
ATLN,Atlantic International Corp. Common Stock,$6.20,0.19,3.161%,310909776.00,United States,2024,537729,Industrials,Biotechnology: Laboratory Analytical Instruments
ATLO,Ames National Corporation Common Stock,$17.50,-0.35,-1.961%,156022248.00,United States,,38742,Finance,Major Banks
ATLX,Atlas Lithium Corporation Common Stock,$5.70,0.00,0.00%,96745194.00,United States,,97563,Industrials,Mining & Quarrying of Nonmetallic Minerals (No Fuels)
ATMC,AlphaTime Acquisition Corp Ordinary Shares,$11.60,0.00,0.00%,0.00,United States,2023,1,Finance,Blank Checks
ATMCW,AlphaTime Acquisition Corp Warrant,$0.0125,0.00,0.00%,0.00,United States,2023,80,Finance,Blank Checks
ATMV,AlphaVest Acquisition Corp Ordinary Shares,$11.56,0.00,0.00%,0.00,United States,2023,1000,Finance,Blank Checks
ATMVR,AlphaVest Acquisition Corp Right.,$0.21,0.0099,4.948%,0.00,United States,2023,7877,Finance,Blank Checks
ATNF,180 Life Sciences Corp. Common Stock,$1.13,0.08,7.619%,2234009.00,United States,2017,24098,Health Care,Biotechnology: Pharmaceutical Preparations
ATNFW,180 Life Sciences Corp. Warrant,$0.0081,-0.0009,-10.00%,16014.00,United States,2017,605,Health Care,Biotechnology: Pharmaceutical Preparations
ATNI,ATN International Inc. Common Stock,$22.79,0.90,4.111%,352816708.00,United States,,196174,Telecommunications,Telecommunications Equipment
ATOM,Atomera Incorporated Common Stock,$5.64,-0.11,-1.913%,173169799.00,United States,2016,207022,Technology,Semiconductors
ATOS,Atossa Therapeutics Inc. Common Stock,$0.7538,0.0383,5.353%,94828985.00,United States,2012,1063016,Health Care,Biotechnology: Pharmaceutical Preparations
ATPC,Agape ATP Corporation Common Stock,$1.05,0.03,2.941%,4188509.00,Malaysia,,81327,Health Care,Medical/Nursing Services
ATRA,Atara Biotherapeutics Inc. Common Stock,$6.63,-0.11,-1.632%,38844567.00,United States,2014,37573,Health Care,Biotechnology: Biological Products (No Diagnostic Substances)
ATRC,AtriCure Inc. Common Stock,$33.54,-1.28,-3.676%,1639421918.00,United States,2005,956506,Health Care,Medical/Dental Instruments
ATRO,Astronics Corporation Common Stock,$25.35,0.35,1.40%,894073282.00,United States,,509034,Industrials,Military/Government/Technical
ATSG,Air Transport Services Group Inc,$22.33,0.01,0.045%,1471334351.00,United States,,947336,Consumer Discretionary,Air Freight/Delivery Services
ATXG,Addentax Group Corp. Common Stock,$0.788,-0.0525,-6.246%,4762490.00,China,,1474,Consumer Discretionary,Professional Services
ATXS,Astria Therapeutics Inc. Common Stock,$6.41,0.04,0.628%,361743344.00,United States,2015,856291,Health Care,Biotechnology: Pharmaceutical Preparations
ATYR,aTyr Pharma Inc. Common Stock,$3.68,-0.08,-2.128%,326999692.00,United States,2015,820061,Health Care,Biotechnology: Biological Products (No Diagnostic Substances)
AUBN,Auburn National Bancorporation Inc. Common Stock,$21.75,1.05,5.072%,75987953.00,United States,,2730,Finance,Major Banks
AUDC,AudioCodes Ltd. Common Stock,$9.89,-0.14,-1.396%,301711787.00,Israel,1999,52549,Utilities,Telecommunications Equipment
AUID,authID Inc. Common Stock,$7.38,1.10,17.516%,80596308.00,United States,,263816,Technology,Computer Software: Prepackaged Software
AUPH,Aurinia Pharmaceuticals Inc Ordinary Shares,$8.44,0.12,1.442%,1206843821.00,Canada,,2064739,Health Care,Biotechnology: Pharmaceutical Preparations
AUR,Aurora Innovation Inc. Class A Common Stock,$7.23,0.09,1.261%,12583284463.00,United States,2021,14843909,Technology,EDP Services
AURA,Aura Biosciences Inc. Common Stock,$7.50,0.08,1.078%,374635995.00,United States,2021,282589,Health Care,Biotechnology: Biological Products (No Diagnostic Substances)
AUROW,Aurora Innovation Inc. Warrant,$1.485,0.035,2.414%,2584533531.00,United States,2021,17948,Technology,EDP Services
AUTL,Autolus Therapeutics plc American Depositary Share,$1.70,0.025,1.493%,452406871.00,United Kingdom,2018,1642963,Health Care,Biotechnology: Biological Products (No Diagnostic Substances)
AUUD,Auddia Inc. Common Stock,$0.3363,0.0283,9.188%,2890266.00,United States,2021,1473174,Technology,EDP Services
AVAH,Aveanna Healthcare Holdings Inc. Common Stock,$5.29,-0.17,-3.114%,1032046551.00,United States,2021,591366,Health Care,Medical/Nursing Services
AVAV,AeroVironment Inc. Common Stock,$125.01,-0.09,-0.072%,3527637438.00,United States,2007,734207,Industrials,Aerospace
AVBP,ArriVent BioPharma Inc. Common Stock,$19.52,-0.02,-0.102%,663996165.00,United States,2024,374084,Health Care,Biotechnology: Pharmaceutical Preparations
AVDL,Avadel Pharmaceuticals plc Ordinary Share,$8.57,-0.10,-1.153%,828114258.00,France,,910639,Health Care,Biotechnology: Pharmaceutical Preparations
AVDX,AvidXchange Holdings Inc. Common Stock,$8.48,0.02,0.236%,1733661808.00,United States,2021,2198705,Technology,Computer Software: Prepackaged Software
AVGO,Broadcom Inc. Common Stock,$191.66,1.12,0.588%,901175491100.00,United States,2009,43086517,Technology,Semiconductors
AVIR,Atea Pharmaceuticals Inc. Common Stock,$3.22,0.07,2.222%,275391076.00,United States,2020,557682,Health Care,Biotechnology: Pharmaceutical Preparations
AVNW,Aviat Networks Inc. Common Stock,$19.65,-0.20,-1.008%,249240266.00,United States,,104046,Technology,Radio And Television Broadcasting And Communications Equipment
AVO,Mission Produce Inc. Common Stock,$9.76,-0.29,-2.886%,693660300.00,United States,2020,880054,Consumer Staples,Farming/Seeds/Milling
AVPT,AvePoint Inc. Class A Common Stock,$15.05,-0.02,-0.133%,3037560207.00,United States,2019,1729547,Technology,Computer Software: Prepackaged Software
AVPTW,AvePoint Inc. Warrant,$4.725,-0.0951,-1.973%,953652623.00,United States,2019,580,Technology,Computer Software: Prepackaged Software
AVR,Anteris Technologies Global Corp. Common Stock,$5.175,-0.585,-10.156%,186423144.00,United States,2024,2037482,Health Care,Industrial Specialties
AVT,Avnet Inc. Common Stock,$46.99,-1.16,-2.409%,4064849368.00,United States,,7684327,Technology,Electronic Components
AVTE,Aerovate Therapeutics Inc. Common Stock,$2.52,0.02,0.80%,72763773.00,United States,2021,76512,Health Care,Biotechnology: Pharmaceutical Preparations
AVTX,Avalo Therapeutics Inc. Common Stock,$7.66,-0.56,-6.813%,79617688.00,United States,2015,33870,Health Care,Biotechnology: Pharmaceutical Preparations
AVXL,Anavex Life Sciences Corp. Common Stock,$9.74,-0.19,-1.913%,828525298.00,United States,,2371570,Health Care,Biotechnology: Biological Products (No Diagnostic Substances)
AWH,Aspira Women's Health Inc. Common Stock,$0.0879,-0.0121,-12.10%,1465052.00,United States,,2440251,Health Care,Biotechnology: In Vitro & In Vivo Diagnostic Substances
AWRE,Aware Inc. Common Stock,$1.69,0.01,0.595%,35520694.00,United States,1996,27492,Technology,Computer Software: Prepackaged Software
AXDX,Accelerate Diagnostics Inc. Common Stock,$1.06,-0.07,-6.195%,26546451.00,United States,,156855,Industrials,Biotechnology: Laboratory Analytical Instruments
AXGN,Axogen Inc. Common Stock,$17.72,-0.32,-1.774%,785771870.00,United States,,460928,Health Care,Biotechnology: Electromedical & Electrotherapeutic Apparatus
AXON,Axon Enterprise Inc. Common Stock,$560.00,1.59,0.285%,42909028960.00,United States,2001,803642,Industrials,Ordnance And Accessories
AXSM,Axsome Therapeutics Inc. Common Stock,$126.79,0.52,0.412%,6182965446.00,United States,2015,789787,Health Care,Biotechnology: Pharmaceutical Preparations
AXTI,AXT Inc Common Stock,$1.68,-0.04,-2.326%,76604632.00,United States,1998,186314,Technology,Semiconductors
AYRO,AYRO Inc. Common Stock,$0.5304,0.0004,0.075%,3613160.00,United States,,20859,Consumer Discretionary,Telecommunications Equipment
AYTU,Aytu BioPharma Inc.  Common Stock,$1.24,-0.01,-0.80%,7650612.00,United States,,30981,Health Care,Biotechnology: Pharmaceutical Preparations
AZ,A2Z Cust2Mate Solutions Corp. Common Shares,$7.33,-0.01,-0.136%,182491301.00,Canada,,45197,Industrials,Industrial Machinery/Components
AZI,Autozi Internet Technology (Global) Ltd. Class A Ordinary Shares,$0.6653,0.0266,4.165%,70509292.00,China,2024,361208,Consumer Discretionary,Automotive Aftermarket
AZN,AstraZeneca PLC American Depositary Shares,$74.93,-1.59,-2.078%,232370088741.00,United Kingdom,,5173076,Health Care,Biotechnology: Pharmaceutical Preparations
AZTA,Azenta Inc.,$37.43,-0.36,-0.953%,1710385971.00,United States,,1247448,Technology,Industrial Machinery/Components
BACK,IMAC Holdings Inc. Common Stock,$0.428,0.0078,1.856%,868782.00,United States,2019,76078,Health Care,Medical Specialities
BACQ,Bleichroeder Acquisition Corp. I Class A Ordinary Shares,$10.01,0.00,0.00%,0.00,United States,2024,2681,,
BACQU,Bleichroeder Acquisition Corp. I Unit,$10.17,0.00,0.00%,0.00,United States,2024,2364,Finance,Blank Checks
BAER,Bridger Aerospace Group Holdings Inc. Common Stock,$1.37,-0.16,-10.458%,74278693.00,United States,,518474,Consumer Discretionary,Business Services
BAERW,Bridger Aerospace Group Holdings Inc. Warrant,$0.0633,-0.0069,-9.829%,3432001.00,United States,,80618,Consumer Discretionary,Business Services
BAFN,BayFirst Financial Corp. Common Stock,$19.00,0.32,1.713%,78526734.00,United States,,12359,Finance,Major Banks
BAND,Bandwidth Inc. Class A Common Stock,$15.10,0.08,0.533%,432218957.00,United States,2017,239135,Technology,Computer Software: Prepackaged Software
BANF,BancFirst Corporation Common Stock,$109.61,-0.01,-0.009%,3642143221.00,United States,1993,455196,Finance,Major Banks
BANFP,BancFirst Corporation - BFC Capital Trust II Cumulative Trust Preferred Securities,$25.86,0.00,0.00%,859281304.00,United States,,22,Finance,Major Banks
BANL,CBL International Limited Ordinary Shares,$1.1453,0.0433,3.929%,31495750.00,Malaysia,2023,7188,Energy,Oil Refining/Marketing
BANR,Banner Corporation Common Stock,$63.77,-0.49,-0.763%,2197503487.00,United States,,777532,Finance,Major Banks
BANX,ArrowMark Financial Corp. Common Stock,$20.84,0.17,0.822%,148018726.00,United States,,20525,Finance,Trusts Except Educational Religious and Charitable
BAOS,Baosheng Media Group Holdings Limited Ordinary shares,$2.25,-0.08,-3.433%,3452596.00,China,2021,31450,Consumer Discretionary,Business Services
BASE,Couchbase Inc. Common Stock,$14.47,0.22,1.544%,757474894.00,United States,2021,1086629,Technology,Computer Software: Prepackaged Software
BATRA,Atlanta Braves Holdings Inc. Series A Common Stock,$42.71,-0.53,-1.226%,2672186514.00,United States,,145338,Consumer Discretionary,Services-Misc. Amusement & Recreation
BATRK,Atlanta Braves Holdings Inc. Series C Common Stock,$39.38,-0.47,-1.179%,2463842307.00,United States,,289024,Consumer Discretionary,Services-Misc. Amusement & Recreation
BAYA,Bayview Acquisition Corp Ordinary Shares,$10.88,-0.02,-0.183%,0.00,United States,2023,11893,,
BBCP,Concrete Pumping Holdings Inc. Common Stock,$5.63,-0.16,-2.763%,298676820.00,United States,2017,173662,Consumer Discretionary,Engineering & Construction
BBGI,Beasley Broadcast Group Inc. Class A Common Stock,$5.81,-0.2799,-4.596%,10294315.00,United States,2000,1292,Consumer Discretionary,Broadcasting
BBIO,BridgeBio Pharma Inc. Common Stock,$34.77,0.86,2.536%,6612858526.00,United States,2019,3460867,Health Care,Biotechnology: Pharmaceutical Preparations
BBLG,Bone Biologics Corp Common Stock,$0.88,0.058,7.056%,2878517.00,United States,,115706,Health Care,Industrial Specialties
BBNX,Beta Bionics Inc. Common Stock,$15.10,-0.59,-3.76%,617431797.00,United States,2025,3174702,Health Care,Medical/Dental Instruments
BBSI,Barrett Business Services Inc. Common Stock,$40.82,-0.16,-0.39%,1054507795.00,United States,1993,235836,Consumer Discretionary,Professional Services
BCAB,BioAtla Inc. Common Stock,$0.3512,-0.0078,-2.173%,16978965.00,United States,2020,306541,Health Care,Biotechnology: Biological Products (No Diagnostic Substances)
BCAL,California BanCorp Common Stock,$14.74,-0.16,-1.074%,474114871.00,United States,,155720,Finance,Major Banks
BCAX,Bicara Therapeutics Inc. Common Stock,$13.24,0.15,1.146%,720462796.00,United States,2024,478073,Health Care,Biotechnology: Pharmaceutical Preparations
BCBP,BCB Bancorp Inc. (NJ) Common Stock,$10.13,0.11,1.098%,173857412.00,United States,2005,88359,Finance,Savings Institutions
BCDA,BioCardia Inc. Common Stock,$2.66,0.19,7.692%,12194198.00,United States,,46618,Health Care,Biotechnology: Biological Products (No Diagnostic Substances)
BCG,Binah Capital Group Inc. Common Stock,$2.14,0.27,14.439%,35529264.00,United States,,72022,Finance,Finance: Consumer Services
BCGWW,Binah Capital Group Inc. Warrants,$0.0512,-0.0001,-0.195%,850046.00,United States,,60,Finance,Finance: Consumer Services
BCLI,Brainstorm Cell Therapeutics Inc. Common Stock,$1.41,-0.13,-8.442%,8041831.00,United States,,129307,Health Care,Biotechnology: Biological Products (No Diagnostic Substances)
BCML,BayCom Corp Common Stock,$24.95,-0.66,-2.577%,277697168.00,United States,2018,57304,Finance,Major Banks
BCPC,Balchem Corporation Common Stock,$161.17,-2.23,-1.365%,5243299127.00,United States,,758211,Industrials,Major Chemicals
BCRX,BioCryst Pharmaceuticals Inc. Common Stock,$7.98,0.29,3.771%,1667500960.00,United States,1994,4928489,Health Care,Biotechnology: Biological Products (No Diagnostic Substances)
BCTX,BriaCell Therapeutics Corp. Common Shares,$4.47,0.01,0.224%,13172822.00,Canada,,18752,Health Care,Biotechnology: Pharmaceutical Preparations
BCTXW,BriaCell Therapeutics Corp. Warrant,$0.1098,0.0001,0.091%,323574.00,Canada,,3060,Health Care,Biotechnology: Pharmaceutical Preparations
BCYC,Bicycle Therapeutics plc American Depositary Shares,$9.08,-0.41,-4.32%,628357383.00,United Kingdom,2019,258785,Health Care,Biotechnology: Pharmaceutical Preparations
BDMD,Baird Medical Investment Holdings Ltd Ordinary Share,$5.76,0.14,2.491%,169411761.00,China,,23731,Health Care,Medical/Dental Instruments
BDMDW,Baird Medical Investment Holdings Ltd Warrant,$0.0972,-0.0127,-11.556%,2858823.00,China,,2045,Health Care,Medical/Dental Instruments
BDRX,Biodexa Pharmaceuticals plc American Depositary Shs,$1.77,-0.23,-11.50%,1028087.00,United Kingdom,,327102,Health Care,Biotechnology: Pharmaceutical Preparations
BDSX,Biodesix Inc. Common Stock,$0.8463,0.031,3.802%,123541528.00,United States,2020,170549,Health Care,Medical Specialities
BDTX,Black Diamond Therapeutics Inc. Common Stock,$1.78,-0.10,-5.319%,100858755.00,United States,2020,5992995,Health Care,Biotechnology: Biological Products (No Diagnostic Substances)
BEAGU,Bold Eagle Acquisition Corp. Units,$10.30,0.02,0.195%,0.00,United States,2024,8125,,
BEAM,Beam Therapeutics Inc. Common Stock,$23.30,0.43,1.88%,1949937274.00,United States,2020,2508411,Health Care,Biotechnology: Biological Products (No Diagnostic Substances)
BEAT,Heartbeam Inc. Common Stock,$1.98,0.025,1.279%,66776425.00,United States,2021,82403,Health Care,Medical/Dental Instruments
BECN,Beacon Roofing Supply Inc. Common Stock,$123.77,-0.06,-0.048%,7622081744.00,United States,2004,11309385,Consumer Discretionary,RETAIL: Building Materials
BEEM,Beam Global Common Stock,$2.21,0.02,0.913%,32650321.00,United States,,69385,Technology,Semiconductors
BELFA,Bel Fuse Inc. Class A Common Stock,$72.91,-1.59,-2.134%,914213970.00,United States,,10372,,
BELFB,Bel Fuse Inc. Class B Common Stock,$73.55,-1.37,-1.829%,922238890.00,United States,,122454,,
BENF,Beneficient Class A Common Stock,$0.34,-0.0061,-1.762%,2944043.00,United States,,150240,Finance,Finance: Consumer Services
BENFW,Beneficient Warrant,$0.0067,-0.0002,-2.899%,58015.00,United States,,64789,Finance,Finance: Consumer Services
BETR,Better Home & Finance Holding Company Class A Common Stock,$12.87,-0.11,-0.847%,195238170.00,United Kingdom,2021,92231,Finance,Finance: Consumer Services
BETRW,Better Home & Finance Holding Company Warrant,$0.10,0.00,0.00%,1517002.00,United Kingdom,2021,865,Finance,Finance: Consumer Services
BFC,Bank First Corporation Common Stock,$100.53,-2.70,-2.616%,1004761059.00,United States,,69235,Finance,Major Banks
BFIN,BankFinancial Corporation Common Stock,$12.99,-0.07,-0.536%,161864207.00,United States,2005,17037,Finance,Savings Institutions
BFRG,Bullfrog AI Holdings Inc. Common Stock,$1.76,-0.04,-2.222%,16571324.00,United States,2023,66442,Health Care,Biotechnology: Pharmaceutical Preparations
BFRGW,Bullfrog AI Holdings Inc. Warrants,$0.60,-0.0501,-7.707%,5649315.00,United States,2023,1746,Health Care,Biotechnology: Pharmaceutical Preparations
BFRI,Biofrontera Inc. Common Stock,$0.86,-0.17,-16.505%,6664321.00,United States,2021,270897,Health Care,Biotechnology: Pharmaceutical Preparations
BFRIW,Biofrontera Inc. Warrants,$0.0942,0.0377,66.726%,729976.00,United States,2021,70963,Health Care,Biotechnology: Pharmaceutical Preparations
BFST,Business First Bancshares Inc. Common Stock,$24.45,-0.26,-1.052%,722555153.00,United States,,173599,Finance,Major Banks
BGC,BGC Group Inc. Class A Common Stock,$9.35,0.04,0.43%,4514961015.00,United States,,7072225,Finance,Investment Bankers/Brokers/Service
BGFV,Big 5 Sporting Goods Corporation Common Stock,$0.9885,0.014,1.437%,22426678.00,United States,2002,144320,Consumer Discretionary,Other Specialty Stores
BGLC,BioNexus Gene Lab Corp Common stock,$0.285,-0.0169,-5.598%,5120784.00,Malaysia,,41084,Health Care,Medical Specialities
BGM,BGM Group Ltd. Class A Ordinary Shares,$10.99,2.0499,22.929%,1068471330.00,China,2021,140274,Health Care,Biotechnology: Pharmaceutical Preparations
BHAT,Blue Hat Interactive Entertainment Technology Ordinary Shares,$2.65,-0.05,-1.852%,13086257.00,China,2019,353654,Consumer Discretionary,Recreational Games/Products/Toys
BHF,Brighthouse Financial Inc. Common Stock,$57.98,0.00,0.00%,3366347442.00,United States,,865807,Finance,Life Insurance
BHFAL,Brighthouse Financial Inc. 6.25% Junior Subordinated Debentures due 2058,$21.50,0.12,0.561%,1248300621.00,United States,,21850,Finance,Life Insurance
BHFAM,Brighthouse Financial Inc. Depositary shares each representing a 1/1000th Interest in a Share of 4.625% Non-Cumulative Preferred Stock Series D,$15.02,-0.23,-1.508%,872068620.00,United States,,21171,Finance,Life Insurance
BHFAN,Brighthouse Financial Inc. Depositary shares each representing a 1/1000th interest in a share of 5.375% Non-Cumulative Preferred Stock Series C,$16.63,-0.03,-0.18%,965546015.00,United States,,49593,Finance,Life Insurance
BHFAO,Brighthouse Financial Inc. Depositary Shares 6.75% Non-Cumulative Preferred Stock Series B,$21.93,0.13,0.596%,1273266633.00,United States,,12661,Finance,Life Insurance
BHFAP,Brighthouse Financial Inc. Depositary Shares 6.6% Non-Cumulative Preferred Stock Series A,$21.27,0.02,0.094%,1234946707.00,United States,,15991,Finance,Life Insurance
BHIL,Benson Hill Inc. Common Stock,$0.35,-0.034,-8.854%,2139907.00,United States,,584668,Consumer Staples,Packaged Foods
BHRB,Burke & Herbert Financial Services Corp. Common Stock,$57.60,-0.28,-0.484%,863000928.00,United States,,86114,Finance,Major Banks
BHST,BioHarvest Sciences Inc. Common Stock,$6.21,-0.1787,-2.797%,107605116.00,Canada,,10620,,
BIAF,bioAffinity Technologies Inc. Common Stock,$0.2764,-0.0041,-1.462%,4307593.00,United States,2022,242278,Health Care,Biotechnology: Commercial Physical & Biological Resarch
BIDU,Baidu Inc. ADS,$94.54,0.27,0.286%,33150349370.00,China,2005,3773736,Technology,Computer Software: Programming Data Processing
BIGC,BigCommerce Holdings Inc. Series 1 Common Stock,$5.99,0.02,0.335%,470814000.00,United States,2020,740328,Technology,Computer Software: Prepackaged Software
BIIB,Biogen Inc. Common Stock,$140.90,-0.48,-0.34%,20624228623.00,United States,,3437783,Health Care,Biotechnology: Biological Products (No Diagnostic Substances)
BILI,Bilibili Inc. American Depositary Shares,$19.87,-0.28,-1.39%,8189556133.00,China,2018,4641024,Technology,EDP Services
BIOA,BioAge Labs Inc. Common Stock,$4.49,0.11,2.511%,160960834.00,United States,2024,115824,Health Care,Biotechnology: Pharmaceutical Preparations
BIOX,Bioceres Crop Solutions Corp. Ordinary Shares,$4.36,0.05,1.16%,274019386.00,Argentina,,422612,Industrials,Agricultural Chemicals
BIRD,Allbirds Inc. Class A Common Stock,$5.14,-0.17,-3.202%,41132624.00,United States,2021,48250,Consumer Discretionary,Apparel
BITF,Bitfarms Ltd. Common Stock,$1.01,-0.03,-2.885%,477225349.00,Canada,,26418931,Finance,Finance: Consumer Services
BIVI,BioVie Inc. Class A Common Stock,$1.12,-0.03,-2.609%,20666219.00,United States,,291908,Health Care,Biotechnology: Pharmaceutical Preparations
BIYA,Baiya International Group Inc. Ordinary Shares,$4.18,0.18,4.50%,52250000.00,China,2025,1929110,Consumer Discretionary,Diversified Commercial Services
BJDX,Bluejay Diagnostics Inc. Common Stock,$4.19,0.24,6.076%,2316458.00,United States,2021,14717,Health Care,Medical/Dental Instruments
BJRI,BJ's Restaurants Inc. Common Stock,$34.05,0.14,0.413%,773553348.00,United States,,485515,Consumer Discretionary,Restaurants
BKHA,Black Hawk Acquisition Corporation Class A Ordinary Shares,$10.51,0.00,0.00%,0.00,United States,2024,2,,
BKHAR,Black Hawk Acquisition Corporation Rights,$1.76,0.00,0.00%,0.00,United States,2024,2,,
BKNG,Booking Holdings Inc. Common Stock,$4617.26,28.23,0.615%,151516314969.00,United States,,574396,Consumer Discretionary,Transportation Services
BKR,Baker Hughes Company Class A Common Stock,$44.11,-0.58,-1.298%,43673833880.00,United States,,20139231,Industrials,Metal Fabrications
BKYI,BIO-key International Inc. Common Stock,$1.06,0.05,4.95%,3314672.00,United States,,153192,Technology,Computer Software: Prepackaged Software
BL,BlackLine Inc. Common Stock,$50.29,0.51,1.025%,3158932807.00,United States,2016,1310394,Technology,Computer Software: Prepackaged Software
BLBD,Blue Bird Corporation Common Stock,$33.55,-1.11,-3.203%,1077326667.00,United States,2014,864881,Consumer Discretionary,Construction/Ag Equipment/Trucks
BLBX,Blackboxstocks Inc. Common Stock,$4.02,0.22,5.789%,14182673.00,United States,,93106,Technology,EDP Services
BLDE,Blade Air Mobility Inc. Class A Common Stock,$3.02,0.01,0.332%,240675965.00,United States,2019,686223,Consumer Discretionary,Transportation Services
BLDEW,Blade Air Mobility Inc. Warrants,$0.2444,0.00,0.00%,19477220.00,United States,2019,1292,Consumer Discretionary,Transportation Services
BLDP,Ballard Power Systems Inc. Common Shares,$1.30,-0.02,-1.515%,389230893.00,Canada,,4676008,Energy,Industrial Machinery/Components
BLFS,BioLife Solutions Inc. Common Stock,$24.99,-0.07,-0.279%,1174530000.00,United States,,570077,Health Care,Biotechnology: Electromedical & Electrotherapeutic Apparatus
BLFY,Blue Foundry Bancorp Common Stock,$9.24,-0.08,-0.858%,210637572.00,United States,2021,144426,Finance,Banks
BLIN,Bridgeline Digital Inc. Common Stock,$1.44,-0.015,-1.031%,15037357.00,United States,2007,22938,Technology,Computer Software: Prepackaged Software
BLKB,Blackbaud Inc. Common Stock,$63.13,-0.80,-1.251%,3108299929.00,United States,2004,1238589,Technology,Computer Software: Prepackaged Software
BLMN,Bloomin' Brands Inc. Common Stock,$7.78,-0.31,-3.832%,660761251.00,United States,2012,3621226,Consumer Discretionary,Restaurants
BLMZ,BloomZ Inc. Ordinary Shares,$0.2578,-0.0235,-8.354%,3719006.00,Japan,2024,322334,Consumer Discretionary,Movies/Entertainment
BLNE,Beeline Holdings Inc. Common Stock,$1.97,-0.43,-17.917%,923832.00,United States,,392253,Consumer Staples,Beverages (Production/Distribution)
BLNK,Blink Charging Co. Common Stock,$0.9902,-0.0098,-0.98%,100183887.00,United States,,2560057,Consumer Discretionary,Industrial Specialties
BLRX,BioLineRx Ltd. American Depositary Shares,$3.58,0.16,4.678%,12739441.00,Israel,,20221,Health Care,Biotechnology: Pharmaceutical Preparations
BLTE,Belite Bio Inc American Depositary Shares,$67.28,-0.45,-0.664%,2171917015.00,United States,2022,17485,Health Care,Biotechnology: Pharmaceutical Preparations
BLUE,bluebird bio Inc. Common Stock,$3.90,-0.06,-1.515%,37916646.00,United States,2013,153769,Health Care,Biotechnology: Biological Products (No Diagnostic Substances)
BLZE,Backblaze Inc. Class A Common Stock,$5.40,-0.02,-0.369%,293220000.00,United States,2021,1368047,Technology,Computer Software: Prepackaged Software
BMBL,Bumble Inc. Class A Common Stock,$4.53,-0.09,-1.948%,478121586.00,United States,2021,5659617,Technology,Computer Software: Programming Data Processing
BMEA,Biomea Fusion Inc. Common Stock,$2.87,0.10,3.61%,104005032.00,United States,2021,993445,Health Care,Biotechnology: Pharmaceutical Preparations
BMGL,Basel Medical Group Ltd Ordinary Shares,$4.21,0.00,0.00%,77695550.00,Singapore,2025,75002,,
BMR,Beamr Imaging Ltd. Ordinary Share,$2.53,0.02,0.797%,39262549.00,Israel,2023,47975,Technology,Computer Software: Prepackaged Software
BMRA,Biomerica Inc. Common Stock,$0.6852,-0.0247,-3.479%,12564508.00,United States,,110256,Health Care,Biotechnology: In Vitro & In Vivo Diagnostic Substances
BMRC,Bank of Marin Bancorp Common Stock,$22.09,-0.37,-1.647%,356016290.00,United States,,125258,Finance,Major Banks
BMRN,BioMarin Pharmaceutical Inc. Common Stock,$71.24,-0.36,-0.503%,13590957184.00,United States,1999,3096684,Health Care,Biotechnology: Pharmaceutical Preparations
BNAI,Brand Engagement Network Inc. Common Stock,$0.3904,0.0104,2.737%,14808561.00,United States,2021,248584,Technology,EDP Services
BNAIW,Brand Engagement Network Inc. Warrant,$0.0231,-0.0074,-24.262%,876224.00,United States,2021,200,Technology,EDP Services
BNGO,Bionano Genomics Inc. Common Stock,$3.25,0.00,0.00%,7573813.00,United States,2018,74646,Industrials,Biotechnology: Laboratory Analytical Instruments
BNR,Burning Rock Biotech Limited American Depositary Shares,$5.70,-0.06,-1.042%,58474738.00,China,2020,8192,Health Care,Medical Specialities
BNRG,Brenmiller Energy Ltd Ordinary Shares,$1.42,0.118,9.063%,11494603.00,Israel,,87114,Industrials,Building Products
BNTC,Benitec Biopharma Inc. Common Stock,$16.11,-0.68,-4.05%,377803262.00,United States,2015,166212,Health Care,Biotechnology: Pharmaceutical Preparations
BNTX,BioNTech SE American Depositary Share,$95.38,-0.85,-0.883%,22888415286.00,Germany,2019,787076,Health Care,Biotechnology: Biological Products (No Diagnostic Substances)
BNZI,Banzai International Inc. Class A Common Stock,$0.98,-0.09,-8.411%,5767510.00,United States,2021,757493,Technology,Computer Software: Prepackaged Software
BOF,BranchOut Food Inc. Common Stock,$2.07,0.12,6.154%,16256128.00,United States,2023,197948,Consumer Staples,Packaged Foods
BOKF,BOK Financial Corporation Common Stock,$102.02,-0.55,-0.536%,6552342845.00,United States,,340170,Finance,Major Banks
BOLD,Boundless Bio Inc. Common Stock,$1.76,0.19,12.102%,39248076.00,United States,2024,94553,Health Care,Biotechnology: Pharmaceutical Preparations
BOLT,Bolt Biotherapeutics Inc. Common Stock,$0.439,-0.001,-0.227%,16801848.00,United States,2021,27911,Health Care,Biotechnology: Pharmaceutical Preparations
BON,Bon Natural Life Limited Class A Ordinary Shares,$0.1715,-0.0885,-34.038%,680951.00,China,2021,51325175,Health Care, Medicinal Chemicals and Botanical Products 
BOOM,DMC Global Inc. Common Stock,$8.77,0.23,2.693%,177521033.00,United States,,206128,Industrials,Industrial Specialties
BOSC,B.O.S. Better Online Solutions Common Stock,$3.8204,-0.0296,-0.769%,21959728.00,Israel,,3942,Telecommunications,Computer Communications Equipment
BOTJ,Bank of the James Financial Group Inc. Common Stock,$14.66,-0.04,-0.272%,66605335.00,United States,,29988,Finance,Major Banks
BOWN,Bowen Acquisition Corp Ordinary Shares,$6.60,-0.50,-7.042%,0.00,United States,2023,49551,,
BOWNR,Bowen Acquisition Corp Rights,$0.29,0.00,0.00%,0.00,United States,2023,31910,,
BOWNU,Bowen Acquisition Corp Unit,$6.35,-0.55,-7.971%,0.00,United States,2023,742,,
BOXL,Boxlight Corporation Class A Common Stock,$1.62,0.14,9.459%,3185059.00,United States,2017,32001,Real Estate,Other Consumer Services
BPMC,Blueprint Medicines Corporation Common Stock,$88.72,0.25,0.283%,5669741296.00,United States,2015,1840705,Health Care,Biotechnology: Pharmaceutical Preparations
BPOP,Popular Inc. Common Stock,$91.37,1.15,1.275%,6359966555.00,United States,,2672004,Finance,Major Banks
BPOPM,Popular Inc. Popular Capital Trust II - 6.125% Cumulative Monthly Income Trust Preferred Securities,$25.60,-0.04,-0.156%,1781932186.00,United States,,779,Finance,Major Banks
BPRN,Princeton Bancorp Inc. Common Stock (PA),$31.31,0.10,0.32%,216511343.00,United States,,18877,Finance,Major Banks
BPYPM,Brookfield Property Partners L.P. 6.25% Class A Cumulative Redeemable Preferred Units Series 1,$15.37,0.123,0.807%,13853658049.00,Bermuda,,22115,Finance,Real Estate
BPYPN,Brookfield Property Partners L.P. 5.750% Class A Cumulative Redeemable Perpetual Preferred Units Series 3,$14.0001,0.0601,0.431%,12618906834.00,Bermuda,,5010,Finance,Real Estate
BPYPO,Brookfield Property Partners L.P. 6.375% Class A Cumulative Redeemable Perpetual Preferred Units Series 2,$14.66,-0.04,-0.272%,13213703773.00,Bermuda,,7562,Finance,Real Estate
BPYPP,Brookfield Property Partners L.P. 6.50% Class A Cumulative Redeemable Perpetual Preferred Units,$15.21,-0.0617,-0.404%,13709443001.00,Bermuda,,3510,Finance,Real Estate
BRAG,Bragg Gaming Group Inc. Common Shares,$4.30,-0.11,-2.494%,107268987.00,Canada,,58303,Technology,Office Equipment/Supplies/Services
BREA,Brera Holdings PLC Class B Ordinary Shares,$0.7025,-0.0025,-0.355%,8939313.00,Ireland,2023,272962,Consumer Discretionary,Services-Misc. Amusement & Recreation
BRFH,Barfresh Food Group Inc. Common Stock,$3.48,0.01,0.288%,51316679.00,United States,,10616,Consumer Staples,Packaged Foods
BRID,Bridgford Foods Corporation Common Stock,$9.69,-0.30,-3.003%,87954502.00,United States,,1635,Consumer Staples,Specialty Foods
BRKL,Brookline Bancorp Inc. Common Stock,$10.86,-0.05,-0.458%,967676010.00,United States,,1424701,Finance,Savings Institutions
BRKR,Bruker Corporation Common Stock,$44.45,-0.02,-0.045%,6743294718.00,United States,,2205387,Industrials,Biotechnology: Laboratory Analytical Instruments
BRLS,Borealis Foods Inc. Class A Common Shares,$6.10,0.0506,0.836%,130411229.00,Kazakhstan,2021,6035,Consumer Staples,Packaged Foods
BRLSW,Borealis Foods Inc. Warrant,$0.1059,0.0059,5.90%,2264024.00,Kazakhstan,2021,57622,Consumer Staples,Packaged Foods
BRLT,Brilliant Earth Group Inc. Class A Common Stock,$1.48,0.01,0.68%,147095554.00,United States,2021,60688,Consumer Discretionary,Consumer Specialties
BRNS,Barinthus Biotherapeutics plc American Depositary Shares,$0.99,-0.02,-1.98%,39826171.00,United Kingdom,2021,10765,Health Care,Biotechnology: Pharmaceutical Preparations
BROG,Brooge Energy Limited Ordinary Shares,$1.26,0.06,5.00%,138080695.00,United Kingdom,2018,3149,Energy,Integrated oil Companies
BRTX,BioRestorative Therapies Inc. Common Stock (NV),$1.76,0.05,2.924%,12179057.00,United States,,36336,Health Care,Managed Health Care
BRY,Berry Corporation (bry) Common Stock,$3.34,-0.12,-3.468%,257901403.00,United States,2018,2520249,Energy,Oil & Gas Production
BRZE,Braze Inc. Class A Common Stock,$37.03,0.98,2.718%,3832045995.00,United States,2021,1820577,Technology,Computer Software: Prepackaged Software
BSBK,Bogota Financial Corp. Common Stock,$7.76,0.03,0.388%,101461441.00,United States,2020,3627,Finance,Banks
BSET,Bassett Furniture Industries Incorporated Common Stock,$15.94,-0.21,-1.30%,140086395.00,United States,,17704,Consumer Discretionary,Home Furnishings
BSGM,BioSig Technologies Inc. Common Stock,$0.5451,-0.1205,-18.104%,9394760.00,United States,,562485,Health Care,Biotechnology: Electromedical & Electrotherapeutic Apparatus
BSII,Black Spade Acquisition II Co Class A Ordinary Share,$10.13,0.00,0.00%,0.00,Hong Kong,2024,209,,
BSIIW,Black Spade Acquisition II Co Warrant,$0.21,0.01,5.00%,0.00,Hong Kong,2024,8196,Finance,Blank Checks
BSLK,Bolt Projects Holdings Inc. Common Stock,$0.3209,0.0009,0.281%,11033194.00,United States,2021,76585,Industrials,Major Chemicals
BSRR,Sierra Bancorp Common Stock,$28.53,-0.51,-1.756%,398399653.00,United States,,118031,Finance,Major Banks
BSVN,Bank7 Corp. Common stock,$39.36,0.30,0.768%,371882608.00,United States,2018,54742,Finance,Major Banks
BSY,Bentley Systems Incorporated Class B Common Stock,$41.94,0.29,0.696%,12712157603.00,United States,2020,1666665,Technology,Computer Software: Prepackaged Software
BTAI,BioXcel Therapeutics Inc. Common Stock,$2.33,-0.03,-1.271%,7227215.00,United States,2018,479016,Health Care,Biotechnology: Pharmaceutical Preparations
BTBD,BT Brands Inc. Common Stock,$1.52,0.18,13.433%,9381344.00,United States,2021,59043,Consumer Discretionary,Restaurants
BTBT,Bit Digital Inc. Ordinary Shares,$2.33,-0.07,-2.917%,425073594.00,United States,2018,13115908,Finance,Finance: Consumer Services
BTCS,BTCS Inc. Common Stock,$1.69,-0.11,-6.111%,28772727.00,United States,,266104,Finance,Finance: Consumer Services
BTCT,BTC Digital Ltd. Ordinary Shares,$4.40,-0.21,-4.555%,14508789.00,China,,85027,Real Estate,Other Consumer Services
BTCTW,BTC Digital Ltd. Warrant,$0.0103,0.0003,3.00%,33964.00,China,,233710,Real Estate,Other Consumer Services
BTDR,Bitdeer Technologies Group Class A Ordinary Shares,$10.01,0.01,0.10%,1605265862.00,Singapore,,4164839,Finance,Finance: Consumer Services
BTM,Bitcoin Depot Inc. Class A Common Stock,$1.36,-0.02,-1.449%,82131533.00,United States,2022,433567,Finance,Finance: Consumer Services
BTMD,Biote Corp. Class A Common Stock,$3.86,-0.34,-8.095%,211181573.00,United States,,230717,Health Care, Medicinal Chemicals and Botanical Products 
BTMWW,Bitcoin Depot Inc. Warrant,$0.0671,0.002,3.072%,4052225.00,United States,2022,23010,Finance,Finance: Consumer Services
BTOC,Armlogi Holding Corp. Common Stock,$1.02,0.00,0.00%,42510690.00,United States,2024,95314,Consumer Discretionary,Office Equipment/Supplies/Services
BTOG,Bit Origin Limited Ordinary Shares,$0.2607,-0.0385,-12.868%,2207287.00,United States,2019,10984305,Finance,Finance: Consumer Services
BTSG,BrightSpring Health Services Inc. Common Stock,$18.05,-0.08,-0.441%,3158277198.00,United States,2024,1829781,Health Care,Medical/Nursing Services
BTSGU,BrightSpring Health Services Inc. Tangible Equity Unit,$65.55,-0.26,-0.395%,11469532983.00,United States,2024,3466,Health Care,Medical/Nursing Services
BUJA,Bukit Jalil Global Acquisition 1 Ltd. Ordinary Shares,$11.38,0.00,0.00%,0.00,Malaysia,2023,100898,Finance,Blank Checks
BUJAR,Bukit Jalil Global Acquisition 1 Ltd. Rights,$0.24,-0.005,-2.041%,0.00,Malaysia,2023,501,Finance,Blank Checks
BUJAU,Bukit Jalil Global Acquisition 1 Ltd. Unit,$11.21,0.00,0.00%,0.00,Malaysia,2023,88,Finance,Blank Checks
BUJAW,Bukit Jalil Global Acquisition 1 Ltd. Warrants,$0.0329,0.00,0.00%,0.00,Malaysia,2023,80,Finance,Blank Checks
BUSE,First Busey Corporation Class A Common Stock,$22.05,0.04,0.182%,1255942709.00,United States,,905068,Finance,Major Banks
BVFL,BV Financial Inc. Common Stock,$15.59,0.17,1.102%,180812586.00,United States,2023,15572,Finance,Savings Institutions
BVS,Bioventus Inc. Class A Common Stock,$9.65,-0.09,-0.924%,790755788.00,United States,2021,441322,Health Care,Medical/Dental Instruments
BWAY,BrainsWay Ltd. American Depositary Shares,$9.91,-0.37,-3.599%,165175331.00,Israel,2019,5170,Health Care,Medical/Dental Instruments
BWB,Bridgewater Bancshares Inc. Common Stock,$13.80,-0.22,-1.569%,380829147.00,United States,2018,109492,Finance,Major Banks
BWBBP,Bridgewater Bancshares Inc. Depositary Shares Each Representing a 1/100th Interest in a Share of 5.875% Non-Cumulative Perpetual Preferred Stock Series A,$19.05,0.00,0.00%,525709801.00,United States,,493,Finance,Major Banks
BWEN,Broadwind Inc. Common Stock,$1.44,0.01,0.699%,32140299.00,United States,,32282,Telecommunications,Metal Fabrications
BWFG,Bankwell Financial Group Inc. Common Stock,$30.09,0.09,0.30%,237930988.00,United States,2014,30042,Finance,Major Banks
BWIN,The Baldwin Insurance Group Inc. Class A Common Stock,$43.89,0.77,1.786%,5161152908.00,United States,2019,1595362,Finance,Specialty Insurers
BWMN,Bowman Consulting Group Ltd. Common Stock,$24.33,0.27,1.122%,420024994.00,United States,2021,408323,Consumer Discretionary,Professional Services
BYFC,Broadway Financial Corporation Class A Common Stock,$7.51,-0.1211,-1.587%,68433861.00,United States,,6824,Finance,Savings Institutions
BYND,Beyond Meat Inc. Common Stock,$3.55,0.08,2.305%,270266253.00,United States,2019,6494727,Consumer Staples,Packaged Foods
BYRN,Byrna Technologies Inc. Common Stock,$18.21,-0.82,-4.309%,412400522.00,United States,,2047952,Miscellaneous,Industrial Machinery/Components
BYSI,BeyondSpring Inc. Ordinary Shares,$1.60,-0.07,-4.192%,62446661.00,United States,2017,3645,Health Care,Biotechnology: Pharmaceutical Preparations
BZ,KANZHUN LIMITED American Depository Shares,$19.98,-0.31,-1.528%,8789726595.00,China,2021,4930624,Technology,Computer Software: Programming Data Processing
BZAI,Blaize Holdings Inc. Common Stock,$3.32,0.05,1.529%,356914953.00,United States,2025,3919422,Finance,Blank Checks
BZAIW,Blaize Holdings Inc. Warrants,$0.4316,0.0099,2.348%,46398944.00,United States,2025,150,Finance,Blank Checks
BZFD,BuzzFeed Inc. Class A Common Stock,$2.20,-0.06,-2.655%,84755352.00,United States,2021,180988,Consumer Discretionary,Telecommunications Equipment
BZFDW,BuzzFeed Inc. Warrant,$0.055,-0.0166,-23.184%,2118884.00,United States,2021,29101,Consumer Discretionary,Telecommunications Equipment
BZUN,Baozun Inc. American Depositary Shares,$3.00,-0.055,-1.80%,181202619.00,China,2015,339139,Consumer Discretionary,Catalog/Specialty Distribution
CAAS,China Automotive Systems Inc. Common Stock,$4.53,-0.11,-2.371%,136741230.00,China,,45488,Consumer Discretionary,Auto Parts:O.E.M.
CABA,Cabaletta Bio Inc. Common Stock,$1.74,-0.01,-0.571%,85046265.00,United States,2019,1214440,Health Care,Biotechnology: Biological Products (No Diagnostic Substances)
CAC,Camden National Corporation Common Stock,$41.04,-0.40,-0.965%,692131802.00,United States,,642134,Finance,Major Banks
CACC,Credit Acceptance Corporation Common Stock,$495.49,-2.21,-0.444%,5961560772.00,United States,1992,77028,Finance,Finance: Consumer Services
CADL,Candel Therapeutics Inc. Common Stock,$8.06,-0.19,-2.303%,380717808.00,United States,2021,2515029,Health Care,Biotechnology: Biological Products (No Diagnostic Substances)
CAKE,Cheesecake Factory Incorporated (The) Common Stock,$48.70,0.17,0.35%,2515016243.00,United States,1992,1558896,Consumer Discretionary,Restaurants
CALC,CalciMedica Inc. Common Stock,$2.01,-0.09,-4.286%,27098653.00,United States,2023,20492,Health Care,Biotechnology: Pharmaceutical Preparations
CALM,Cal-Maine Foods Inc. Common Stock,$89.20,0.48,0.541%,4373929760.00,United States,1996,1669303,Consumer Staples,Farming/Seeds/Milling
CAMP,CAMP4 Therapeutics Corporation Common Stock,$5.26,0.26,5.20%,106047244.00,United States,2024,76454,,
CAMT,Camtek Ltd. Ordinary Shares,$66.05,-1.77,-2.61%,3011515008.00,Israel,2000,300605,Technology,Electronic Components
CAN,Canaan Inc. American Depositary Shares,$0.9586,-0.0329,-3.318%,243745054.00,China,2019,23770409,Technology,Semiconductors
CAPR,Capricor Therapeutics Inc. Common Stock,$12.86,-1.50,-10.446%,584743017.00,United States,,2658081,Health Care,Biotechnology: Pharmaceutical Preparations
CAPS,Capstone Holding Corp. Common Stock,$1.72,-0.41,-19.249%,8927232.00,United States,,97830,Health Care,Biotechnology: Pharmaceutical Preparations
CAPT,Captivision Inc. Ordinary Shares,$0.577,-0.0426,-6.875%,16823959.00,United Kingdom,,511150,Miscellaneous,Industrial Machinery/Components
CAPTW,Captivision Inc. Warrant,$0.0161,-0.0035,-17.857%,469438.00,United Kingdom,,100,Miscellaneous,Industrial Machinery/Components
CAR,Avis Budget Group Inc. Common Stock,$60.65,2.73,4.713%,2129448186.00,United States,,1287726,Consumer Discretionary,Rental/Leasing Companies
CARA,Cara Therapeutics Inc. Common Stock,$5.70,0.55,10.68%,26069554.00,United States,2014,29455,Health Care,Biotechnology: Pharmaceutical Preparations
CARE,Carter Bankshares Inc. Common Stock,$16.48,-0.11,-0.663%,381197628.00,United States,,109698,Finance,Major Banks
CARG,CarGurus Inc. Class A Common Stock ,$30.11,0.24,0.803%,3143960069.00,United States,2017,2003210,Technology,EDP Services
CARM,Carisma Therapeutics Inc. Common Stock,$0.4137,-0.0021,-0.505%,17272020.00,United States,2014,48899,Health Care,Biotechnology: Pharmaceutical Preparations
CART,Maplebear Inc. Common Stock,$38.90,-0.03,-0.077%,10294584498.00,United States,2023,13058138,Consumer Discretionary,Business Services
CARV,Carver Bancorp Inc. Common Stock,$1.38,-0.07,-4.828%,7051425.00,United States,,7273,Finance,Savings Institutions
CASH,Pathward Financial Inc. Common Stock,$74.15,0.92,1.256%,1768145753.00,United States,1993,745165,Finance,Major Banks
CASI,CASI Pharmaceuticals Inc. Ordinary Shares,$2.214,-0.086,-3.739%,34229452.00,United States,,3457,Health Care,Biotechnology: Pharmaceutical Preparations
CASK,Heritage Distilling Holding Company Inc. Common Stock,$0.5096,-0.1154,-18.464%,2364994.00,United States,2024,342408,Consumer Staples,Beverages (Production/Distribution)
CASS,Cass Information Systems Inc Common Stock,$42.86,-0.84,-1.922%,578749209.00,United States,,104926,Consumer Discretionary,Business Services
CASY,Casey's General Stores Inc. Common Stock,$404.00,9.16,2.32%,14996077616.00,United States,1983,493290,Consumer Discretionary,Retail-Auto Dealers and Gas Stations
CATY,Cathay General Bancorp Common Stock,$43.28,0.14,0.325%,3041947438.00,United States,,2974843,Finance,Major Banks
CBAT,CBAK Energy Technology Inc. Common Stock,$0.8203,-0.0078,-0.942%,73777505.00,China,,133863,Miscellaneous,Industrial Machinery/Components
CBFV,CB Financial Services Inc. Common Stock,$28.09,-0.10,-0.355%,143851896.00,United States,,28840,Finance,Major Banks
CBLL,CeriBell Inc. Common Stock,$20.42,0.15,0.74%,732431482.00,United States,2024,140416,Health Care,Biotechnology: Electromedical & Electrotherapeutic Apparatus
CBNK,Capital Bancorp Inc. Common Stock,$28.60,-0.30,-1.038%,476305573.00,United States,2018,164103,Finance,Major Banks
CBRL,Cracker Barrel Old Country Store Inc Common Stock,$40.38,-0.47,-1.151%,898999363.00,United States,1981,2408196,Consumer Discretionary,Restaurants
CBSH,Commerce Bancshares Inc. Common Stock,$61.24,-0.20,-0.326%,8198888179.00,United States,,2949267,Finance,Major Banks
CBUS,Cibus Inc. Class A Common Stock,$2.05,-0.14,-6.393%,60614601.00,United States,2017,348734,Industrials,Agricultural Chemicals
CCAP,Crescent Capital BDC Inc. Common stock,$17.63,-0.11,-0.62%,653395074.00,United States,,109880,Finance,Finance: Consumer Services
CCB,Coastal Financial Corporation Common Stock,$84.48,-0.55,-0.647%,1267697587.00,United States,2018,516396,Finance,Major Banks
CCBG,Capital City Bank Group Common Stock,$35.79,-1.17,-3.166%,610373648.00,United States,,71526,Finance,Major Banks
CCCC,C4 Therapeutics Inc. Common Stock,$2.12,-0.07,-3.196%,150498081.00,United States,2020,1009041,Health Care,Biotechnology: Biological Products (No Diagnostic Substances)
CCCS,CCC Intelligent Solutions Holdings Inc. Common Stock,$9.00,-0.05,-0.552%,5911034499.00,United States,,11209891,Technology,Computer Software: Prepackaged Software
CCD,Calamos Dynamic Convertible & Income Fund Common Stock,$21.93,0.14,0.642%,0.00,United States,,28330,Finance,Trusts Except Educational Religious and Charitable
CCEC,Capital Clean Energy Carriers Corp. Common Share,$19.63,0.02,0.102%,1087260806.00,Greece,2007,1432,Consumer Discretionary,Marine Transportation
CCEP,Coca-Cola Europacific Partners plc Ordinary Shares,$84.92,-0.64,-0.748%,39144039169.00,United Kingdom,,13187743,Consumer Staples,Beverages (Production/Distribution)
CCG,Cheche Group Inc. Class A Ordinary Shares,$0.9161,-0.0139,-1.495%,69111234.00,China,,126217,Finance,Specialty Insurers
CCGWW,Cheche Group Inc. Warrant,$0.03,-0.0017,-5.363%,2263221.00,China,,26277,Finance,Specialty Insurers
CCIR,Cohen Circle Acquisition Corp. I Class A Ordinary Shares,$12.47,0.20,1.63%,0.00,United States,2024,318787,,
CCIRU,Cohen Circle Acquisition Corp. I Unit,$13.05,0.06,0.462%,0.00,United States,2024,510,Finance,Blank Checks
CCIRW,Cohen Circle Acquisition Corp. I Warrant,$2.05,0.10,5.128%,0.00,United States,2024,66589,Finance,Blank Checks
CCIX,Churchill Capital Corp IX Ordinary Shares,$10.68,0.00,0.00%,0.00,United States,2024,604,,
CCIXW,Churchill Capital Corp IX Warrant,$0.80,0.1499,23.058%,0.00,United States,2024,55794,,
CCLD,CareCloud Inc. Common Stock,$1.51,-0.07,-4.43%,63897935.00,United States,2014,517129,Technology,Computer Software: Prepackaged Software
CCLDO,CareCloud Inc. 8.75% Series B Cumulative Redeemable Perpetual Preferred Stock,$19.425,-0.0699,-0.359%,821998265.00,United States,,10371,Technology,Computer Software: Prepackaged Software
CCNE,CNB Financial Corporation Common Stock,$22.16,-0.46,-2.034%,464924179.00,United States,,169398,Finance,Major Banks
CCNEP,CNB Financial Corporation Depositary Shares each representing a 1/40th ownership interest in a share of 7.125% Series A Fixed-Rate Non-Cumulative Perpetual Preferred Stock,$24.704,0.00,0.00%,518298146.00,United States,,20,Finance,Major Banks
CCOI,Cogent Communications Holdings Inc.,$68.31,-0.66,-0.957%,3369458582.00,United States,,835980,Consumer Discretionary,Telecommunications Equipment
CCRN,Cross Country Healthcare Inc. Common Stock $0.0001 Par Value,$14.94,0.14,0.946%,490219945.00,United States,2001,977573,Consumer Discretionary,Professional Services
CCSI,Consensus Cloud Solutions Inc. Common Stock,$23.65,-1.04,-4.212%,461780369.00,United States,,261479,Technology,Computer Software: Prepackaged Software
CCTG,CCSC Technology International Holdings Limited Class A Ordinary Shares,$1.73,-0.035,-1.983%,20035563.00,Hong Kong,2024,15697,Consumer Discretionary,Building Products
CDIO,Cardio Diagnostics Holdings Inc. Common stock,$0.45,0.01,2.273%,18197915.00,United States,2022,685356,Health Care,Biotechnology: In Vitro & In Vivo Diagnostic Substances
CDIOW,Cardio Diagnostics Holdings Inc. Warrant,$0.0351,0.0051,17.00%,1419437.00,United States,2022,19566,Health Care,Biotechnology: In Vitro & In Vivo Diagnostic Substances
CDLX,Cardlytics Inc. Common Stock,$2.48,0.15,6.438%,129171356.00,United States,2018,1184593,Technology,Computer Software: Programming Data Processing
CDNA,CareDx Inc. Common Stock,$19.32,0.42,2.222%,1070828369.00,United States,2014,778452,Health Care,Medical Specialities
CDNS,Cadence Design Systems Inc. Common Stock,$262.42,3.92,1.516%,71931421360.00,United States,,5699876,Technology,Computer Software: Prepackaged Software
CDRO,Codere Online Luxembourg S.A. Ordinary Shares,$7.37,0.26,3.657%,333861000.00,Luxembourg,,13628,Consumer Discretionary,Services-Misc. Amusement & Recreation
CDT,Conduit Pharmaceuticals Inc. Common Stock,$0.8261,-0.0531,-6.04%,1270791.00,United States,2022,580643,Health Care,Biotechnology: Pharmaceutical Preparations
CDTG,CDT Environmental Technology Investment Holdings Limited ordinary shares,$1.80,-0.01,-0.552%,19260000.00,China,2024,83478,Industrials,Miscellaneous
CDTTW,Conduit Pharmaceuticals Inc. Warrant,$0.0125,0.00,0.00%,19229.00,United States,2022,20191,Health Care,Biotechnology: Pharmaceutical Preparations
CDTX,Cidara Therapeutics Inc. Common Stock,$22.47,-0.63,-2.727%,246124920.00,United States,2015,197853,Health Care,Biotechnology: Biological Products (No Diagnostic Substances)
CDW,CDW Corporation Common Stock,$165.57,-2.52,-1.499%,21936745641.00,United States,2013,2061002,Consumer Discretionary,Catalog/Specialty Distribution
CDXS,Codexis Inc. Common Stock,$2.55,0.00,0.00%,211235143.00,United States,2010,1449683,Industrials,Major Chemicals
CDZI,CADIZ Inc. Common Stock,$3.44,-0.04,-1.149%,258633325.00,United States,,493889,Utilities,Water Supply
CDZIP,Cadiz Inc. Depositary Shares,$18.90,-0.2399,-1.253%,1420979603.00,United States,,3046,Utilities,Water Supply
CEAD,CEA Industries Inc. Common Stock,$8.59,0.59,7.375%,6799672.00,United States,,32760,Industrials,Industrial Machinery/Components
CECO,CECO Environmental Corp. Common Stock,$24.31,0.41,1.715%,850606560.00,United States,1998,786976,Industrials,Pollution Control Equipment
CEG,Constellation Energy Corporation Common Stock ,$222.48,3.04,1.385%,69602257737.00,United States,,3733473,Utilities,Electric Utilities: Central
CELC,Celcuity Inc. Common Stock,$10.50,0.03,0.287%,389860338.00,United States,2017,689440,Health Care,Medical Specialities
CELH,Celsius Holdings Inc. Common Stock,$32.93,1.68,5.376%,7742822141.00,United States,,10129011,Consumer Staples,Beverages (Production/Distribution)
CELU,Celularity Inc. Class A Common Stock,$1.82,0.09,5.202%,40921315.00,United States,2019,89872,Health Care,Biotechnology: Pharmaceutical Preparations
CELUW,Celularity Inc. Warrant,$0.06,0.0004,0.671%,1349054.00,United States,2019,2599,Health Care,Biotechnology: Pharmaceutical Preparations
CELZ,Creative Medical Technology Holdings Inc. Common Stock,$2.88,0.10,3.597%,5035473.00,United States,,57383,Finance,Finance: Consumer Services
CENN,Cenntro Inc. Common Stock,$0.8841,-0.0397,-4.297%,27289173.00,New Zealand,,138465,Consumer Discretionary,Auto Manufacturing
CENT,Central Garden & Pet Company Common Stock,$33.67,-2.67,-7.347%,2205620656.00,United States,1993,3010816,Consumer Discretionary,Consumer Specialties
CENTA,Central Garden & Pet Company Class A Common Stock Nonvoting,$30.46,-1.96,-6.046%,1995343190.00,United States,,1705084,Consumer Discretionary,Consumer Specialties
CENX,Century Aluminum Company Common Stock,$19.32,-0.79,-3.928%,1783107406.00,United States,1996,1531680,Industrials,Aluminum
CEP,Cantor Equity Partners Inc. Class A Ordinary Shares,$10.48,-0.02,-0.19%,301157200.00,United States,2024,25705,Finance,Investment Managers
CEPO,Cantor Equity Partners I Inc. Class A Ordinary Shares,$10.19,0.01,0.098%,0.00,United States,2025,2722,Finance,Blank Checks
CERO,CERo Therapeutics Holdings Inc. Common Stock,$0.9084,-0.0516,-5.375%,2361840.00,United States,2021,61983,Health Care,Biotechnology: Biological Products (No Diagnostic Substances)
CEROW,CERo Therapeutics Holdings Inc. Warrants,$0.0116,-0.0008,-6.452%,30160.00,United States,2021,29025,Health Care,Biotechnology: Biological Products (No Diagnostic Substances)
CERS,Cerus Corporation Common Stock,$1.53,0.00,0.00%,284258417.00,United States,1997,1732354,Technology,EDP Services
CERT,Certara Inc. Common Stock,$10.73,0.13,1.226%,1727720726.00,United States,2020,1763236,Technology,Computer Software: Prepackaged Software
CETX,Cemtrex Inc. Common Stock,$1.51,-0.10,-6.211%,2694708.00,United States,,39211,Technology,Electrical Products
CETY,Clean Energy Technologies Inc. Common Stock,$0.63,0.01,1.613%,28338270.00,United States,,132294,Consumer Discretionary,Metal Fabrications
CEVA,CEVA Inc. Common Stock,$28.35,-0.84,-2.878%,674918669.00,United States,,723424,Technology,Computer Software: Programming Data Processing
CFBK,CF Bankshares Inc. Common Stock,$22.20,0.04,0.181%,142020815.00,United States,,18535,Finance,Major Banks
CFFI,C&F Financial Corporation Common Stock,$71.05,-2.74,-3.713%,230192550.00,United States,,11006,Finance,Major Banks
CFFN,Capitol Federal Financial Inc. Common Stock,$5.74,-0.01,-0.174%,762193735.00,United States,,1999563,Finance,Savings Institutions
CFLT,Confluent Inc. Class A Common Stock,$26.50,-0.12,-0.451%,8851424159.00,United States,2021,4685194,Technology,Computer Software: Prepackaged Software
CFSB,CFSB Bancorp Inc. Common Stock,$7.96,0.38,5.013%,52126657.00,United States,2022,3942,Finance,Savings Institutions
CG,The Carlyle Group Inc. Common Stock,$44.13,0.32,0.73%,15939883227.00,United States,2012,3643755,Finance,Investment Managers
CGABL,The Carlyle Group Inc. 4.625% Subordinated Notes due 2061,$17.82,-0.01,-0.056%,6436635375.00,United States,,13360,Finance,Investment Managers
CGBD,Carlyle Secured Lending Inc. Common Stock,$17.13,-0.07,-0.407%,872892810.00,United States,2017,312485,Finance,Finance: Consumer Services
CGBDL,Carlyle Secured Lending Inc. 8.20% Notes due 2028,$25.6649,-0.035,-0.136%,1305020590.00,United States,,2482,,
CGBS,Crown LNG Holdings Limited Ordinary Shares,$0.2348,-0.0052,-2.167%,16196359.00,Jersey,,687162,Utilities,Oil/Gas Transmission
CGBSW,Crown LNG Holdings Limited Warrants,$0.04,0.0046,12.994%,2759175.00,Jersey,,10423,Utilities,Oil/Gas Transmission
CGC,Canopy Growth Corporation Common Shares,$1.11,-0.02,-1.77%,113729589.00,Canada,,5417959,Health Care, Medicinal Chemicals and Botanical Products 
CGEM,Cullinan Therapeutics Inc. Common Stock,$8.52,-0.20,-2.294%,498529278.00,United States,2021,794957,Health Care,Biotechnology: Biological Products (No Diagnostic Substances)
CGEN,Compugen Ltd. Ordinary Shares,$1.57,-0.03,-1.875%,146815382.00,Israel,2000,102794,Health Care,Biotechnology: Biological Products (No Diagnostic Substances)
CGNT,Cognyte Software Ltd. Ordinary Shares,$8.33,-0.02,-0.24%,591401137.00,Israel,,285343,Technology,Computer Software: Prepackaged Software
CGNX,Cognex Corporation Common Stock,$30.92,-0.23,-0.738%,5252247877.00,United States,1989,4113937,Industrials,Industrial Machinery/Components
CGO,Calamos Global Total Return Fund Common Stock,$10.66,-0.01,-0.094%,0.00,United States,2005,23784,Finance,Investment Managers
CGON,CG Oncology Inc. Common stock,$27.05,-0.70,-2.523%,1829382709.00,United States,2024,1637848,,
CGTL,Creative Global Technology Holdings Limited Class A Ordinary Shares,$3.10,-0.16,-4.908%,66456250.00,China,2024,8898,Technology,Retail: Computer Software & Peripheral Equipment
CGTX,Cognition Therapeutics Inc. Common Stock,$0.4549,0.0282,6.609%,18900183.00,United States,2021,566540,Health Care,Biotechnology: Biological Products (No Diagnostic Substances)
CHAR,Charlton Aria Acquisition Corporation Class A Ordinary Shares,$10.07,0.00,0.00%,0.00,United States,2024,275,,
CHARR,Charlton Aria Acquisition Corporation Rights,$0.1801,0.00,0.00%,0.00,United States,2024,25,,
CHCI,Comstock Holding Companies Inc. Class A Common Stock,$7.74,0.96,14.159%,76541077.00,United States,2004,166633,Finance,Real Estate
CHCO,City Holding Company Common Stock,$118.12,0.52,0.442%,1732598216.00,United States,,276787,Finance,Major Banks
CHDN,Churchill Downs Incorporated Common Stock,$112.10,0.09,0.08%,8244738535.00,United States,,925264,Consumer Discretionary,Services-Misc. Amusement & Recreation
CHEF,The Chefs' Warehouse Inc. Common Stock,$52.52,0.43,0.825%,2114872629.00,United States,2011,743880,Consumer Discretionary,Food Distributors
CHEK,Check-Cap Ltd. Ordinary Share,$0.8791,-0.0109,-1.225%,5143412.00,Israel,2015,86230,Health Care,Medical Electronics
CHI,Calamos Convertible Opportunities and Income Fund Common Stock,$10.04,0.00,0.00%,0.00,United States,2002,135755,Finance,Investment Managers
CHKP,Check Point Software Technologies Ltd. Ordinary Shares,$227.97,-1.17,-0.511%,24704772188.00,Israel,1996,1071893,Technology,Computer Software: Prepackaged Software
CHMG,Chemung Financial Corp Common Stock,$46.91,-2.46,-4.983%,224646314.00,United States,,41777,Finance,Major Banks
CHNR,China Natural Resources Inc. Common Stock,$0.5812,0.001,0.172%,5733984.00,Hong Kong,,9446,Basic Materials,Precious Metals
CHR,Cheer Holding Inc. Class A Ordinary Share,$1.70,-0.06,-3.409%,20630466.00,China,2018,7704,Technology,EDP Services
CHRD,Chord Energy Corporation Common Stock,$109.71,-1.08,-0.975%,6541958589.00,United States,,3167969,Energy,Oil & Gas Production
CHRS,Coherus BioSciences Inc. Common Stock,$1.03,0.0836,8.833%,119373754.00,United States,2014,3641210,Health Care,Biotechnology: Biological Products (No Diagnostic Substances)
CHRW,C.H. Robinson Worldwide Inc. Common Stock,$99.95,0.65,0.655%,11864626919.00,United States,1997,7029149,Consumer Discretionary,Oil Refining/Marketing
CHSCL,CHS Inc Class B Cumulative Redeemable Preferred Stock Series 4,$25.51,-0.08,-0.313%,313058797.00,United States,,30943,Industrials,Farming/Seeds/Milling
CHSCM,CHS Inc Class B Reset Rate Cumulative Redeemable Preferred Stock Series 3,$24.95,0.00,0.00%,306186475.00,United States,,14774,Industrials,Farming/Seeds/Milling
CHSCN,CHS Inc Preferred Class B Series 2 Reset Rate,$25.17,-0.11,-0.435%,308886316.00,United States,,12019,Industrials,Farming/Seeds/Milling
CHSCO,CHS Inc. Class B Cumulative Redeemable Preferred Stock,$26.38,-0.0151,-0.057%,323735439.00,United States,,18888,Industrials,Farming/Seeds/Milling
CHSCP,CHS Inc. 8%  Cumulative Redeemable Preferred Stock,$28.00,-0.01,-0.036%,343616084.00,United States,,5687,Industrials,Farming/Seeds/Milling
CHSN,Chanson International Holding Class A Ordinary Shares,$0.231,-0.005,-2.119%,2870249.00,China,2023,208454,Consumer Staples,Packaged Foods
CHTR,Charter Communications Inc. Class A Common Stock New,$363.81,1.23,0.339%,51641529607.00,United States,,1569789,Telecommunications,Cable & Other Pay Television Services
CHW,Calamos Global Dynamic Income Fund Common Stock,$6.575,-0.045,-0.68%,0.00,United States,2007,176902,Finance,Investment Managers
CHX,ChampionX Corporation Common Stock ,$29.54,-0.06,-0.203%,5636232000.00,United States,,7197876,Industrials,Industrial Machinery/Components
CHY,Calamos Convertible and High Income Fund Common Stock,$10.43,0.06,0.579%,0.00,United States,2003,106431,Finance,Investment Managers
CIFR,Cipher Mining Inc. Common Stock,$2.92,-0.08,-2.667%,1055666047.00,United States,2020,13746150,Finance,Finance: Consumer Services
CIFRW,Cipher Mining Inc. Warrant,$0.458,-0.032,-6.531%,165580496.00,United States,2020,106022,Finance,Finance: Consumer Services
CIGI,Colliers International Group Inc. Subordinate Voting Shares,$122.67,-1.12,-0.905%,6187523868.00,Canada,,144903,Finance,Real Estate
CINF,Cincinnati Financial Corporation Common Stock,$145.62,-0.60,-0.41%,22793018036.00,United States,,3566818,Finance,Property-Casualty Insurers
CING,Cingulate Inc. Common Stock,$3.96,-0.13,-3.178%,12720443.00,United States,2021,129615,Health Care,Biotechnology: Pharmaceutical Preparations
CINGW,Cingulate Inc. Warrants,$0.0462,0.0111,31.624%,148405.00,United States,2021,29651,Health Care,Biotechnology: Pharmaceutical Preparations
CISO,CISO Global Inc. Common Stock,$0.525,0.045,9.375%,6206480.00,United States,,2228352,Consumer Discretionary,Professional Services
CISS,C3is Inc. Common Stock,$0.702,-0.007,-0.987%,2975816.00,Greece,,25161,Consumer Discretionary,Marine Transportation
CIVB,Civista Bancshares Inc. Common Stock,$19.53,-0.11,-0.56%,302314342.00,United States,,72613,Finance,Major Banks
CJET,Chijet Motor Company Inc. Ordinary Shares,$1.81,0.05,2.841%,9695998.00,Cayman Islands,,17905,Consumer Discretionary,Auto Manufacturing
CJMB,Callan JMB Inc. Common Stock,$5.13,-0.22,-4.112%,21956400.00,United States,2025,81723,Consumer Discretionary,Business Services
CKPT,Checkpoint Therapeutics Inc. Common Stock,$4.07,0.01,0.246%,198748275.00,United States,,980428,Health Care,Biotechnology: Pharmaceutical Preparations
CLAR,Clarus Corporation Common Stock,$3.89,-0.06,-1.519%,149228810.00,United States,,252447,Consumer Discretionary,Recreational Games/Products/Toys
CLBK,Columbia Financial Inc. Common Stock,$15.01,-0.14,-0.924%,1571999236.00,United States,2018,386447,Finance,Savings Institutions
CLBT,Cellebrite DI Ltd. Ordinary Shares,$19.23,0.19,0.998%,4605009292.00,Israel,,944358,Technology,Computer Software: Prepackaged Software
CLDX,Celldex Therapeutics Inc.,$19.64,-0.24,-1.207%,1303778048.00,United States,,1356153,Health Care,Biotechnology: In Vitro & In Vivo Diagnostic Substances
CLEU,China Liberal Education Holdings Limited Ordinary Shares,$2.58,0.30,13.158%,8685738.00,China,2020,154493,Real Estate,Other Consumer Services
CLFD,Clearfield Inc. Common Stock,$31.27,-0.28,-0.887%,441893162.00,United States,,116235,Utilities,Telecommunications Equipment
CLGN,CollPlant Biotechnologies Ltd Ordinary Shares,$3.10,0.0267,0.869%,35503283.00,Israel,,62466,Health Care,Industrial Specialties
CLIK,Click Holdings Limited Ordinary Share,$2.76,0.71,34.634%,41124000.00,Hong Kong,2024,1069379,Consumer Discretionary,Diversified Commercial Services
CLIR,ClearSign Technologies Corporation Common Stock (DE),$0.7747,-0.0153,-1.937%,38916595.00,United States,2012,28471,Industrials,Industrial Machinery/Components
CLLS,Cellectis S.A. American Depositary Shares,$1.30,0.03,2.362%,93722035.00,France,2015,99277,Health Care,Biotechnology: Pharmaceutical Preparations
CLMB,Climb Global Solutions Inc. Common Stock,$117.38,1.58,1.364%,539630487.00,United States,,57035,Technology,Retail: Computer Software & Peripheral Equipment
CLMT,Calumet Inc. Common Stock,$12.72,-0.66,-4.933%,1096554541.00,United States,2006,3140072,Energy,Integrated oil Companies
CLNE,Clean Energy Fuels Corp. Common Stock,$1.67,-0.08,-4.571%,373420604.00,United States,2007,5988725,Utilities,Natural Gas Distribution
CLNN,Clene Inc. Common Stock,$4.14,-0.13,-3.044%,33036066.00,United States,,30198,Health Care,Biotechnology: Pharmaceutical Preparations
CLOV,Clover Health Investments Corp. Class A Common Stock,$3.72,0.06,1.639%,1900572954.00,United States,,4654713,Health Care,Medical Specialities
CLPS,CLPS Incorporation Common Stock,$1.24,0.085,7.359%,34522430.00,China,2018,6394,Technology,Computer Software: Prepackaged Software
CLPT,ClearPoint Neuro Inc. Common Stock,$13.38,-0.29,-2.121%,369720602.00,United States,,203918,Health Care,Medical/Dental Instruments
CLRB,Cellectar Biosciences Inc.  Common Stock,$0.369,-0.0111,-2.92%,17003474.00,United States,,1307925,Health Care,Biotechnology: Pharmaceutical Preparations
CLRC,ClimateRock Class A Ordinary Shares,$12.01,0.00,0.00%,0.00,United Kingdom,2022,3,Finance,Blank Checks
CLRCW,ClimateRock Warrant,$0.0196,0.00,0.00%,0.00,United Kingdom,2022,20,Finance,Blank Checks
CLRO,ClearOne Inc. (DE) Common Stock,$0.633,0.01,1.605%,15172471.00,United States,,252509,Utilities,Telecommunications Equipment
CLSD,Clearside Biomedical Inc. Common Stock,$1.005,-0.005,-0.495%,76222722.00,United States,2016,120284,Health Care,Biotechnology: Pharmaceutical Preparations
CLSK,CleanSpark Inc. Common Stock,$7.44,-0.31,-4.00%,2089208589.00,United States,,87802425,Finance,Finance: Consumer Services
CLSKW,CleanSpark Inc. Warrant,$0.34,0.01,3.03%,95474586.00,United States,,171550,Finance,Finance: Consumer Services
CLST,Catalyst Bancorp Inc. Common Stock,$11.66,0.10,0.865%,50632699.00,United States,2021,1322,Finance,Savings Institutions
CLWT,Euro Tech Holdings Company Limited Common Stock,$1.25,0.05,4.167%,9645374.00,Hong Kong,1997,7194,Consumer Discretionary,Professional and commerical equipment
CLYM,Climb Bio Inc. Common Stock,$1.30,0.02,1.563%,87390888.00,United States,2021,213407,Health Care,Biotechnology: Pharmaceutical Preparations
CMBM,Cambium Networks Corporation Ordinary Shares,$0.7873,0.0233,3.05%,22236350.00,Cayman Islands,2019,45647,Technology,Radio And Television Broadcasting And Communications Equipment
CMCO,Columbus McKinnon Corporation Common Stock,$18.46,-0.27,-1.442%,528187304.00,United States,1996,774008,Industrials,Construction/Ag Equipment/Trucks
CMCSA,Comcast Corporation Class A Common Stock,$36.75,0.25,0.685%,138952580587.00,United States,,54564477,Telecommunications,Cable & Other Pay Television Services
CMCT,Creative Media & Community Trust Corporation Common stock,$0.2463,-0.0172,-6.528%,3268441.00,United States,,417195,Real Estate,Real Estate Investment Trusts
CME,CME Group Inc. Class A Common Stock,$263.35,-3.19,-1.197%,94900098115.00,United States,2002,7238698,Finance,Investment Bankers/Brokers/Service
CMLS,Cumulus Media Inc. Class A Common Stock,$0.4513,0.0084,1.897%,7775798.00,United States,,265128,Consumer Discretionary,Broadcasting
CMMB,Chemomab Therapeutics Ltd. American Depositary Share,$1.28,-0.07,-5.185%,18182061.00,Israel,2019,65491,Health Care,Biotechnology: Pharmaceutical Preparations
CMND,Clearmind Medicine Inc. Common Shares,$1.12,-0.05,-4.274%,4909223.00,Canada,,383313,Health Care,Biotechnology: Pharmaceutical Preparations
CMPO,CompoSecure Inc. Class A Common Stock,$11.30,-0.11,-0.964%,1156125385.00,United States,2020,1548540,Finance,Finance: Consumer Services
CMPOW,CompoSecure Inc. Warrant,$4.10,-0.05,-1.205%,419479122.00,United States,2020,6508,Finance,Finance: Consumer Services
CMPR,Cimpress plc Ordinary Shares (Ireland),$43.32,-0.84,-1.902%,1075225923.00,Netherlands,2005,329975,Consumer Discretionary,Publishing
CMPS,COMPASS Pathways Plc American Depository Shares,$3.10,0.135,4.553%,287286709.00,United Kingdom,2020,1905180,Health Care,Biotechnology: Pharmaceutical Preparations
CMPX,Compass Therapeutics Inc. Common Stock,$2.31,0.07,3.125%,319432570.00,United States,,1021094,Health Care,Biotechnology: Biological Products (No Diagnostic Substances)
CMRX,Chimerix Inc. Common Stock,$8.50,0.03,0.354%,764456451.00,United States,2013,3192531,Health Care,Biotechnology: Pharmaceutical Preparations
CMTL,Comtech Telecommunications Corp. Common Stock,$1.94,0.01,0.518%,56932402.00,United States,,376186,Technology,Radio And Television Broadcasting And Communications Equipment
CNCK,Coincheck Group N.V. Ordinary Shares,$6.04,0.29,5.043%,783406579.00,Netherlands,,20780,Finance,Finance: Consumer Services
CNDT,Conduent Incorporated Common Stock ,$3.05,0.08,2.694%,493581921.00,United States,,2497364,Consumer Discretionary,Business Services
CNET,ZW Data Action Technologies Inc. Common Stock,$1.49,0.001,0.067%,3242557.00,China,,3269,Technology,Computer Software: Programming Data Processing
CNEY,CN Energy Group Inc. Class A Ordinary Shares,$0.158,-0.0073,-4.416%,415914.00,China,2021,616924,Industrials,Major Chemicals
CNFR,Conifer Holdings Inc. Common Stock,$0.7102,-0.0208,-2.845%,8680690.00,United States,2015,3609,Finance,Property-Casualty Insurers
CNOB,ConnectOne Bancorp Inc. Common Stock,$23.55,-0.04,-0.17%,903713894.00,United States,,433471,Finance,Major Banks
CNOBP,ConnectOne Bancorp Inc. Depositary Shares each representing a 1/40th interest in a share of 5.25% Fixed-Rate Reset Non-Cumulative Perpetual Preferred Stock Series A,$23.00,0.01,0.043%,882608049.00,United States,,1594,Finance,Major Banks
CNSP,CNS Pharmaceuticals Inc. Common Stock,$3.71,0.09,2.486%,5562221.00,United States,2019,109485,Health Care,Biotechnology: Pharmaceutical Preparations
CNTA,Centessa Pharmaceuticals plc American Depositary Shares,$15.75,-0.54,-3.315%,2076566247.00,United Kingdom,2021,1555583,Health Care,Biotechnology: Pharmaceutical Preparations
CNTB,Connect Biopharma Holdings Limited American Depositary Shares,$0.815,-0.0103,-1.248%,44908908.00,China,2021,457,Health Care,Biotechnology: Pharmaceutical Preparations
CNTM,ConnectM Technology Solutions Inc. Common Stock,$0.5785,-0.0215,-3.583%,12292579.00,United States,2022,452940,Consumer Discretionary,Engineering & Construction
CNTX,Context Therapeutics Inc. Common Stock,$0.7718,0.0016,0.208%,57883697.00,United States,2021,60567,Health Care,Biotechnology: Pharmaceutical Preparations
CNTY,Century Casinos Inc. Common Stock,$1.80,-0.04,-2.174%,55228685.00,United States,,81191,Consumer Discretionary,Hotels/Resorts
CNVS,Cineverse Corp. Class A Common Stock,$3.54,0.11,3.207%,56567635.00,United States,,23957,Consumer Discretionary,Consumer Electronics/Video Chains
CNXC,Concentrix Corporation Common Stock,$44.93,-0.13,-0.289%,2893426088.00,United States,,1035634,Technology,Computer Software: Prepackaged Software
CNXN,PC Connection Inc. Common Stock,$61.62,-0.57,-0.917%,1611980063.00,United States,,724004,Consumer Discretionary,Catalog/Specialty Distribution
COCH,Envoy Medical Inc. Class A Common Stock,$1.43,0.00,0.00%,28950157.00,United States,2021,27997,Health Care,Industrial Specialties
COCHW,Envoy Medical Inc Warrant,$0.0285,0.001,3.636%,576979.00,United States,2021,9364,Health Care,Industrial Specialties
COCO,The Vita Coco Company Inc. Common Stock,$35.51,-0.06,-0.169%,2023579713.00,United States,2021,697154,Consumer Staples,Beverages (Production/Distribution)
COCP,Cocrystal Pharma Inc. Common Stock,$1.56,0.01,0.645%,15871112.00,United States,,8446,Health Care,Biotechnology: Pharmaceutical Preparations
CODA,Coda Octopus Group Inc. Common stock,$6.69,-0.043,-0.639%,75130359.00,United States,,21493,Industrials,Industrial Machinery/Components
CODX,Co-Diagnostics Inc. Common Stock,$0.461,-0.028,-5.726%,14719616.00,United States,2017,165334,Health Care,Medical/Dental Instruments
COEP,Coeptis Therapeutics Holdings Inc. Common Stock,$9.50,-0.30,-3.061%,19531335.00,United States,2020,30558,Health Care,Biotechnology: Biological Products (No Diagnostic Substances)
COEPW,Coeptis Therapeutics Holdings Inc. Warrants,$0.0235,-0.0002,-0.844%,48314.00,United States,2020,841,Health Care,Biotechnology: Biological Products (No Diagnostic Substances)
COFS,ChoiceOne Financial Services Inc. Common Stock,$28.51,-0.44,-1.52%,255700032.00,United States,,86991,Finance,Major Banks
COGT,Cogent Biosciences Inc. Common Stock,$7.16,-0.13,-1.783%,815166644.00,United States,2018,1663460,Health Care,Biotechnology: Pharmaceutical Preparations
COHU,Cohu Inc. Common Stock,$16.56,-0.33,-1.954%,773518146.00,United States,,942654,Industrials,Electrical Products
COIN,Coinbase Global Inc. Class A Common Stock,$189.86,-0.52,-0.273%,48201555605.00,United States,,7344825,Finance,Finance: Consumer Services
COKE,Coca-Cola Consolidated Inc. Common Stock,$1300.63,-12.98,-0.988%,11338611404.00,United States,1972,164724,Consumer Staples,Beverages (Production/Distribution)
COLA,Columbus Acquisition Corp Ordinary Shares,$9.98,0.01,0.10%,0.00,Singapore,2025,50338,,
COLB,Columbia Banking System Inc. Common Stock,$24.72,0.10,0.406%,5182524022.00,United States,1992,3923325,Finance,Savings Institutions
COLL,Collegium Pharmaceutical Inc. Common Stock,$30.05,0.12,0.401%,946139966.00,United States,2015,2287760,Health Care,Biotechnology: Pharmaceutical Preparations
COLM,Columbia Sportswear Company Common Stock,$76.57,0.21,0.275%,4237600263.00,United States,1998,2338194,Consumer Discretionary,Apparel
COMM,CommScope Holding Company Inc. Common Stock,$5.60,0.11,2.004%,1212720029.00,United States,2013,8729237,Technology,Radio And Television Broadcasting And Communications Equipment
COO,The Cooper Companies Inc. Common Stock,$81.71,1.32,1.642%,16340462463.00,United States,,3706371,Health Care,Ophthalmic Goods
COOP,Mr. Cooper Group Inc. Common Stock,$104.19,-1.40,-1.326%,6625923458.00,United States,,1339450,Finance,Finance: Consumer Services
COOT,Australian Oilseeds Holdings Limited Ordinary Shares,$1.35,-0.009,-0.662%,31352538.00,Australia,,2638,Consumer Staples,Packaged Foods
COOTW,Australian Oilseeds Holdings Limited Warrant,$0.0345,0.00,0.00%,801232.00,Australia,,50,Consumer Staples,Packaged Foods
CORT,Corcept Therapeutics Incorporated Common Stock,$58.66,1.07,1.858%,6188831321.00,United States,2004,1943524,Health Care,Biotechnology: Pharmaceutical Preparations
CORZ,Core Scientific Inc. Common Stock,$8.51,-0.08,-0.931%,2502983232.00,United States,,14238729,Finance,Finance: Consumer Services
CORZW,Core Scientific Inc. Tranche 1 Warrants,$3.91,0.08,2.089%,1150019323.00,United States,,315828,Finance,Finance: Consumer Services
CORZZ,Core Scientific Inc. Tranche 2 Warrants,$8.45,-0.04,-0.471%,2485335877.00,United States,,5240,Finance,Finance: Consumer Services
COSM,Cosmos Health Inc. Common Stock,$0.486,-0.0266,-5.189%,11346180.00,United States,,50314,Health Care,Other Pharmaceuticals
COST,Costco Wholesale Corporation Common Stock,$909.26,13.86,1.548%,403423529186.00,United States,,3447576,Consumer Discretionary,Department/Specialty Retail Stores
COYA,Coya Therapeutics Inc. Common Stock,$6.68,0.21,3.246%,111722987.00,United States,2022,49791,Health Care,Biotechnology: Pharmaceutical Preparations
CPB,The Campbell's Company Common Stock,$38.08,0.10,0.263%,11354765457.00,United States,,10776262,Consumer Staples,Packaged Foods
CPBI,Central Plains Bancshares Inc. Common Stock,$15.00,0.15,1.01%,63631575.00,United States,2023,3847,Finance,Savings Institutions
CPHC,Canterbury Park Holding Corporation 'New' Common Stock,$18.93,-0.07,-0.368%,95391204.00,United States,,1866,Consumer Discretionary,Services-Misc. Amusement & Recreation
CPIX,Cumberland Pharmaceuticals Inc. Common Stock,$4.59,-0.29,-5.943%,64114928.00,United States,2009,85495,Health Care,Biotechnology: Pharmaceutical Preparations
CPOP,Pop Culture Group Co. Ltd Class A Ordinary Shares,$0.658,-0.002,-0.303%,9829889.00,China,2021,46970,Consumer Discretionary,Services-Misc. Amusement & Recreation
CPRT,Copart Inc. (DE) Common Stock,$53.63,-0.22,-0.409%,51811565230.00,United States,1994,5952411,Consumer Discretionary,Retail-Auto Dealers and Gas Stations
CPRX,Catalyst Pharmaceuticals Inc. Common Stock,$24.23,1.07,4.62%,2942725141.00,United States,2006,4924150,Health Care,Biotechnology: Pharmaceutical Preparations
CPSH,CPS Technologies Corp. Common Stock,$1.78,0.12,7.229%,25856209.00,United States,,49610,Consumer Discretionary,Building Materials
CPSS,Consumer Portfolio Services Inc. Common Stock,$8.92,-0.06,-0.668%,191273326.00,United States,1992,51458,Finance,Finance: Consumer Services
CPZ,Calamos Long/Short Equity & Dynamic Income Trust Common Stock,$15.655,-0.085,-0.54%,307341997.00,United States,2019,84471,Finance,Trusts Except Educational Religious and Charitable
CRAI,CRA International Inc. Common Stock,$175.92,-1.92,-1.08%,1194770707.00,United States,1998,63088,Consumer Discretionary,Other Consumer Services
CRBP,Corbus Pharmaceuticals Holdings Inc. Common Stock,$5.75,-0.25,-4.167%,70335311.00,United States,,428332,Health Care,Biotechnology: Pharmaceutical Preparations
CRBU,Caribou Biosciences Inc. Common Stock,$1.04,0.0401,4.01%,96724786.00,United States,2021,1140790,Health Care,Biotechnology: Biological Products (No Diagnostic Substances)
CRCT,Cricut Inc. Class A Common Stock,$5.36,-0.03,-0.557%,1139237116.00,United States,2021,418798,Technology,Industrial Machinery/Components
CRDF,Cardiff Oncology Inc. Common Stock,$3.75,-0.01,-0.266%,249466103.00,United States,,3857351,Health Care,Biotechnology: Biological Products (No Diagnostic Substances)
CRDL,Cardiol Therapeutics Inc. Class A Common Shares,$1.12,-0.07,-5.882%,91395833.00,Canada,,72967,Health Care,Biotechnology: Biological Products (No Diagnostic Substances)
CRDO,Credo Technology Group Holding Ltd Ordinary Shares,$46.34,-0.15,-0.323%,7868588349.00,United States,2022,3273357,Technology,Semiconductors
CREG,Smart Powerr Corp. Common Stock,$0.7347,0.0247,3.479%,6440275.00,China,,15131,Consumer Discretionary,Business Services
CRESW,Cresud S.A.C.I.F. y A. Warrant,$0.80,-0.02,-2.439%,477084256.00,Argentina,,19232,Finance,Real Estate
CRESY,Cresud S.A.C.I.F. y A. American Depositary Shares,$11.11,0.12,1.092%,662550761.00,Argentina,1997,204023,Finance,Real Estate
CREV,Carbon Revolution Public Limited Ordinary Shares,$2.99,0.24,8.727%,5606800.00,Ireland,,48125,Consumer Discretionary,Auto Parts:O.E.M.
CREVW,Carbon Revolution Public Limited Company Warrant,$0.0447,0.0096,27.35%,83821.00,Ireland,,4819,Consumer Discretionary,Auto Parts:O.E.M.
CREX,Creative Realities Inc. Common Stock,$2.04,-0.06,-2.857%,21311184.00,United States,,26743,Technology,EDP Services
CRGO,Freightos Limited Ordinary shares,$2.51,-0.075,-2.901%,120215667.00,Israel,,105255,Consumer Discretionary,Oil Refining/Marketing
CRGOW,Freightos Limited Warrants,$0.23,-0.0199,-7.963%,11015778.00,Israel,,2504,Consumer Discretionary,Oil Refining/Marketing
CRGX,CARGO Therapeutics Inc. Common Stock,$4.18,-0.01,-0.239%,192498898.00,United States,2023,976987,,
CRIS,Curis Inc. Common Stock,$2.66,-0.09,-3.273%,22522106.00,United States,,10484,Health Care,Biotechnology: Biological Products (No Diagnostic Substances)
CRMD,CorMedix Inc. Common Stock,$10.91,0.05,0.46%,661988296.00,United States,,1070219,Health Care,Biotechnology: Pharmaceutical Preparations
CRML,Critical Metals Corp. Ordinary Shares,$1.61,-0.22,-12.022%,146046594.00,British Virgin Islands,,978880,Basic Materials,Metal Mining
CRMLW,Critical Metals Corp. Warrants,$0.2399,0.0032,1.352%,21761850.00,British Virgin Islands,,20411,Basic Materials,Metal Mining
CRMT,America's Car-Mart Inc Common Stock,$47.59,-0.49,-1.019%,393182346.00,United States,,122015,Consumer Discretionary,Retail-Auto Dealers and Gas Stations
CRNC,Cerence Inc. Common Stock,$9.57,0.00,0.00%,413414363.00,United States,,1380315,Technology,Computer Software: Prepackaged Software
CRNT,Ceragon Networks Ltd. Ordinary Shares,$2.53,0.02,0.797%,216108352.00,Israel,,602878,Technology,Radio And Television Broadcasting And Communications Equipment
CRNX,Crinetics Pharmaceuticals Inc. Common Stock,$34.42,0.09,0.262%,3202730678.00,United States,2018,2323007,Health Care,Biotechnology: Pharmaceutical Preparations
CRON,Cronos Group Inc. Common Share,$1.79,-0.03,-1.648%,684282498.00,Canada,,2332688,Health Care, Medicinal Chemicals and Botanical Products 
CROX,Crocs Inc. Common Stock,$104.59,-0.89,-0.844%,5862913670.00,United States,2006,4147963,Consumer Discretionary,Shoe Manufacturing
CRSP,CRISPR Therapeutics AG Common Shares,$41.22,0.05,0.121%,3535623818.00,Switzerland,2016,1540007,Health Care,Biotechnology: Biological Products (No Diagnostic Substances)
CRSR,Corsair Gaming Inc. Common Stock,$10.07,0.13,1.308%,1055891854.00,United States,2020,1460363,Technology,Computer peripheral equipment
CRTO,Criteo S.A. American Depositary Shares,$36.88,0.38,1.041%,2004188132.00,France,2013,748450,Consumer Discretionary,Advertising
CRUS,Cirrus Logic Inc. Common Stock,$99.79,-0.08,-0.08%,5303332265.00,United States,1989,2452191,Technology,Semiconductors
CRVL,CorVel Corp. Common Stock,$107.86,0.54,0.503%,5539596625.00,United States,,292339,Finance,Specialty Insurers
CRVO,CervoMed Inc. Common Stock,$14.29,2.73,23.616%,124361855.00,United States,,7329829,Health Care,Biotechnology: Pharmaceutical Preparations
CRVS,Corvus Pharmaceuticals Inc. Common Stock,$4.31,0.10,2.375%,276948752.00,United States,2016,686298,Health Care,Biotechnology: Pharmaceutical Preparations
CRWD,CrowdStrike Holdings Inc. Class A Common Stock,$362.24,-6.79,-1.84%,89789665850.00,United States,2019,8119531,Technology,Computer Software: Prepackaged Software
CRWS,Crown Crafts Inc Common Stock,$3.86,0.00,0.00%,40119840.00,United States,,14458,Consumer Discretionary,Textiles
CSAI,Cloudastructure Inc. Class A Common Stock,$6.31,-0.33,-4.97%,92072706.00,United States,,366567,Technology,Computer Software: Programming Data Processing
CSBR,Champions Oncology Inc. Common Stock,$9.58,-0.56,-5.523%,132461740.00,United States,,32622,Health Care,Biotechnology: Biological Products (No Diagnostic Substances)
CSCI,COSCIENS Biopharma Inc. Common Stock,$3.20,-0.23,-6.706%,9989526.00,Canada,,25829,Health Care,Biotechnology: Pharmaceutical Preparations
CSCO,Cisco Systems Inc. Common Stock (DE),$60.30,-0.32,-0.528%,239891033650.00,United States,1990,65935195,Telecommunications,Computer Communications Equipment
CSGP,CoStar Group Inc. Common Stock,$78.46,-0.56,-0.709%,32178455361.00,United States,1998,4383943,Consumer Discretionary,Business Services
CSGS,CSG Systems International Inc. Common Stock,$59.81,-0.48,-0.796%,1724888641.00,United States,1996,1156023,Technology,EDP Services
CSIQ,Canadian Solar Inc. Common Shares (ON),$9.96,-0.19,-1.872%,658941060.00,Canada,2006,1736680,Technology,Semiconductors
CSLR,Complete Solaria Inc. Common Stock,$1.49,-0.02,-1.325%,109913229.00,United States,,600435,Technology,Semiconductors
CSLRW,Complete Solaria Inc. Warrants,$0.1599,-0.0023,-1.418%,11795386.00,United States,,5040,Technology,Semiconductors
CSPI,CSP Inc. Common Stock,$16.98,-0.34,-1.963%,167769413.00,United States,1982,20779,Technology,EDP Services
CSQ,Calamos Strategic Total Return Common Stock,$16.59,0.02,0.121%,2635945649.00,United States,2004,189913,Finance,Finance Companies
CSTE,Caesarstone Ltd. Ordinary Shares,$2.75,0.01,0.365%,95028524.00,Israel,2012,137597,Industrials,Building Materials
CSTL,Castle Biosciences Inc. Common Stock,$20.52,0.45,2.242%,585109517.00,United States,2019,605750,Health Care,Medical Specialities
CSWC,Capital Southwest Corporation Common Stock,$22.30,0.08,0.36%,1127975032.00,United States,,371895,Consumer Discretionary,Textiles
CSWCZ,Capital Southwest Corporation 7.75% Notes due 2028,$25.7595,0.099,0.386%,1207370871.00,United States,,548,Finance,Finance Companies
CSWI,CSW Industrials Inc. Common Stock,$292.79,0.13,0.044%,4913917993.00,United States,,453570,Industrials,Home Furnishings
CSX,CSX Corporation Common Stock,$29.57,-0.41,-1.368%,56023812330.00,United States,,25369608,Industrials,Railroads
CTAS,Cintas Corporation Common Stock,$191.17,-3.29,-1.692%,77145493480.00,United States,1983,2574800,Consumer Discretionary,Apparel
CTBI,Community Trust Bancorp Inc. Common Stock,$51.26,0.07,0.137%,927896474.00,United States,,154238,Finance,Major Banks
CTHR,Charles & Colvard Ltd Common Stock,$1.01,0.0202,2.041%,3064841.00,United States,1997,5960,Consumer Discretionary,Consumer Specialties
CTKB,Cytek Biosciences Inc. Common Stock,$4.20,0.14,3.448%,538008992.00,United States,2021,2770913,Industrials,Biotechnology: Laboratory Analytical Instruments
CTLP,Cantaloupe Inc. Common Stock,$7.91,0.26,3.399%,577703488.00,United States,,684248,Miscellaneous,Office Equipment/Supplies/Services
CTMX,CytomX Therapeutics Inc. Common Stock,$0.6668,0.0009,0.135%,53410606.00,United States,2015,674859,Health Care,Biotechnology: Pharmaceutical Preparations
CTNM,Contineum Therapeutics Inc. Class A Common Stock,$7.17,0.02,0.28%,185499006.00,United States,2024,134828,Health Care,Biotechnology: Pharmaceutical Preparations
CTNT,Cheetah Net Supply Chain Service Inc. Class A Common Stock,$1.64,-0.005,-0.304%,4382098.00,United States,2023,17998,Consumer Discretionary,Motor Vehicles
CTOR,Citius Oncology Inc. Common Stock,$0.62,0.01,1.639%,44362489.00,United States,2022,15447,Health Care,Biotechnology: Pharmaceutical Preparations
CTRM,Castor Maritime Inc. Common Shares,$2.56,0.04,1.587%,24735711.00,Cyprus,,318011,Consumer Discretionary,Marine Transportation
CTRN,Citi Trends Inc. Common Stock,$21.05,0.94,4.674%,183346005.00,United States,2005,291411,Consumer Discretionary,Clothing/Shoe/Accessory Stores
CTSH,Cognizant Technology Solutions Corporation Class A Common Stock,$76.42,-0.79,-1.023%,37798517580.00,United States,1998,9505345,Technology,EDP Services
CTSO,Cytosorbents Corporation Common Stock,$0.9835,-0.1065,-9.771%,53777356.00,United States,,221158,Health Care,Medical/Dental Instruments
CTXR,Citius Pharmaceuticals Inc. Common Stock,$1.52,-0.03,-1.935%,13062018.00,United States,,56070,Health Care,Biotechnology: Pharmaceutical Preparations
CUB,Lionheart Holdings Class A Ordinary Shares,$10.24,0.00,0.00%,325310218.00,United States,2024,22275,Industrials,Industrial Machinery/Components
CUBA,Herzfeld Caribbean Basin Fund Inc. (The) Common Stock,$2.69,0.05,1.894%,0.00,United States,,87427,Finance,Investment Managers
CUBWU,Lionheart Holdings Unit,$10.40,0.00,0.00%,0.00,United States,2024,1,Finance,Blank Checks
CUBWW,Lionheart Holdings Warrant,$0.121,0.021,21.00%,0.00,United States,2024,1545,,
CUE,Cue Biopharma Inc. Common Stock,$0.9846,0.0246,2.563%,62374732.00,United States,2018,91842,Health Care,Biotechnology: Pharmaceutical Preparations
CURI,CuriosityStream Inc. Class A Common Stock,$3.00,0.00,0.00%,166437570.00,United States,2020,172784,Consumer Discretionary,Movies/Entertainment
CURIW,CuriosityStream Inc. Warrant,$0.0498,0.0048,10.667%,2762864.00,United States,2020,3152,Consumer Discretionary,Movies/Entertainment
CURR,Currenc Group Inc. Ordinary Shares,$1.72,-0.06,-3.371%,80028158.00,Singapore,,210905,Consumer Discretionary,Business Services
CVAC,CureVac N.V. Ordinary Shares,$2.89,-0.08,-2.694%,647327271.00,Germany,2020,973222,Health Care,Biotechnology: Pharmaceutical Preparations
CVBF,CVB Financial Corporation Common Stock,$18.70,0.09,0.484%,2610855048.00,United States,,2580848,Finance,Major Banks
CVCO,Cavco Industries Inc. Common Stock When Issued,$512.89,-8.59,-1.647%,4109863478.00,United States,,196305,Consumer Discretionary,Homebuilding
CVGI,Commercial Vehicle Group Inc. Common Stock,$1.41,-0.09,-6.00%,48843012.00,United States,2004,538285,Consumer Discretionary,Auto Parts:O.E.M.
CVGW,Calavo Growers Inc. Common Stock,$24.06,-0.25,-1.028%,429146358.00,United States,,254194,Consumer Discretionary,Specialty Foods
CVKD,Cadrenal Therapeutics Inc. Common Stock,$19.37,-0.13,-0.667%,36409983.00,United States,2023,31373,Health Care,Biotechnology: Pharmaceutical Preparations
CVLT,Commvault Systems Inc. Common Stock,$161.52,-0.69,-0.425%,7106493321.00,United States,2006,685574,Technology,Computer Software: Prepackaged Software
CVRX,CVRx Inc. Common Stock,$12.49,0.14,1.134%,325190040.00,United States,2021,380641,Health Care,Medical/Dental Instruments
CVV,CVD Equipment Corporation Common Stock,$3.08,-0.08,-2.532%,21196061.00,United States,,32214,Technology,Industrial Machinery/Components
CWBC,Community West Bancshares Common Stock,$18.00,-0.25,-1.37%,342912816.00,United States,,116143,Finance,Major Banks
CWCO,Consolidated Water Co. Ltd. Ordinary Shares,$26.50,-1.10,-3.986%,420682094.00,Cayman Islands,,927891,Utilities,Water Supply
CWD,CaliberCos Inc. Class A Common Stock,$0.60,-0.05,-7.692%,13483662.00,United States,2023,272396,Finance,Real Estate
CWST,Casella Waste Systems Inc. Class A Common Stock,$110.46,-0.33,-0.298%,6998577149.00,United States,1997,587085,Utilities,Environmental Services
CXAI,CXApp Inc. Class A Common Stock,$0.9531,-0.015,-1.549%,15688146.00,United States,2021,257309,Technology,EDP Services
CXAIW,CXApp Inc. Warrant,$0.1499,0.00,0.00%,2467373.00,United States,2021,34,Technology,EDP Services
CXDO,Crexendo Inc. Common Stock,$5.51,0.05,0.916%,153734907.00,United States,,127209,Telecommunications,Telecommunications Equipment
CYBR,CyberArk Software Ltd. Ordinary Shares,$351.76,5.00,1.442%,17397596885.00,Israel,2014,440596,Technology,Computer Software: Prepackaged Software
CYCC,Cyclacel Pharmaceuticals Inc. Common Stock,$0.32,0.0204,6.809%,2011906.00,United States,,297191,Health Care,Biotechnology: Pharmaceutical Preparations
CYCCP,Cyclacel Pharmaceuticals Inc. 6% Convertible Preferred Stock,$6.16,0.00,0.00%,38729183.00,United States,,15,Health Care,Biotechnology: Pharmaceutical Preparations
CYCN,Cyclerion Therapeutics Inc. Common Stock,$2.75,0.04,1.476%,7452764.00,United States,,3553,Health Care,Biotechnology: Pharmaceutical Preparations
CYCU,Cycurion Inc. Common Stock,$0.6812,-0.0488,-6.685%,8091082.00,United States,2025,3231413,Technology,EDP Services
CYCUW,Cycurion Inc. Warrant,$0.0574,0.00,0.00%,681779.00,United States,2025,1540,Technology,EDP Services
CYN,Cyngn Inc. Common Stock,$4.56,-0.08,-1.724%,7988691.00,United States,2021,52593,Technology,EDP Services
CYRX,CryoPort Inc. Common Stock,$5.69,-0.08,-1.386%,283990125.00,United States,,397749,Health Care,Biotechnology: Pharmaceutical Preparations
CYTH,Cyclo Therapeutics Inc. Common Stock,$0.70,0.02,2.941%,20137639.00,United States,,35265,Health Care,Biotechnology: Biological Products (No Diagnostic Substances)
CYTHW,Cyclo Therapeutics Inc. Warrant,$0.092,-0.028,-23.333%,2646661.00,United States,,2050,Health Care,Biotechnology: Biological Products (No Diagnostic Substances)
CYTK,Cytokinetics Incorporated Common Stock,$45.43,2.33,5.406%,5379397601.00,United States,2004,3725459,Health Care,Biotechnology: Pharmaceutical Preparations
CZFS,Citizens Financial Services Inc. Common Stock,$57.60,-2.41,-4.016%,274145530.00,United States,,22036,Finance,Major Banks
CZNC,Citizens & Northern Corp Common Stock,$20.41,-0.22,-1.066%,315662448.00,United States,,67069,Finance,Major Banks
CZR,Caesars Entertainment Inc. Common Stock,$27.36,-0.89,-3.15%,5800684052.00,United States,,9462149,Consumer Discretionary,Hotels/Resorts
CZWI,Citizens Community Bancorp Inc. Common Stock,$14.56,-0.21,-1.422%,145447644.00,United States,2006,19199,Finance,Savings Institutions
DADA,Dada Nexus Limited American Depositary Shares,$1.86,0.005,0.27%,491184784.00,China,2020,969920,Technology,Computer Software: Programming Data Processing
DAIO,Data I/O Corporation Common Stock,$2.50,0.07,2.881%,23090048.00,United States,1981,6258,Industrials,Electrical Products
DAKT,Daktronics Inc. Common Stock,$12.55,-0.12,-0.947%,626160827.00,United States,1994,1041246,Consumer Discretionary,Miscellaneous manufacturing industries
DALN,DallasNews Corporation Series A Common Stock,$5.84,0.17,2.998%,31258542.00,United States,,23742,Consumer Discretionary,Newspapers/Magazines
DARE,Dare Bioscience Inc. Common Stock,$2.895,0.015,0.521%,25187626.00,United States,2014,21295,Health Care,Biotechnology: Pharmaceutical Preparations
DASH,DoorDash Inc. Class A Common Stock,$190.62,-2.31,-1.197%,80078715532.00,United States,,73637391,Consumer Discretionary,Business Services
DATS,DatChat Inc. Common Stock,$2.20,-0.12,-5.172%,6620524.00,United States,2021,90950,Telecommunications,Telecommunications Equipment
DATSW,DatChat Inc. Series A Warrant,$0.238,0.038,19.00%,716220.00,United States,2021,612,Telecommunications,Telecommunications Equipment
DAVE,Dave Inc. Class A Common Stock,$90.57,2.78,3.167%,1185934720.00,United States,,277749,Finance,Finance: Consumer Services
DAVEW,Dave Inc. Warrants,$0.177,0.0074,4.363%,2317660.00,United States,,12660,Finance,Finance: Consumer Services
DAWN,Day One Biopharmaceuticals Inc. Common Stock,$8.23,-0.10,-1.20%,834147667.00,United States,2021,1688303,Health Care,Biotechnology: Pharmaceutical Preparations
DBVT,DBV Technologies S.A. American Depositary Shares,$4.99,-0.29,-5.492%,96308522.00,France,2014,20861,Health Care,Biotechnology: Biological Products (No Diagnostic Substances)
DBX,Dropbox Inc. Class A Common Stock,$26.50,0.13,0.493%,7996387058.00,United States,2018,13899840,Technology,Computer Software: Prepackaged Software
DCBO,Docebo Inc. Common Shares,$30.03,-0.30,-0.989%,907834738.00,Canada,,62547,Technology,Computer Software: Prepackaged Software
DCGO,DocGo Inc. Common Stock,$2.67,-0.09,-3.261%,272293406.00,United States,2020,1439244,Health Care,Medical/Nursing Services
DCOM,Dime Community Bancshares Inc. Common Stock,$27.93,-0.31,-1.098%,1218819814.00,United States,,1203490,Finance,Major Banks
DCOMG,Dime Community Bancshares Inc. 9.000% Fixed-to-Floating Rate Subordinated Notes due 2034,$26.115,0.065,0.25%,1022366655.00,United States,,7599,Finance,Major Banks
DCOMP,Dime Community Bancshares Inc. Fixed-Rate Non-Cumulative Perpetual Preferred Stock Series A,$19.50,-0.1288,-0.656%,850948313.00,United States,,5206,Finance,Major Banks
DCTH,Delcath Systems Inc. Common Stock,$13.72,-0.28,-2.00%,458291053.00,United States,,468763,Health Care,Medical/Dental Instruments
DDI,DoubleDown Interactive Co. Ltd. American Depository Shares,$10.05,0.24,2.446%,498012072.00,South Korea,2021,42877,Technology,EDP Services
DDOG,Datadog Inc. Class A Common Stock,$105.03,1.86,1.803%,36000504600.00,United States,2019,4944694,Technology,Computer Software: Prepackaged Software
DECA,Denali Capital Acquisition Corp. Class A Ordinary Shares,$12.02,-0.03,-0.249%,0.00,United States,2022,2401,Finance,Blank Checks
DECAW,Denali Capital Acquisition Corp. Warrant,$0.057,0.00,0.00%,0.00,United States,2022,60,Finance,Blank Checks
DENN,Denny's Corporation Common Stock,$3.91,-0.11,-2.736%,201799268.00,United States,,1698923,Consumer Discretionary,Restaurants
DERM,Journey Medical Corporation Common Stock,$5.74,0.17,3.052%,119908233.00,United States,2021,50615,Health Care,Biotechnology: Pharmaceutical Preparations
DEVS,DevvStream Corp. Common Stock,$0.3408,-0.0342,-9.12%,9659317.00,Canada,2024,659523,Finance,Finance/Investors Services
DFLI,Dragonfly Energy Holdings Corp. Common Stock (NV),$1.38,0.07,5.344%,9679647.00,United States,2021,102133,Miscellaneous,Industrial Machinery/Components
DFLIW,Dragonfly Energy Holdings Corp. Warrant,$0.019,-0.0079,-29.368%,133271.00,United States,2021,9701,Miscellaneous,Industrial Machinery/Components
DGICA,Donegal Group Inc. Class A Common Stock,$18.23,-0.17,-0.924%,649695944.00,United States,,161954,Finance,Property-Casualty Insurers
DGICB,Donegal Group Inc. Class B Common Stock,$16.52,2.02,13.931%,588753538.00,United States,1986,6530,Finance,Property-Casualty Insurers
DGII,Digi International Inc. Common Stock,$28.91,-0.32,-1.095%,1066755583.00,United States,1989,682837,Telecommunications,Computer Communications Equipment
DGLY,Digital Ally Inc. Common Stock,$0.067,-0.0043,-6.031%,370608.00,United States,,20009999,Technology,Radio And Television Broadcasting And Communications Equipment
DGNX,Diginex Limited Ordinary Shares,$110.00,1.21,1.112%,2551224500.00,Hong Kong,2025,73267,Technology,EDP Services
DGXX,Digi Power X Inc. Subordinate Voting Shares,$1.29,0.11,9.322%,42557100.00,Canada,,287014,Finance,Finance: Consumer Services
DH,Definitive Healthcare Corp. Class A Common Stock,$2.81,0.02,0.717%,317280823.00,United States,2021,1804120,Technology,Computer Software: Prepackaged Software
DHAI,DIH Holdings US Inc. Class A Common Stock,$0.393,0.044,12.607%,18603167.00,United States,2024,547285,Health Care,Medical/Dental Instruments
DHAIW,DIH Holding US Inc. Warrants,$0.0199,0.0001,0.505%,941992.00,United States,2024,4959,Health Care,Medical/Dental Instruments
DHC,Diversified Healthcare Trust Common Shares of Beneficial Interest,$2.45,-0.23,-8.582%,591115672.00,United States,,3577242,Real Estate,Real Estate Investment Trusts
DHCNI,Diversified Healthcare Trust 5.625% Senior Notes due 2042,$14.35,-0.30,-2.048%,3462248938.00,United States,,7529,Real Estate,Real Estate Investment Trusts
DHCNL,Diversified Healthcare Trust 6.25% Senior Notes Due 2046,$15.50,0.08,0.519%,3739711397.00,United States,,2521,Real Estate,Real Estate Investment Trusts
DHIL,Diamond Hill Investment Group Inc. Class A Common Stock,$143.66,-1.00,-0.691%,400451101.00,United States,,42994,Finance,Investment Managers
DIBS,1stdibs.com Inc. Common Stock,$2.96,-0.07,-2.31%,104791196.00,United States,2021,313290,Consumer Discretionary,Catalog/Specialty Distribution
DIOD,Diodes Incorporated Common Stock,$45.30,-0.36,-0.788%,2098927029.00,United States,,960314,Technology,Semiconductors
DISTW,Distoken Acquisition Corporation Warrant,$0.0293,0.00,0.00%,0.00,China,2023,20,Finance,Blank Checks
DJCO,Daily Journal Corp. (S.C.) Common Stock,$396.80,-2.90,-0.726%,546562637.00,United States,,16544,Consumer Discretionary,Newspapers/Magazines
DJT,Trump Media & Technology Group Corp. Common Stock,$20.25,0.22,1.098%,4456323641.00,United States,2024,2478589,Technology,Computer Software: Programming Data Processing
DJTWW,Trump Media & Technology Group Corp. Warrants,$12.665,-0.085,-0.667%,2787127848.00,United States,2021,27717,Technology,Computer Software: Programming Data Processing
DKNG,DraftKings Inc. Class A Common Stock,$39.49,1.05,2.732%,19348371167.00,United States,2019,9574292,Consumer Discretionary,Services-Misc. Amusement & Recreation
DLHC,DLH Holdings Corp.,$4.69,-0.04,-0.846%,67472535.00,United States,,104797,Consumer Discretionary,Professional Services
DLO,DLocal Limited Class A Common Shares,$9.44,0.08,0.855%,2794161318.00,Uruguay,2021,384806,Consumer Discretionary,Business Services
DLPN,Dolphin Entertainment Inc. Common Stock,$1.11,0.08,7.767%,12389849.00,United States,,24737,Consumer Discretionary,Other Consumer Services
DLTH,Duluth Holdings Inc. Class B Common Stock,$2.09,-0.02,-0.948%,73520252.00,United States,2015,51500,Consumer Discretionary,Clothing/Shoe/Accessory Stores
DLTR,Dollar Tree Inc. Common Stock,$66.75,2.16,3.344%,14353829087.00,United States,1995,4905417,Consumer Discretionary,Department/Specialty Retail Stores
DMAA,Drugs Made In America Acquisition Corp. Ordinary Shares,$10.02,0.01,0.10%,0.00,United States,2025,52213,,
DMAAR,Drugs Made In America Acquisition Corp. Rights,$0.14,0.00,0.00%,0.00,United States,2025,1362,Finance,Blank Checks
DMAC,DiaMedica Therapeutics Inc. Common Stock,$4.98,-0.16,-3.113%,213421187.00,United States,2018,74722,Health Care,Biotechnology: Pharmaceutical Preparations
DMLP,Dorchester Minerals L.P. Common Units Representing Limited Partnership Interests,$30.12,-0.10,-0.331%,1425873451.00,United States,,145591,Energy,Oil & Gas Production
DMN,Damon Inc. Common Stock,$0.0373,-0.0871,-70.016%,821752.00,United Kingdom,,304101047,Technology,EDP Services
DMRC,Digimarc Corporation Common Stock,$14.31,0.01,0.07%,308360165.00,United States,,314550,Technology,EDP Services
DNLI,Denali Therapeutics Inc. Common Stock,$14.43,-0.18,-1.232%,2095458092.00,United States,2017,1554243,Health Care,Biotechnology: Biological Products (No Diagnostic Substances)
DNTH,Dianthus Therapeutics Inc. Common Stock,$19.49,-0.95,-4.648%,626119739.00,United States,2018,239200,Health Care,Biotechnology: Pharmaceutical Preparations
DNUT,Krispy Kreme Inc. Common Stock,$5.50,-0.14,-2.482%,936650000.00,United States,2021,2554638,Consumer Staples,Food Chains
DOCU,DocuSign Inc. Common Stock,$88.06,2.95,3.466%,17831244743.00,United States,1989,5052518,Technology,Computer Software: Prepackaged Software
DOGZ,Dogness (International) Corporation Class A Common Stock,$33.80,2.45,7.815%,430296240.00,China,2017,162833,Consumer Discretionary,Miscellaneous manufacturing industries
DOMH,Dominari Holdings Inc. Common Stock,$4.13,-0.19,-4.398%,25920450.00,United States,,206468,Health Care,Biotechnology: Pharmaceutical Preparations
DOMO,Domo Inc. Class B Common Stock,$8.29,0.00,0.00%,324201797.00,United States,2018,465801,Technology,Computer Software: Prepackaged Software
DOOO,BRP Inc. (Recreational Products) Common Subordinate Voting Shares,$36.65,-0.56,-1.505%,2675822254.00,Canada,,293274,Consumer Discretionary,Industrial Specialties
DORM,Dorman Products Inc. Common Stock,$125.45,-1.06,-0.838%,3836456953.00,United States,,350464,Consumer Discretionary,Auto Parts:O.E.M.
DOX,Amdocs Limited Ordinary Shares,$88.27,-0.05,-0.057%,9964850084.00,Guernsey,,2964402,Technology,EDP Services
DOYU,DouYu International Holdings Limited ADS,$7.86,-0.11,-1.38%,248655612.00,China,2019,255330,Technology,Computer Software: Programming Data Processing
DPRO,Draganfly Inc. Common Shares,$2.98,-0.15,-4.792%,12598829.00,Canada,,72445,Industrials,Aerospace
DPZ,Domino's Pizza Inc Common Stock,$461.40,-4.65,-0.998%,15824502917.00,United States,2004,705879,Consumer Discretionary,Food Distributors
DRCT,Direct Digital Holdings Inc. Class A Common Stock,$0.78,-0.0057,-0.725%,11440963.00,United States,2022,84827,Consumer Discretionary,Advertising
DRDB,Roman DBDR Acquisition Corp. II Ordinary shares,$10.01,0.00,0.00%,0.00,United States,2025,2272,,
DRIO,DarioHealth Corp. Common Stock,$0.6881,-0.0173,-2.453%,28602264.00,Israel,,182109,Health Care,Medical/Dental Instruments
DRMA,Dermata Therapeutics Inc. Common Stock,$1.24,0.06,5.085%,6734004.00,United States,2021,144812,Health Care,Biotechnology: Pharmaceutical Preparations
DRMAW,Dermata Therapeutics Inc. Warrant,$0.0224,0.003,15.464%,121647.00,United States,2021,19750,Health Care,Biotechnology: Pharmaceutical Preparations
DRRX,DURECT Corporation Common Stock,$0.849,0.049,6.125%,26354642.00,United States,2000,28432,Health Care,Biotechnology: Pharmaceutical Preparations
DRS,Leonardo DRS Inc. Common Stock,$33.00,-0.69,-2.048%,8750204067.00,Israel,,1431518,Industrials,Industrial Machinery/Components
DRTS,Alpha Tau Medical Ltd. Ordinary Shares,$2.61,0.01,0.385%,183693288.00,Israel,,21600,Health Care,Medical/Dental Instruments
DRUG,Bright Minds Biosciences Inc. Common Stock,$35.15,0.27,0.774%,245662963.00,Canada,,32615,Health Care,Biotechnology: Pharmaceutical Preparations
DRVN,Driven Brands Holdings Inc. Common Stock,$17.41,0.00,0.00%,2852395902.00,United States,2021,1036546,Consumer Discretionary,Automotive Aftermarket
DSGN,Design Therapeutics Inc. Common Stock,$4.65,0.01,0.216%,263946453.00,United States,2021,190517,Health Care,Biotechnology: Pharmaceutical Preparations
DSGR,Distribution Solutions Group Inc. Common Stock,$28.65,-0.53,-1.816%,1333912857.00,United States,,80816,Consumer Discretionary,Industrial Specialties
DSGX,Descartes Systems Group Inc. (The) Common Stock,$101.15,1.12,1.12%,8652314053.00,Canada,,281506,Technology,Computer Software: Prepackaged Software
DSP,Viant Technology Inc. Class A Common Stock,$12.46,0.25,2.048%,785899062.00,United States,2021,368322,Technology,Computer Software: Programming Data Processing
DSWL,Deswell Industries Inc. Common Shares,$2.34,-0.04,-1.681%,37288459.00,Macau,1995,14636,Industrials,Plastic Products
DSY,Big Tree Cloud Holdings Limited Ordinary Shares,$1.14,-0.17,-12.977%,65071822.00,China,,84195,Consumer Discretionary,Containers/Packaging
DSYWW,Big Tree Cloud Holdings Limited Warrants,$0.0221,-0.0008,-3.493%,1261480.00,China,,403,Consumer Discretionary,Containers/Packaging
DTCK,Davis Commodities Limited Ordinary Shares,$0.9195,-0.018,-1.92%,22528325.00,Singapore,2023,6755,Industrials,Farming/Seeds/Milling
DTI,Drilling Tools International Corporation Common Stock,$2.64,-0.20,-7.042%,93964826.00,United States,2021,107131,Industrials,Metal Fabrications
DTIL,Precision BioSciences Inc. Common Stock,$5.45,0.09,1.679%,41807272.00,United States,2019,104454,Health Care,Biotechnology: Biological Products (No Diagnostic Substances)
DTSQ,DT Cloud Star Acquisition Corporation Ordinary Shares,$10.235,-0.035,-0.341%,0.00,United States,2024,1249,,
DTSS,Datasea Inc. Common Stock,$2.20,0.116,5.566%,16476684.00,China,,16942,Technology,Computer Software: Prepackaged Software
DTST,Data Storage Corporation Common Stock,$3.63,0.06,1.681%,25462174.00,United States,,10186,Technology,EDP Services
DTSTW,Data Storage Corporation Warrant,$0.3699,0.0099,2.75%,2594617.00,United States,,507,Technology,EDP Services
DUO,Fangdd Network Group Ltd. Class A Ordinary Shares,$0.326,-0.0305,-8.555%,2076620.00,China,2019,1965653,Finance,Real Estate
DUOL,Duolingo Inc. Class A Common Stock,$309.30,3.13,1.022%,13993598659.00,United States,2021,869210,Technology,Computer Software: Prepackaged Software
DUOT,Duos Technologies Group Inc. Common Stock,$6.17,-0.11,-1.752%,51893556.00,United States,,60228,Technology,Computer Software: Prepackaged Software
DVAX,Dynavax Technologies Corporation Common Stock,$13.82,0.20,1.468%,1714658857.00,United States,2004,3366154,Health Care,Biotechnology: Pharmaceutical Preparations
DVLT,Datavault AI Inc. Common Stock,$1.08,0.07,6.931%,8389254.00,United States,2018,4385480,Technology,Semiconductors
DWSN,Dawson Geophysical Company Common Stock,$1.46,0.0167,1.157%,45235818.00,United States,,8530,Energy,Oil & Gas Production
DWTX,Dogwood Therapeutics Inc. Common Stock,$6.33,-0.50,-7.321%,8432687.00,United States,2020,263367,Health Care,Biotechnology: Pharmaceutical Preparations
DXCM,DexCom Inc. Common Stock,$73.80,-1.31,-1.744%,28838974928.00,United States,2005,5560929,Health Care,Medical/Dental Instruments
DXLG,Destination XL Group Inc. Common Stock,$1.76,-0.085,-4.607%,95580737.00,United States,,643455,Consumer Discretionary,Clothing/Shoe/Accessory Stores
DXPE,DXP Enterprises Inc. Common Stock,$87.005,-0.735,-0.838%,1365551131.00,United States,,318840,Industrials,Industrial Machinery/Components
DXR,Daxor Corporation Common Stock,$8.33,-0.06,-0.715%,40317200.00,United States,,5165,Health Care,Medical/Dental Instruments
DXST,Decent Holding Inc Ordinary Shares,$1.53,0.08,5.517%,24862500.00,China,2025,122141,Industrials,Miscellaneous
DYAI,Dyadic International Inc. Common Stock,$1.41,0.01,0.714%,41721013.00,United States,,19881,Health Care,Biotechnology: Biological Products (No Diagnostic Substances)
DYCQ,DT Cloud Acquisition Corporation Ordinary Shares,$10.63,0.00,0.00%,0.00,United Kingdom,2024,160,,
DYCQR,DT Cloud Acquisition Corporation Right,$0.22,0.00,0.00%,0.00,United Kingdom,2024,524,,
DYN,Dyne Therapeutics Inc. Common Stock,$12.08,-0.18,-1.468%,1366505993.00,United States,2020,2328438,Health Care,Biotechnology: Pharmaceutical Preparations
EA,Electronic Arts Inc. Common Stock,$144.30,1.05,0.733%,37607118814.00,United States,,9254820,Technology,Computer Software: Prepackaged Software
EBAY,eBay Inc. Common Stock,$65.78,-0.56,-0.844%,30653480000.00,United States,1998,15353952,Consumer Discretionary,Business Services
EBC,Eastern Bankshares Inc. Common Stock,$16.59,0.14,0.851%,3533542556.00,United States,2020,6650532,Finance,Savings Institutions
EBMT,Eagle Bancorp Montana Inc. Common Stock,$16.90,-0.05,-0.295%,134814291.00,United States,2010,38858,Finance,Major Banks
EBON,Ebang International Holdings Inc. Class A Ordinary Shares,$4.13,-0.1155,-2.721%,27026464.00,China,2020,5183,Technology,Semiconductors
EBTC,Enterprise Bancorp Inc Common Stock,$38.88,-0.31,-0.791%,484405181.00,United States,,84054,Finance,Major Banks
ECBK,ECB Bancorp Inc. Common Stock,$15.20,0.06,0.396%,138586319.00,United States,2022,11943,Finance,Banks
ECDA,ECD Automotive Design Inc. Common Stock,$0.7747,0.0647,9.113%,26843093.00,United States,2022,35260,Consumer Discretionary,Auto Manufacturing
ECDAW,ECD Automotive Design Inc. Warrant ,$0.0172,0.00,0.00%,595974.00,United States,2022,40,Consumer Discretionary,Auto Manufacturing
ECOR,electroCore Inc. Common Stock,$8.00,-0.03,-0.374%,57544736.00,United States,2018,113970,Health Care,Biotechnology: Electromedical & Electrotherapeutic Apparatus
ECPG,Encore Capital Group Inc Common Stock,$34.79,0.28,0.811%,824220014.00,United States,,476808,Finance,Finance Companies
ECX,ECARX Holdings Inc. Class A Ordinary shares,$2.66,-0.05,-1.845%,898946907.00,China,,4969342,Technology,EDP Services
ECXWW,ECARX Holdings Inc. Warrants,$0.099,0.00,0.00%,33457047.00,China,,3333,Technology,EDP Services
EDAP,EDAP TMS S.A. American Depositary Shares,$2.19,-0.085,-3.736%,81257276.00,France,1997,14130,Health Care,Biotechnology: Electromedical & Electrotherapeutic Apparatus
EDBL,Edible Garden AG Incorporated Common Stock,$2.57,-0.09,-3.383%,3124097.00,United States,2022,29124,Consumer Staples,Farming/Seeds/Milling
EDBLW,Edible Garden AG Incorporated Warrant,$0.0501,-0.0059,-10.536%,60902.00,United States,2022,2340,Consumer Staples,Farming/Seeds/Milling
EDIT,Editas Medicine Inc. Common Stock,$1.31,-0.06,-4.38%,108698932.00,United States,2016,2906222,Health Care,Biotechnology: Biological Products (No Diagnostic Substances)
EDRY,EuroDry Ltd. Common Shares ,$11.3032,0.1832,1.647%,32015376.00,Greece,,11233,Consumer Discretionary,Marine Transportation
EDSA,Edesa Biotech Inc. Common Shares,$2.50,0.03,1.215%,8118473.00,United States,,34459,Health Care,Biotechnology: Pharmaceutical Preparations
EDTK,Skillful Craftsman Education Technology Limited Ordinary Share,$1.03,-0.0563,-5.183%,16407335.00,China,2020,1621,Real Estate,Other Consumer Services
EDUC,Educational Development Corporation Common Stock,$1.26,-0.0155,-1.215%,10815337.00,United States,,8934,Consumer Discretionary,Consumer Specialties
EEFT,Euronet Worldwide Inc. Common Stock,$108.01,-0.38,-0.351%,4724631961.00,United States,1997,793515,Finance,Investment Bankers/Brokers/Service
EEIQ,EpicQuest Education Group International Limited Common Stock,$0.731,0.02,2.813%,9720964.00,United States,2021,5933,Real Estate,Other Consumer Services
EFOI,Energy Focus Inc. Common Stock,$2.01,-0.05,-2.427%,10574089.00,United States,,18687,Consumer Discretionary,Building Products
EFSC,Enterprise Financial Services Corporation Common Stock,$55.03,-0.60,-1.079%,2034975061.00,United States,,2940055,Finance,Major Banks
EFSCP,Enterprise Financial Services Corporation Depositary Shares Each Representing a 1/40th Interest in a Share of 5% Fixed Rate Non-Cumulative Perpetual Preferred Stock Series A,$18.84,0.00,0.00%,696691444.00,United States,,64,Finance,Major Banks
EFSI,Eagle Financial Services Inc Common Stock,$32.66,0.06,0.184%,166960533.00,United States,,319290,Finance,Major Banks
EGAN,eGain Corporation Common Stock,$4.83,0.01,0.207%,135872344.00,United States,1999,132592,Technology,Computer Software: Prepackaged Software
EGBN,Eagle Bancorp Inc. Common Stock,$21.37,-0.21,-0.973%,645463797.00,United States,,762819,Finance,Major Banks
EH,EHang Holdings Limited ADS,$23.05,0.39,1.721%,1463807330.00,China,2019,1390078,Industrials,Aerospace
EHGO,Eshallgo Inc. Class A Ordinary Shares,$0.998,-0.032,-3.107%,20444030.00,China,2024,31917,Consumer Discretionary,Diversified Commercial Services
EHLD,Euroholdings Ltd. Common Stock ,$5.50,-0.63,-10.277%,15504583.00,Greece,,82450,Consumer Discretionary,Marine Transportation
EHTH,eHealth Inc. Common Stock,$7.17,-0.23,-3.108%,214688471.00,United States,2006,236945,Finance,Specialty Insurers
EJH,E-Home Household Service Holdings Limited Ordinary Shares,$1.06,0.035,3.415%,9211581.00,China,2021,1200300,Consumer Discretionary,Other Consumer Services
EKSO,Ekso Bionics Holdings Inc. Common Stock,$0.50,0.05,11.111%,12412381.00,United States,,161747,Industrials,Industrial Machinery/Components
ELAB,PMGC Holdings Inc. Common Stock,$4.93,-1.47,-22.969%,2846932.00,United States,2023,5245339,Health Care,Biotechnology: Pharmaceutical Preparations
ELBM,Electra Battery Materials Corporation Common Stock,$1.23,0.06,5.128%,18208127.00,Canada,,4924199,Miscellaneous,Industrial Machinery/Components
ELDN,Eledon Pharmaceuticals Inc. Common Stock,$3.51,0.07,2.035%,209684855.00,United States,2014,310372,Health Care,Biotechnology: Pharmaceutical Preparations
ELEV,Elevation Oncology Inc. Common stock,$0.3001,0.0221,7.95%,17770660.00,United States,2021,4197077,Health Care,Biotechnology: Biological Products (No Diagnostic Substances)
ELPW,Elong Power Holding Limited Class A Ordinary Shares,$0.71,-0.0517,-6.787%,35539841.00,China,,18953,,
ELSE,Electro-Sensors Inc. Common Stock,$4.58,0.05,1.104%,15796516.00,United States,,8860,Industrials,Industrial Machinery/Components
ELTK,Eltek Ltd. Ordinary Shares,$8.53,-0.135,-1.558%,57236300.00,Israel,1997,9417,Technology,Electrical Products
ELTX,Elicio Therapeutics Inc. Common Stock,$8.75,0.63,7.759%,94424103.00,United States,2021,79544,Health Care,Biotechnology: Pharmaceutical Preparations
ELUT,Elutia Inc. Class A Common Stock,$2.92,-0.32,-9.877%,118951713.00,United States,2020,120834,Health Care,Biotechnology: Biological Products (No Diagnostic Substances)
ELVA,Electrovaya Inc. Common Shares,$2.76,-0.09,-3.158%,110645405.00,Canada,,83799,,
ELVN,Enliven Therapeutics Inc. Common Stock,$21.08,0.16,0.765%,1033013279.00,United States,2020,412594,Health Care,Biotechnology: Pharmaceutical Preparations
ELWS,Earlyworks Co. Ltd. American Depositary Shares,$2.10,0.01,0.478%,6332298.00,Japan,2023,2793,Technology,EDP Services
EM,Smart Share Global Limited American Depositary Shares,$1.12,0.00,0.00%,290724317.00,China,2021,122424,Consumer Discretionary,Other Consumer Services
EMBC,Embecta Corp. Common Stock,$12.82,-0.41,-3.099%,745283444.00,United States,,1305958,Health Care,Medical/Dental Instruments
EMCG,Embrace Change Acquisition Corp Ordinary Shares,$11.85,0.00,0.00%,0.00,United States,2022,525,Finance,Blank Checks
EMCGW,Embrace Change Acquisition Corp Warrants,$0.0391,-0.0074,-15.914%,0.00,United States,2022,619,Finance,Blank Checks
EML,Eastern Company (The) Common Stock,$26.47,-0.17,-0.638%,162400809.00,United States,,19884,Consumer Discretionary,Industrial Machinery/Components
ENGN,enGene Holdings Inc. Common Stock,$4.96,-0.25,-4.798%,252848698.00,Canada,,79486,Health Care,Biotechnology: Biological Products (No Diagnostic Substances)
ENGNW,enGene Holdings Inc. Warrants,$0.6776,-0.0224,-3.20%,34542395.00,Canada,,9399,Health Care,Biotechnology: Biological Products (No Diagnostic Substances)
ENLT,Enlight Renewable Energy Ltd. Ordinary Shares,$16.17,-0.115,-0.706%,1907455468.00,Israel,2023,9554,Utilities,Electric Utilities: Central
ENLV,Enlivex Therapeutics Ltd. Ordinary Shares,$1.045,-0.045,-4.128%,21819600.00,Israel,2014,76055,Health Care,Biotechnology: Pharmaceutical Preparations
ENPH,Enphase Energy Inc. Common Stock,$61.54,-0.15,-0.243%,8152234878.00,United States,2012,5259820,Technology,Semiconductors
ENSC,Ensysce Biosciences Inc. Common Stock,$3.45,-0.11,-3.09%,4847712.00,United States,,23465,Health Care,Biotechnology: Pharmaceutical Preparations
ENSG,The Ensign Group Inc. Common Stock,$128.24,-1.35,-1.042%,7368077162.00,United States,2007,1487832,Health Care,Hospital/Nursing Management
ENTA,Enanta Pharmaceuticals Inc. Common Stock,$6.31,-0.13,-2.019%,134608353.00,United States,2013,309607,Health Care,Biotechnology: Pharmaceutical Preparations
ENTG,Entegris Inc. Common Stock,$96.35,-2.70,-2.726%,14561061688.00,United States,2000,4047223,Industrials,Plastic Products
ENTO,Entero Therapeutics Inc. Common Stock,$0.606,0.0939,18.336%,2880942.00,United States,2016,111987,Health Care,Biotechnology: Pharmaceutical Preparations
ENTX,Entera Bio Ltd. Ordinary Shares,$1.95,0.02,1.036%,71822829.00,Israel,2018,19531,Health Care,Biotechnology: Biological Products (No Diagnostic Substances)
ENVB,Enveric Biosciences Inc. Common Stock,$1.74,0.01,0.578%,1205089.00,United States,,97547,Health Care,Biotechnology: Pharmaceutical Preparations
ENVX,Enovix Corporation Common Stock,$8.45,0.49,6.156%,1616263889.00,United States,2021,4661225,Miscellaneous,Industrial Machinery/Components
EOLS,Evolus Inc. Common Stock,$13.03,-0.22,-1.66%,828535392.00,United States,2018,661092,Health Care,Biotechnology: Pharmaceutical Preparations
EOSE,Eos Energy Enterprises Inc. Class A Common Stock,$4.39,0.13,3.052%,994770914.00,United States,,3668380,Miscellaneous,Industrial Machinery/Components
EOSEW,Eos Energy Enterprises Inc. Warrant,$0.375,-0.035,-8.537%,84974736.00,United States,,6648,Miscellaneous,Industrial Machinery/Components
EPIX,ESSA Pharma Inc. Common Stock,$1.58,-0.02,-1.25%,70133909.00,Canada,,85038,Health Care,Biotechnology: Pharmaceutical Preparations
EPOW,Sunrise New Energy Co. Ltd Class A Ordinary Shares,$0.95,0.0107,1.139%,24834283.00,China,2021,4122,Consumer Discretionary,Business Services
EPRX,Eupraxia Pharmaceuticals Inc. Common Stock,$3.8226,-0.0874,-2.235%,136170771.00,Canada,,22011,Health Care,Pharmaceuticals and Biotechnology
EPSN,Epsilon Energy Ltd. Common Share,$6.84,-0.26,-3.662%,150539959.00,United States,,67174,Energy,Oil & Gas Production
EPWK,EPWK Holdings Ltd. Class A Ordinary Shares,$5.24,0.50,10.549%,114794996.00,China,2025,1448629,,
EQ,Equillium Inc. Common Stock,$0.773,-0.027,-3.375%,27387980.00,United States,2018,29786,Health Care,Biotechnology: Pharmaceutical Preparations
EQIX,Equinix Inc. Common Stock REIT,$834.59,-17.13,-2.011%,81232318053.00,United States,2000,1624921,Real Estate,Real Estate Investment Trusts
ERAS,Erasca Inc. Common Stock,$1.53,0.05,3.378%,432572741.00,United States,2021,8896972,Health Care,Biotechnology: Pharmaceutical Preparations
ERIC,Ericsson American Depositary Shares,$8.17,-0.08,-0.97%,27355216675.00,Sweden,,21603194,Technology,Radio And Television Broadcasting And Communications Equipment
ERIE,Erie Indemnity Company Class A Common Stock,$409.94,0.04,0.01%,18935788603.00,United States,,280270,Finance,Specialty Insurers
ERII,Energy Recovery Inc. Common Stock,$16.11,-0.20,-1.226%,885329964.00,United States,2008,1028168,Technology,Industrial Machinery/Components
ERNA,Eterna Therapeutics Inc. Common Stock,$0.2645,-0.0061,-2.254%,13818784.00,United States,,70077,Health Care,Biotechnology: Pharmaceutical Preparations
ESCA,Escalade Incorporated Common Stock,$14.79,-0.05,-0.337%,202207993.00,United States,,33028,Consumer Discretionary,Recreational Games/Products/Toys
ESEA,Euroseas Ltd. Common Stock (Marshall Islands),$30.76,-0.46,-1.473%,216782238.00,Greece,,36209,Consumer Discretionary,Marine Transportation
ESGL,ESGL Holdings Limited Ordinary Shares,$2.03,0.13,6.842%,74704000.00,Singapore,,45619,Utilities,Environmental Services
ESGR,Enstar Group Limited Ordinary Shares,$332.05,0.05,0.015%,4942682792.00,Bermuda,,185990,Finance,Property-Casualty Insurers
ESGRO,Enstar Group Limited Depository Shares 7.00% Perpetual Non-Cumulative Preference Shares Series E,$20.70,-0.1368,-0.657%,308126890.00,Bermuda,,2678,Finance,Property-Casualty Insurers
ESGRP,Enstar Group Limited Depositary Shares Each Representing 1/1000th of an interest in Preference Shares,$21.55,0.02,0.093%,320779443.00,Bermuda,,7624,Finance,Property-Casualty Insurers
ESHA,ESH Acquisition Corp. Class A Common Stock,$10.76,-0.14,-1.284%,0.00,United States,2023,250,Finance,Blank Checks
ESLA,Estrella Immunopharma Inc. Common Stock,$1.01,0.0883,9.58%,36540938.00,United States,2021,11567,Health Care,Biotechnology: Biological Products (No Diagnostic Substances)
ESLAW,Estrella Immunopharma Inc. Warrant,$0.096,0.012,14.286%,3473198.00,United States,2021,1134,Health Care,Biotechnology: Biological Products (No Diagnostic Substances)
ESLT,Elbit Systems Ltd. Ordinary Shares,$410.83,-2.17,-0.525%,18262975196.00,Israel,,150528,Industrials,Military/Government/Technical
ESOA,Energy Services of America Corporation Common Stock,$9.42,-0.22,-2.282%,157847963.00,United States,,131709,Industrials,Water Sewer Pipeline Comm & Power Line Construction
ESPR,Esperion Therapeutics Inc. Common Stock,$1.69,0.07,4.321%,334364617.00,United States,2013,5007360,Health Care,Biotechnology: Pharmaceutical Preparations
ESQ,Esquire Financial Holdings Inc. Common Stock,$72.18,-1.24,-1.689%,608582350.00,United States,2017,244897,Finance,Commercial Banks
ESSA,ESSA Bancorp Inc. Common Stock,$18.88,-0.37,-1.922%,191720056.00,United States,2007,29047,Finance,Banks
ESTA,Establishment Labs Holdings Inc. Common Shares,$39.67,0.21,0.532%,1144313402.00,Costa Rica,2018,493686,Health Care,Industrial Specialties
ETNB,89bio Inc. Common Stock,$8.52,-0.21,-2.405%,1243785231.00,United States,2019,9169292,Health Care,Biotechnology: Pharmaceutical Preparations
ETON,Eton Pharmaceuticals Inc. Common Stock,$14.22,-0.56,-3.789%,381345348.00,United States,2018,224152,Health Care,Biotechnology: Pharmaceutical Preparations
ETSY,Etsy Inc. Common Stock,$45.11,0.18,0.401%,4830033618.00,United States,2015,11113784,Consumer Discretionary,Business Services
EU,enCore Energy Corp. Common Shares,$1.65,-0.01,-0.602%,307046220.00,United States,,2602604,Basic Materials,Other Metals and Minerals
EUDA,EUDA Health Holdings Limited Ordinary Shares,$4.06,-0.10,-2.404%,142627800.00,Singapore,2021,100586,Health Care,Medical/Nursing Services
EUDAW,EUDA Health Holdings Limited Warrant,$0.1102,-0.0198,-15.231%,3871326.00,Singapore,2021,4374,Health Care,Medical/Nursing Services
EURK,Eureka Acquisition Corp Class A Ordinary Share,$10.28,0.00,0.00%,0.00,United States,2024,1,,
EURKU,Eureka Acquisition Corp Unit,$10.47,0.00,0.00%,0.00,United States,2024,401,,
EVAX,Evaxion Biotech A/S American Depositary Share,$1.89,-0.01,-0.526%,11843821.00,Denmark,2021,49784,Health Care,Biotechnology: Biological Products (No Diagnostic Substances)
EVCM,EverCommerce Inc. Common Stock,$10.08,0.09,0.901%,1848564688.00,United States,2021,170598,Technology,Computer Software: Prepackaged Software
EVER,EverQuote Inc. Class A Common Stock,$28.71,0.66,2.353%,1025635006.00,United States,2018,1099271,Technology,Computer Software: Programming Data Processing
EVGN,Evogene Ltd Ordinary Shares,$1.38,0.00,0.00%,7009020.00,Israel,,40897,Industrials,Agricultural Chemicals
EVGO,EVgo Inc. Class A Common Stock,$2.76,0.01,0.364%,845451681.00,United States,,11015176,Technology,EDP Services
EVGOW,EVgo Inc. Warrants,$0.2595,0.0212,8.896%,79490837.00,United States,,17850,Technology,EDP Services
EVLV,Evolv Technologies Holdings Inc. Class A Common Stock,$3.07,-0.04,-1.286%,483678611.00,United States,2020,860494,Technology,Computer peripheral equipment
EVLVW,Evolv Technologies Holdings Inc. Warrant,$0.2127,0.0118,5.874%,33510893.00,United States,2020,10611,Technology,Computer peripheral equipment
EVO,Evotec SE American Depositary Shares,$3.51,-0.01,-0.284%,1243843867.00,Germany,2021,572484,Health Care,Biotechnology: Pharmaceutical Preparations
EVOK,Evoke Pharma Inc. Common Stock,$2.82,0.016,0.571%,4209860.00,United States,2013,94641,Health Care,Biotechnology: Pharmaceutical Preparations
EVRG,Evergy Inc. Common Stock,$67.45,-0.52,-0.765%,15514130253.00,United States,,3434233,Utilities,Power Generation
EVTV,Envirotech Vehicles Inc. Common Stock,$0.257,0.001,0.391%,4310561.00,United States,,182292,Consumer Discretionary,Auto Parts:O.E.M.
EWBC,East West Bancorp Inc. Common Stock,$89.99,0.10,0.111%,12458198952.00,United States,,4355150,Finance,Major Banks
EWCZ,European Wax Center Inc. Class A Common Stock,$3.99,-0.02,-0.499%,220832499.00,United States,2021,1056208,Consumer Discretionary,Other Consumer Services
EWTX,Edgewise Therapeutics Inc. Common Stock,$23.61,-0.21,-0.882%,2247796732.00,United States,2021,1784750,Health Care,Biotechnology: Pharmaceutical Preparations
EXAS,Exact Sciences Corporation Common Stock,$45.62,1.34,3.026%,8474161622.00,United States,2001,3145381,Health Care,Medical Specialities
EXC,Exelon Corporation Common Stock,$43.80,-0.79,-1.772%,44028511477.00,United States,,15732193,Utilities,Power Generation
EXE,Expand Energy Corporation Common Stock,$107.35,-1.90,-1.739%,24980338452.00,United States,,53145103,Energy,Oil & Gas Production
EXEEL,Expand Energy Corporation Class C Warrants,$98.01,0.00,0.00%,22806921021.00,United States,,5,Energy,Oil & Gas Production
EXEL,Exelixis Inc. Common Stock,$36.96,-0.22,-0.592%,10344418392.00,United States,2000,7319112,Health Care,Biotechnology: Biological Products (No Diagnostic Substances)
EXFY,Expensify Inc. Class A Common Stock,$3.25,-0.05,-1.515%,297090739.00,United States,2021,367500,Technology,Computer Software: Prepackaged Software
EXLS,ExlService Holdings Inc. Common Stock,$46.34,-0.09,-0.194%,7521198547.00,United States,2006,2876151,Consumer Discretionary,Business Services
EXOZ,eXoZymes Inc. Common Stock,$14.81,-0.28,-1.856%,92597289.00,United States,2024,10453,Health Care,Biotechnology: Biological Products (No Diagnostic Substances)
EXPE,Expedia Group Inc. Common Stock,$173.81,0.72,0.416%,22396648032.00,United States,,4416752,Consumer Discretionary,Transportation Services
EXPI,eXp World Holdings Inc. Common Stock,$9.96,0.10,1.014%,1535168515.00,United States,,8315886,Finance,Real Estate
EXPO,Exponent Inc. Common Stock,$78.90,-1.32,-1.645%,4009558663.00,United States,,592444,Consumer Discretionary,Professional Services
EXTR,Extreme Networks Inc. Common Stock,$14.89,-0.11,-0.733%,1976726477.00,United States,1999,1655453,Telecommunications,Computer Communications Equipment
EYE,National Vision Holdings Inc. Common Stock,$13.02,0.20,1.56%,1025760936.00,United States,2017,2552140,Health Care,Ophthalmic Goods
EYEN,Eyenovia Inc. Common Stock,$1.38,-0.06,-4.167%,2898000.00,United States,2018,255914,Health Care,Biotechnology: Pharmaceutical Preparations
EYPT,EyePoint Pharmaceuticals Inc. Common Stock,$6.25,0.15,2.459%,429554750.00,United States,,1123762,Industrials,Biotechnology: Laboratory Analytical Instruments
EZGO,EZGO Technologies Ltd. Ordinary Shares,$0.40,-0.0245,-5.771%,2270069.00,China,2021,44723,Consumer Discretionary,Motor Vehicles
EZPW,EZCORP Inc. Class A Non Voting Common Stock,$14.25,0.37,2.666%,782874836.00,United States,1991,1526263,Consumer Discretionary,Other Specialty Stores
FA,First Advantage Corporation Common Stock,$13.51,-0.44,-3.154%,2344155375.00,United States,2021,1255242,Consumer Discretionary,Business Services
FAAS,DigiAsia Corp. Ordinary Shares,$0.3027,-0.0323,-9.642%,18371419.00,United States,2021,553076,Technology,Computer Software: Prepackaged Software
FAASW,DigiAsia Corp. Warrant,$0.05,-0.0346,-40.898%,3034592.00,United States,2021,16164,Technology,Computer Software: Prepackaged Software
FACT,FACT II Acquisition Corp. Class A Ordinary Shares,$10.03,0.02,0.20%,0.00,United States,2024,1447,,
FAMI,Farmmi Inc. Ordinary Shares,$1.84,-0.1599,-7.995%,2300920.00,China,2018,27727,Consumer Staples,Packaged Foods
FANG,Diamondback Energy Inc. Common Stock,$158.50,0.02,0.013%,45876382333.00,United States,2012,7798483,Energy,Oil & Gas Production
FARM,Farmer Brothers Company Common Stock,$2.20,0.04,1.852%,46978668.00,United States,,310768,Consumer Staples,Packaged Foods
FARO,FARO Technologies Inc. Common Stock,$28.21,-1.25,-4.243%,535473080.00,United States,1997,697833,Industrials,Industrial Machinery/Components
FAST,Fastenal Company Common Stock,$74.73,-0.78,-1.033%,42851654480.00,United States,1987,8781740,Consumer Discretionary,RETAIL: Building Materials
FAT,FAT Brands Inc. Class A Common Stock,$3.00,-0.04,-1.316%,53378067.00,United States,2017,37490,Consumer Discretionary,Restaurants
FATBB,FAT Brands Inc. Class B Common Stock,$3.26,0.24,7.947%,58004166.00,United States,,34069,Consumer Discretionary,Restaurants
FATBP,FAT Brands Inc. 8.25% Series B Cumulative Preferred Stock,$9.505,-0.0558,-0.584%,169119509.00,United States,,19930,Consumer Discretionary,Restaurants
FATE,Fate Therapeutics Inc. Common Stock,$0.9139,-0.0228,-2.434%,104730587.00,United States,2013,1157387,Health Care,Biotechnology: Biological Products (No Diagnostic Substances)
FBGL,FBS Global Limited Ordinary Shares,$0.927,-0.143,-13.364%,12514500.00,Singapore,2025,487583,Consumer Discretionary,Miscellaneous manufacturing industries
FBIO,Fortress Biotech Inc. Common Stock,$1.71,0.01,0.588%,47204437.00,United States,,131135,Health Care,Biotechnology: Pharmaceutical Preparations
FBIOP,Fortress Biotech Inc. 9.375% Series A Cumulative Redeemable Perpetual Preferred Stock,$6.74,0.255,3.932%,186057255.00,United States,,8293,Health Care,Biotechnology: Pharmaceutical Preparations
FBIZ,First Business Financial Services Inc. Common Stock,$47.49,-1.07,-2.203%,394220474.00,United States,,62038,Finance,Major Banks
FBLA,FB Bancorp Inc. Common Stock,$11.41,-0.04,-0.349%,226345875.00,United States,2024,55718,Finance,Banks
FBLG,FibroBiologics Inc. Common Stock,$1.11,0.08,7.767%,38471629.00,United States,,186838,Health Care,Biotechnology: Pharmaceutical Preparations
FBNC,First Bancorp Common Stock,$40.52,0.16,0.396%,1675878755.00,United States,1987,530067,Finance,Major Banks
FBRX,Forte Biosciences Inc. Common Stock,$8.17,0.63,8.355%,11944001.00,United States,2017,111536,Health Care,Biotechnology: Pharmaceutical Preparations
FBYD,Falcon's Beyond Global Inc. Class A Common Stock,$8.30,-0.10,-1.19%,1069836360.00,United States,,14561,Consumer Discretionary,Services-Misc. Amusement & Recreation
FCAP,First Capital Inc. Common Stock,$38.04,-0.03,-0.079%,127510194.00,United States,,5225,Finance,Savings Institutions
FCBC,First Community Bankshares Inc. (VA) Common Stock,$38.22,-0.48,-1.24%,700445404.00,United States,,78671,Finance,Major Banks
FCCO,First Community Corporation Common Stock,$22.11,-0.25,-1.118%,169607048.00,United States,,44158,Finance,Major Banks
FCEL,FuelCell Energy Inc. Common Stock,$5.14,-0.10,-1.908%,108678988.00,United States,,1312017,Energy,Industrial Machinery/Components
FCFS,FirstCash Holdings Inc. Common Stock,$116.87,-0.59,-0.502%,5231188385.00,United States,1991,573342,Consumer Discretionary,Other Specialty Stores
FCNCA,First Citizens BancShares Inc. Class A Common Stock,$1851.20,8.24,0.447%,25134201498.00,United States,,136163,Finance,Major Banks
FCNCO,First Citizens BancShares Inc. 5.625% Non-Cumulative Perpetual Preferred Stock Series C,$23.00,0.00,0.00%,312276704.00,United States,,4867,Finance,Major Banks
FCNCP,First Citizens BancShares Inc. Depositary Shares,$23.43,0.05,0.214%,318114921.00,United States,,6387,Finance,Major Banks
FCUV,Focus Universal Inc. Common Stock,$4.89,0.59,13.721%,34787264.00,United States,,13275,Industrials,Industrial Machinery/Components
FDBC,Fidelity D & D Bancorp Inc. Common Stock,$43.33,-0.78,-1.768%,249906425.00,United States,,20626,Finance,Major Banks
FDMT,4D Molecular Therapeutics Inc. Common Stock,$3.92,0.17,4.533%,181505435.00,United States,2020,1297264,Health Care,Biotechnology: Biological Products (No Diagnostic Substances)
FDSB,Fifth District Bancorp Inc. Common Stock,$12.48,-0.06,-0.478%,69382223.00,United States,2024,1459,Finance,Savings Institutions
FDUS,Fidus Investment Corporation Common Stock,$20.52,0.05,0.244%,695928659.00,United States,2011,389543,Finance,Finance/Investors Services
FEAM,5E Advanced Materials Inc. Common Stock,$4.33,0.13,3.095%,12996603.00,United States,,20603,Industrials,Mining & Quarrying of Nonmetallic Minerals (No Fuels)
FEBO,Fenbo Holdings Limited Ordinary Shares,$1.12,-0.03,-2.609%,12320000.00,Hong Kong,2023,3717,Consumer Discretionary,Home Furnishings
FEIM,Frequency Electronics Inc. Common Stock,$16.26,-0.88,-5.134%,157340101.00,United States,,54998,Industrials,Electrical Products
FELE,Franklin Electric Co. Inc. Common Stock,$95.56,-2.45,-2.50%,4368782170.00,United States,,1769216,Consumer Discretionary,Metal Fabrications
FEMY,Femasys Inc. Common Stock,$1.60,0.00,0.00%,36637549.00,United States,2021,435325,Health Care,Medical/Dental Instruments
FENC,Fennec Pharmaceuticals Inc. Common Stock,$6.67,0.05,0.755%,182284430.00,United States,,182090,Health Care,Biotechnology: Biological Products (No Diagnostic Substances)
FER,Ferrovial SE Ordinary Shares,$44.73,-0.22,-0.489%,32213923895.00,Netherlands,,135673,Industrials,Military/Government/Technical
FERAU,Fifth Era Acquisition Corp I Units,$10.04,0.00,0.00%,0.00,Cayman Islands,2025,300,Finance,Blank Checks
FFAI,Faraday Future Intelligent Electric Inc. Class A Common Stock,$1.26,-0.03,-2.326%,57118345.00,United States,2020,3332102,Consumer Discretionary,Auto Manufacturing
FFAIW,Faraday Future Intelligent Electric Inc. Warrant,$0.0391,-0.0029,-6.905%,1772482.00,United States,2020,34737,Consumer Discretionary,Auto Manufacturing
FFBC,First Financial Bancorp. Common Stock,$24.75,0.00,0.00%,2361737862.00,United States,,1031618,Finance,Major Banks
FFIC,Flushing Financial Corporation Common Stock,$12.96,-0.19,-1.445%,437745876.00,United States,,1705252,Finance,Major Banks
FFIN,First Financial Bankshares Inc. Common Stock,$35.70,0.05,0.14%,5104293394.00,United States,,1563223,Finance,Major Banks
FFIV,F5 Inc. Common Stock,$268.40,-0.08,-0.03%,15473865510.00,United States,1999,1289441,Telecommunications,Computer Communications Equipment
FFNW,First Financial Northwest Inc. Common Stock,$22.64,-0.03,-0.132%,208967426.00,United States,2007,84939,Finance,Banks
FGBI,First Guaranty Bancshares Inc. Common Stock,$8.24,-0.29,-3.40%,103038868.00,United States,,22007,Finance,Savings Institutions
FGBIP,First Guaranty Bancshares Inc. 6.75% Series A Fixed-Rate Non-Cumulative Perpetual Preferred Stock,$19.33,0.0236,0.122%,241716180.00,United States,,1048,Finance,Savings Institutions
FGEN,FibroGen Inc Common Stock,$0.315,-0.0215,-6.389%,31788841.00,United States,2014,2367522,Health Care,Biotechnology: Pharmaceutical Preparations
FGF,Fundamental Global Inc. Common Stock ,$18.12,-0.38,-2.054%,22907775.00,United States,2014,995,Finance,Property-Casualty Insurers
FGFPP,Fundamental Global Inc. 8.00% Cumulative Preferred Stock,$15.50,-1.34,-7.957%,19595503.00,United States,,11023,Finance,Property-Casualty Insurers
FGI,FGI Industries Ltd. Ordinary Shares,$0.90,0.10,12.50%,8607523.00,United States,2022,14925,Industrials,Industrial Specialties
FGIWW,FGI Industries Ltd. Warrant,$0.059,0.00,0.00%,564271.00,United States,2022,9,Industrials,Industrial Specialties
FGL,Founder Group Limited Ordinary Shares,$1.35,-0.03,-2.174%,22840313.00,Malaysia,2024,47671,Consumer Discretionary,Engineering & Construction
FGMC,FG Merger II Corp. Common stock,$9.56,0.00,0.00%,97898205.00,United States,2025,1,,
FHB,First Hawaiian Inc. Common Stock,$24.13,-0.13,-0.536%,3050584529.00,United States,2016,2379816,Finance,Major Banks
FHTX,Foghorn Therapeutics Inc. Common Stock,$4.05,-0.07,-1.699%,225229568.00,United States,2020,215970,Health Care,Biotechnology: Pharmaceutical Preparations
FIBK,First Interstate BancSystem Inc. Common Stock (DE),$28.70,0.07,0.244%,3000048654.00,United States,2010,2539316,Finance,Major Banks
FINW,FinWise Bancorp Common Stock,$17.44,0.07,0.403%,230402630.00,United States,2021,22864,Finance,Major Banks
FIP,FTAI Infrastructure Inc. Common Stock ,$5.30,-0.02,-0.376%,603891885.00,United States,,1384306,Energy,Oil Refining/Marketing
FISI,Financial Institutions Inc. Common Stock,$25.37,-0.31,-1.207%,509376145.00,United States,1999,1130105,Finance,Major Banks
FITB,Fifth Third Bancorp Common Stock,$39.48,0.05,0.127%,26278611116.00,United States,,21005319,Finance,Major Banks
FITBI,Fifth Third Bancorp Depositary Shares,$25.67,0.015,0.058%,17086422172.00,United States,,24129,Finance,Major Banks
FITBO,Fifth Third Bancorp Depositary Shares each representing a 1/1000th ownership interest in a share of Non-Cumulative Perpetual Preferred Stock Series K,$22.62,0.08,0.355%,15056286308.00,United States,,13111,Finance,Major Banks
FITBP,Fifth Third Bancorp Depositary Shares each representing 1/40th share of Fifth Third 6.00% Non-Cumulative Perpetual Class B Preferred Stock Series A,$24.76,-0.08,-0.322%,16480709504.00,United States,,7315,Finance,Major Banks
FIVE,Five Below Inc. Common Stock,$76.24,0.13,0.171%,4193934115.00,United States,2012,2594773,Consumer Discretionary,Department/Specialty Retail Stores
FIVN,Five9 Inc. Common Stock,$30.14,0.51,1.721%,2284900199.00,United States,2014,1320945,Technology,EDP Services
FIZZ,National Beverage Corp. Common Stock,$39.08,-0.67,-1.686%,3658679214.00,United States,,445196,Consumer Staples,Beverages (Production/Distribution)
FKWL,Franklin Wireless Corp. Common Stock,$5.55,-0.14,-2.46%,65402754.00,United States,,45895,Utilities,Telecommunications Equipment
FLD,Fold Holdings Inc. Class A Common Stock,$8.42,2.00,31.153%,388489336.00,United States,2025,191863,Finance,Finance: Consumer Services
FLDDW,Fold Holdings Inc. Warrant,$0.98,0.08,8.889%,45216098.00,United States,2025,66582,Finance,Finance: Consumer Services
FLEX,Flex Ltd. Ordinary Shares,$36.40,0.34,0.943%,13944951202.00,Singapore,1994,8769935,Technology,Electrical Products
FLGC,Flora Growth Corp. Common Stock,$0.62,-0.0373,-5.675%,8287252.00,Canada,2021,82524,Health Care,Biotechnology: Pharmaceutical Preparations
FLGT,Fulgent Genetics Inc. Common Stock,$17.09,0.20,1.184%,526875369.00,United States,2016,4511528,Health Care,Medical Specialities
FLIC,First of Long Island Corporation (The) Common Stock,$12.07,-0.13,-1.066%,273208481.00,United States,,339512,Finance,Major Banks
FLL,Full House Resorts Inc. Common Stock,$4.28,0.12,2.885%,153547769.00,United States,,317447,Consumer Discretionary,Hotels/Resorts
FLNC,Fluence Energy Inc. Class A Common Stock,$5.38,-0.05,-0.921%,976734454.00,United States,2021,2950764,Miscellaneous,Industrial Machinery/Components
FLNT,Fluent Inc. Common Stock,$2.04,0.00,0.00%,34428619.00,United States,,19562,Consumer Discretionary,Advertising
FLUX,Flux Power Holdings Inc. Common Stock,$1.95,0.325,20.00%,32530807.00,United States,,248205,Miscellaneous,Industrial Machinery/Components
FLWS,1-800-FLOWERS.COM Inc. Common Stock,$5.80,0.13,2.293%,368886757.00,United States,1999,771920,Consumer Discretionary,Other Specialty Stores
FLX,BingEx Limited American Depositary Shares,$7.81,-0.67,-7.901%,554665497.00,China,2024,6094,Industrials,Trucking Freight/Courier Services
FLXS,Flexsteel Industries Inc. Common Stock,$38.30,-0.71,-1.82%,201816756.00,United States,,26569,Consumer Discretionary,Home Furnishings
FLYE,Fly-E Group Inc. Common Stock,$0.4701,-0.0194,-3.963%,11558584.00,United States,2024,207094,Industrials,Aerospace
FLYW,Flywire Corporation Voting Common Stock,$9.96,-0.16,-1.581%,1230983870.00,United States,2021,2690758,Consumer Discretionary,Business Services
FMAO,Farmers & Merchants Bancorp Inc. Common Stock,$24.25,-0.07,-0.288%,332232542.00,United States,,58186,Finance,Savings Institutions
FMBH,First Mid Bancshares Inc. Common Stock,$35.02,-0.22,-0.624%,839861302.00,United States,,177959,Finance,Major Banks
FMNB,Farmers National Banc Corp. Common Stock,$12.95,-0.34,-2.558%,487109536.00,United States,,396025,Finance,Major Banks
FMST,Foremost Clean Energy Ltd. Common Shares,$0.8233,0.0433,5.551%,8510778.00,Canada,,61768,Basic Materials,Other Metals and Minerals
FMSTW,Foremost Clean Energy Ltd. Warrant,$0.1105,0.0005,0.455%,1142282.00,Canada,,7116,Basic Materials,Other Metals and Minerals
FMTO,Femto Technologies Inc. Common Stock,$1.61,-0.0606,-3.627%,1046640.00,Canada,,10133,Technology,Computer Software: Prepackaged Software
FNGR,FingerMotion Inc. Common Stock,$1.56,0.10,6.849%,89140250.00,United States,,454756,Technology,Computer Software: Prepackaged Software
FNKO,Funko Inc. Class A Common Stock,$7.30,0.06,0.829%,398106230.00,United States,2017,1717200,Consumer Discretionary,Recreational Games/Products/Toys
FNLC,First Bancorp Inc  (ME) Common Stock,$25.08,0.13,0.521%,280789861.00,United States,,53347,Finance,Major Banks
FNWB,First Northwest Bancorp Common Stock,$10.25,-0.06,-0.582%,95919582.00,United States,2015,5350,Finance,Banks
FNWD,Finward Bancorp Common Stock,$28.94,0.26,0.907%,124845424.00,United States,,4006,Finance,Major Banks
FOLD,Amicus Therapeutics Inc. Common Stock,$9.005,-0.075,-0.826%,2702545309.00,United States,2007,2929243,Health Care,Biotechnology: Pharmaceutical Preparations
FONR,Fonar Corporation Common Stock,$13.84,0.03,0.217%,95489938.00,United States,1981,4540,Health Care,Biotechnology: Electromedical & Electrotherapeutic Apparatus
FORA,Forian Inc. Common Stock,$2.06,-0.12,-5.505%,63893741.00,United States,,8903,Technology,EDP Services
FORD,Forward Industries Inc. Common Stock,$3.79,0.07,1.882%,4173052.00,United States,,8842,Industrials,Plastic Products
FORL,Four Leaf Acquisition Corporation Class A Common Stock,$11.34,0.00,0.00%,0.00,United States,2023,15,Finance,Blank Checks
FORLW,Four Leaf Acquisition Corporation Warrants,$0.05,0.00,0.00%,0.00,United States,2023,119,Finance,Blank Checks
FORM,FormFactor Inc. FormFactor Inc. Common Stock,$31.11,-1.16,-3.595%,2413072878.00,United States,2003,1575631,Technology,Semiconductors
FORR,Forrester Research Inc. Common Stock,$9.43,-0.19,-1.975%,178990830.00,United States,1996,99409,Consumer Discretionary,Diversified Commercial Services
FORTY,Formula Systems (1985) Ltd. American Depositary Shares,$93.75,0.00,0.00%,1436031281.00,Israel,,102,Technology,EDP Services
FOSL,Fossil Group Inc. Common Stock,$1.27,-0.01,-0.781%,67638502.00,United States,1993,468068,Consumer Discretionary,Consumer Specialties
FOSLL,Fossil Group Inc. 7% Senior Notes due 2026,$16.55,-0.18,-1.076%,881430873.00,United States,,4015,Consumer Discretionary,Consumer Specialties
FOX,Fox Corporation Class B Common Stock,$49.70,0.30,0.607%,22535364543.00,United States,,3099807,Industrials,Broadcasting
FOXA,Fox Corporation Class A Common Stock,$53.40,0.19,0.357%,24213047617.00,United States,,16692512,Industrials,Broadcasting
FOXF,Fox Factory Holding Corp. Common Stock,$25.02,0.12,0.482%,1042931303.00,United States,2013,1048560,Consumer Discretionary,Motor Vehicles
FOXX,Foxx Development Holdings Inc. Common Stock,$4.77,0.01,0.21%,34728448.00,United States,,16671,Telecommunications,Computer Communications Equipment
FPAY,FlexShopper Inc. Common Stock,$1.33,-0.218,-14.083%,28543780.00,United States,,156774,Consumer Discretionary,Diversified Commercial Services
FRAF,Franklin Financial Services Corporation Common Stock,$35.73,-0.78,-2.136%,158656993.00,United States,,56323,Finance,Major Banks
FRBA,First Bank Common Stock,$14.58,-0.30,-2.016%,366459596.00,United States,2013,169976,Finance,Commercial Banks
FRGT,Freight Technologies Inc. Ordinary Shares,$1.27,0.13,11.404%,1820926.00,United States,2017,61392,Consumer Discretionary,Professional Services
FRHC,Freedom Holding Corp. Common Stock,$134.05,-1.42,-1.048%,8126140089.00,Kazakhstan,,42842,Finance,Investment Bankers/Brokers/Service
FRME,First Merchants Corporation Common Stock,$40.24,-0.62,-1.517%,2355458219.00,United States,,1578426,Finance,Major Banks
FRMEP,First Merchants Corporation Depository Shares,$25.3648,0.00,0.00%,1484734757.00,United States,,174,Finance,Major Banks
FROG,JFrog Ltd. Ordinary Shares,$33.98,0.11,0.325%,3835596173.00,United States,2020,597813,Technology,Computer Software: Prepackaged Software
FRPH,FRP Holdings Inc. Common Stock,$28.24,-0.23,-0.808%,539026312.00,United States,,87169,Finance,Real Estate
FRPT,Freshpet Inc. Common Stock,$86.64,0.22,0.255%,4220981237.00,United States,2014,9845500,Consumer Staples,Packaged Foods
FRSH,Freshworks Inc. Class A Common Stock,$15.54,0.25,1.635%,4685806348.00,United States,2021,2527711,Technology,Computer Software: Prepackaged Software
FRST,Primis Financial Corp. Common Stock,$9.93,-0.19,-1.877%,245496749.00,United States,2006,386354,Finance,Major Banks
FRSX,Foresight Autonomous Holdings Ltd. American Depositary Shares,$0.704,0.021,3.075%,10789458.00,Israel,,25159,Technology,Computer Software: Prepackaged Software
FSBC,Five Star Bancorp Common Stock,$28.00,-0.43,-1.512%,597218580.00,United States,2021,118389,Finance,Major Banks
FSBW,FS Bancorp Inc. Common Stock,$37.11,-0.12,-0.322%,288078510.00,United States,2012,30303,Finance,Banks
FSEA,First Seacoast Bancorp Inc. Common Stock,$11.39,0.14,1.244%,53478146.00,United States,2019,8588,Finance,Savings Institutions
FSFG,First Savings Financial Group Inc. Common Stock,$26.03,0.80,3.171%,179986335.00,United States,2008,15919,Finance,Savings Institutions
FSHP,Flag Ship Acquisition Corp. Ordinary Shares,$10.30,0.00,0.00%,0.00,United States,2024,1873,,
FSHPR,Flag Ship Acquisition Corp. Right,$0.1237,0.00,0.00%,0.00,United States,2024,2,,
FSLR,First Solar Inc. Common Stock,$131.32,2.86,2.226%,14059395629.00,United States,2006,4510132,Technology,Semiconductors
FSTR,L.B. Foster Company Common Stock,$20.51,-0.13,-0.63%,220536503.00,United States,,78387,Industrials,Metal Fabrications
FSUN,FirstSun Capital Bancorp Common Stock,$38.08,0.045,0.118%,1056869197.00,United States,,76330,Finance,Major Banks
FSV,FirstService Corporation Common Shares,$170.30,0.53,0.312%,7666274017.00,Canada,,153396,Finance,Real Estate
FTAI,FTAI Aviation Ltd. Common Stock,$107.23,0.53,0.497%,10996541049.00,United States,,1451571,Industrials,Misc Corporate Leasing Services
FTAIM,FTAI Aviation Ltd. 9.500% Fixed-Rate Reset Series D Cumulative Perpetual Redeemable Preferred Shares,$25.88,-0.1221,-0.47%,2654019233.00,United States,,1827,Industrials,Misc Corporate Leasing Services
FTAIN,FTAI Aviation Ltd. 8.25% Fixed - Rate Reset Series C Cumulative Perpetual Redeemable Preferred Shares,$25.25,-0.098,-0.387%,2589412119.00,United States,,2545,Industrials,Misc Corporate Leasing Services
FTCI,FTC Solar Inc. Common Stock,$2.81,0.08,2.93%,35902578.00,United States,2021,31702,Technology,Semiconductors
FTDR,Frontdoor Inc. Common Stock,$38.09,0.29,0.767%,2847061009.00,United States,,1298987,Finance,Diversified Commercial Services
FTEK,Fuel Tech Inc. Common Stock,$0.9658,-0.0111,-1.136%,29658050.00,United States,,17380,Industrials,Pollution Control Equipment
FTEL,Fitell Corporation Ordinary Shares,$0.879,-0.018,-2.007%,17688456.00,Australia,2023,391146,Consumer Discretionary,Recreational Games/Products/Toys
FTFT,Future FinTech Group Inc. Common Stock,$0.1901,-0.0021,-1.093%,3944105.00,China,,353518,Consumer Discretionary,Business Services
FTHM,Fathom Holdings Inc. Common Stock,$0.98,0.05,5.376%,22167850.00,United States,2020,49990,Finance,Real Estate
FTLF,FitLife Brands Inc. Common Stock,$13.48,-0.16,-1.173%,124153712.00,United States,,17117,Health Care, Medicinal Chemicals and Botanical Products 
FTNT,Fortinet Inc. Common Stock,$98.65,0.20,0.203%,75859291216.00,United States,2009,5778703,Technology,Computer peripheral equipment
FTRE,Fortrea Holdings Inc. Common Stock,$8.77,0.00,0.00%,791054000.00,United States,,8023596,Health Care,Medical Specialities
FUFU,BitFuFu Inc. Class A Ordinary Shares,$4.28,-0.23,-5.10%,697221703.00,Singapore,,316487,Finance,Finance: Consumer Services
FUFUW,BitFuFu Inc. Warrant,$0.45,0.00,0.00%,73306020.00,Singapore,,81,Finance,Finance: Consumer Services
FULC,Fulcrum Therapeutics Inc. Common Stock,$3.15,0.13,4.305%,170034814.00,United States,2019,1228809,Health Care,Biotechnology: Pharmaceutical Preparations
FULT,Fulton Financial Corporation Common Stock,$18.02,-0.14,-0.771%,3283235170.00,United States,,5411433,Finance,Major Banks
FULTP,Fulton Financial Corporation Depositary Shares Each Representing a 1/40th Interest in a Share of Fixed Rate Non-Cumulative Perpetual Preferred Stock Series A,$19.9499,-0.08,-0.399%,3634862005.00,United States,,11340,Finance,Major Banks
FUNC,First United Corporation Common Stock,$30.88,-0.39,-1.247%,199751140.00,United States,,21220,Finance,Major Banks
FUND,Sprott Focus Trust Inc. Common Stock,$7.30,-0.027,-0.369%,216324966.00,United States,,18970,Finance,Investment Managers
FUSB,First US Bancshares Inc. Common Stock,$13.50,0.0798,0.595%,77790537.00,United States,,5432,Finance,Major Banks
FUTU,Futu Holdings Limited American Depositary Shares,$106.36,-2.77,-2.538%,14655741336.00,Hong Kong,2019,1997378,Finance,Investment Bankers/Brokers/Service
FVCB,FVCBankcorp Inc. Common Stock,$10.18,-0.26,-2.49%,185321352.00,United States,,46226,Finance,Major Banks
FVN,Future Vision II Acquisition Corporation Ordinary shares,$10.18,0.08,0.792%,0.00,China,2024,21645,,
FVNNR,Future Vision II Acquisition Corporation Right,$0.16,0.0299,22.982%,0.00,China,2024,27907,,
FWONA,Liberty Media Corporation Series A Liberty Formula One Common Stock,$78.68,-1.40,-1.748%,19611927079.00,United States,,200111,Industrials,Broadcasting
FWONK,Liberty Media Corporation Series C Liberty Formula One Common Stock,$85.88,-1.19,-1.367%,21406612831.00,United States,,1793092,Industrials,Broadcasting
FWRD,Forward Air Corporation Common Stock,$21.25,0.04,0.189%,615281234.00,United States,,757594,Consumer Discretionary,Oil Refining/Marketing
FWRG,First Watch Restaurant Group Inc. Common Stock,$16.34,-0.51,-3.027%,991839471.00,United States,2021,1850940,Consumer Discretionary,Restaurants
FXNC,First National Corporation Common Stock,$22.27,-0.08,-0.358%,199769049.00,United States,,44015,Finance,Major Banks
FYBR,Frontier Communications Parent Inc. Common Stock,$35.79,-0.16,-0.445%,8936798790.00,United States,,8585983,Telecommunications,Telecommunications Equipment
GABC,German American Bancorp Inc. Common Stock,$38.20,-0.14,-0.365%,1429418482.00,United States,,722226,Finance,Major Banks
GAIA,Gaia Inc. Class A Common Stock,$4.09,-0.09,-2.153%,102547089.00,United States,1999,65521,Consumer Discretionary,Movies/Entertainment
GAIN,Gladstone Investment Corporation Business Development Company,$13.40,-0.17,-1.253%,493620905.00,United States,2005,286994,Finance,Finance: Consumer Services
GAINI,Gladstone Investment Corporation 7.875% Notes due 2030,$25.37,-0.03,-0.118%,0.00,United States,,21763,Finance,Finance: Consumer Services
GAINL,Gladstone Investment Corporation 8.00% Notes due 2028,$25.80,-0.07,-0.271%,950404430.00,United States,,235,Finance,Finance: Consumer Services
GAINN,Gladstone Investment Corporation 5.00% Notes Due 2026,$24.94,0.01,0.04%,918724282.00,United States,,2309,Finance,Finance: Consumer Services
GAINZ,Gladstone Investment Corporation 4.875% Notes due 2028,$23.32,0.00,0.00%,859047725.00,United States,,1535,Finance,Finance: Consumer Services
GALT,Galectin Therapeutics Inc. Common Stock,$1.59,0.06,3.922%,99791302.00,United States,,1247949,Health Care,Biotechnology: Pharmaceutical Preparations
GAMB,Gambling.com Group Limited Ordinary Shares,$13.20,-0.13,-0.975%,491337647.00,Jersey,2021,626611,Consumer Discretionary,Services-Misc. Amusement & Recreation
GAME,GameSquare Holdings Inc. Common Stock,$0.78,-0.021,-2.622%,23682791.00,United States,,360256,Consumer Discretionary,Services-Misc. Amusement & Recreation
GAN,GAN Limited Ordinary Shares,$1.79,0.01,0.562%,81975241.00,United Kingdom,2020,94434,Technology,Computer Software: Programming Data Processing
GANX,Gain Therapeutics Inc. Common Stock,$2.34,0.05,2.183%,62068659.00,United States,2021,126185,Health Care,Biotechnology: Pharmaceutical Preparations
GASS,StealthGas Inc. Common Stock,$5.78,-0.10,-1.701%,208902644.00,Greece,2005,110135,Consumer Discretionary,Marine Transportation
GATE,Marblegate Acquisition Corp. Class A Common Stock,$11.60,1.10,10.476%,0.00,United States,2021,7802,Finance,Blank Checks
GATEU,Marblegate Acquisition Corp. Unit,$12.01,1.09,9.982%,0.00,United States,2021,11941,Finance,Blank Checks
GATEW,Marblegate Acquisition Corp. Warrant,$0.0847,0.0336,65.753%,0.00,United States,2021,240,Finance,Blank Checks
GAUZ,Gauzy Ltd. Ordinary Shares,$9.42,0.18,1.948%,176345104.00,Israel,2024,42500,Miscellaneous,Industrial Machinery/Components
GBBK,Global Blockchain Acquisition Corp. Common Stock,$11.28,0.00,0.00%,0.00,United States,2022,3,Finance,Blank Checks
GBBKR,Global Blockchain Acquisition Corp. Right,$0.099,0.00,0.00%,0.00,United States,2022,100,Finance,Blank Checks
GBBKW,Global Blockchain Acquisition Corp. Warrant,$0.03,-0.005,-14.286%,0.00,United States,2022,19120,Finance,Blank Checks
GBDC,Golub Capital BDC Inc. Common Stock,$15.12,0.03,0.199%,4014338787.00,United States,2010,1644152,Finance,Finance: Consumer Services
GBIO,Generation Bio Co. Common Stock,$0.5031,-0.0129,-2.50%,33711656.00,United States,2020,861472,Health Care,Biotechnology: Pharmaceutical Preparations
GCBC,Greene County Bancorp Inc. Common Stock,$22.50,-1.14,-4.822%,383103630.00,United States,,96613,Finance,Banks
GCL,GCL Global Holdings Ltd Ordinary Shares,$2.16,0.08,3.846%,272757011.00,Singapore,,34330,Technology,Computer Software: Prepackaged Software
GCLWW,GCL Global Holdings Ltd Warrants,$0.0665,-0.0114,-14.634%,8397380.00,Singapore,,12219,Technology,Computer Software: Prepackaged Software
GCMG,GCM Grosvenor Inc. Class A Common Stock,$13.33,0.02,0.15%,2521329243.00,United States,,859197,Finance,Investment Managers
GCMGW,GCM Grosvenor Inc. Warrant,$1.86,-0.09,-4.615%,351813383.00,United States,,249,Finance,Investment Managers
GCT,GigaCloud Technology Inc Class A Ordinary Shares,$15.06,0.20,1.346%,603399442.00,Hong Kong,2022,1420980,Consumer Discretionary,Catalog/Specialty Distribution
GCTK,GlucoTrack Inc. Common Stock,$0.2985,-0.115,-27.811%,2320710.00,United States,,91670988,Health Care,Medical/Dental Instruments
GDC,GD Culture Group Limited Common Stock,$2.64,0.29,12.34%,32426840.00,China,2015,155988,Industrials,Steel/Iron Ore
GDEN,Golden Entertainment Inc. Common Stock,$27.32,-0.47,-1.691%,724280711.00,United States,,619001,Consumer Discretionary,Services-Misc. Amusement & Recreation
GDEV,GDEV Inc. Ordinary Shares,$15.24,-0.46,-2.93%,275941155.00,Cyprus,,10392,Technology,EDP Services
GDHG,Golden Heaven Group Holdings Ltd. Class A Ordinary Shares,$1.405,0.075,5.639%,48505664.00,China,2023,2986921,Consumer Discretionary,Services-Misc. Amusement & Recreation
GDRX,GoodRx Holdings Inc. Class A Common Stock,$4.64,-0.10,-2.11%,1779948767.00,United States,2020,3709569,Technology,EDP Services
GDS,GDS Holdings Limited ADS,$27.67,-0.95,-3.319%,5378981952.00,China,2016,3884748,Technology,Computer Software: Programming Data Processing
GDST,Goldenstone Acquisition Limited Common Stock,$11.57,0.09,0.784%,0.00,United States,2022,1006,Finance,Blank Checks
GDSTR,Goldenstone Acquisition Limited Rights,$0.18,-0.0345,-16.084%,0.00,United States,2022,400,Finance,Blank Checks
GDSTW,Goldenstone Acquisition Limited Warrants,$0.0999,-0.0002,-0.20%,0.00,United States,2022,2397,Finance,Blank Checks
GDTC,CytoMed Therapeutics Limited Ordinary Shares,$2.61,-0.05,-1.88%,30119400.00,Singapore,2023,18258,Health Care,Biotechnology: Pharmaceutical Preparations
GDYN,Grid Dynamics Holdings Inc. Class A Common Stock,$16.26,-0.09,-0.55%,1363211669.00,United States,2018,2415198,Technology,Computer Software: Prepackaged Software
GECC,Great Elm Capital Corp. Common Stock,$10.145,0.105,1.046%,77121884.00,United States,,10887,Finance,Finance: Consumer Services
GECCH,Great Elm Capital Corp. 8.125% Notes Due 2029,$25.00,0.00,0.00%,0.00,United States,,500,,
GECCI,Great Elm Capital Corp. 8.50% NOTES DUE 2029,$25.18,0.07,0.279%,0.00,United States,,539,Finance,Finance Companies
GECCO,Great Elm Capital Corp. 5.875% Notes due 2026,$25.00,0.00,0.00%,0.00,United States,,103,Finance,Finance Companies
GECCZ,Great Elm Capital Corp. 8.75% Notes due 2028,$25.0583,0.00,0.00%,0.00,United States,,103,Finance,Finance Companies
GEG,Great Elm Group Inc. Common Stock,$2.00,0.06,3.093%,56683104.00,United States,,17587,Technology,Computer Software: Prepackaged Software
GEGGL,Great Elm Group Inc.  7.25% Notes due 2027,$23.75,0.0223,0.094%,673111860.00,United States,,2325,Finance,Finance: Consumer Services
GEHC,GE HealthCare Technologies Inc. Common Stock ,$81.49,-0.32,-0.391%,37265239282.00,United States,,4304576,Health Care,Medical Electronics
GELS,Gelteq Limited Ordinary Shares,$1.06,0.0787,8.02%,10004360.00,Australia,2024,23794,Health Care,Biotechnology: Pharmaceutical Preparations
GEN,Gen Digital Inc. Common Stock,$27.18,-0.38,-1.379%,16751071209.00,United States,,19989552,Technology,Computer Software: Prepackaged Software
GENK,GEN Restaurant Group Inc. Class A Common Stock,$6.19,0.11,1.809%,205119683.00,United States,2023,27329,Consumer Discretionary,Restaurants
GEOS,Geospace Technologies Corporation Common Stock (Texas),$7.42,-0.04,-0.536%,94803500.00,United States,,67592,Industrials,Industrial Machinery/Components
GERN,Geron Corporation Common Stock,$1.82,0.07,4.00%,1159166135.00,United States,1996,26703697,Health Care,Biotechnology: Pharmaceutical Preparations
GEVO,Gevo Inc. Common Stock,$1.31,-0.01,-0.758%,313623757.00,United States,2011,3898705,Industrials,Major Chemicals
GFAI,Guardforce AI Co. Limited Ordinary Shares,$1.13,0.00,0.00%,11108321.00,Singapore,,151889,Consumer Discretionary,Diversified Commercial Services
GFAIW,Guardforce AI Co. Limited Warrant,$0.22,-0.0023,-1.035%,2162682.00,Singapore,,2431,Consumer Discretionary,Diversified Commercial Services
GFS,GlobalFoundries Inc. Ordinary Shares,$38.63,0.50,1.311%,21383566580.00,United States,2021,8360937,Technology,Semiconductors
GGAL,Grupo Financiero Galicia S.A. American Depositary Shares,$58.56,2.20,3.903%,8635796879.00,Argentina,,763910,Finance,Commercial Banks
GGR,Gogoro Inc. Ordinary Shares,$0.3663,0.0026,0.715%,108084141.00,Taiwan,,1213530,Consumer Discretionary,Auto Manufacturing
GH,Guardant Health Inc. Common Stock,$46.10,1.38,3.086%,5689728430.00,United States,2018,2065363,Health Care,Medical Specialities
GHRS,GH Research PLC Ordinary Shares,$12.50,0.43,3.563%,775351813.00,Ireland,2021,166136,Health Care,Biotechnology: Pharmaceutical Preparations
GIFI,Gulf Island Fabrication Inc. Common Stock,$6.65,-0.07,-1.042%,108702582.00,United States,1997,27979,Industrials,Metal Fabrications
GIFT,Giftify Inc. Common Stock,$1.88,0.07,3.867%,49203106.00,United States,,155812,Consumer Discretionary,Catalog/Specialty Distribution
GIG,GigCapital7 Corp. Class A Ordinary Share,$10.13,0.00,0.00%,0.00,United States,2024,21,Finance,Blank Checks
GIGGW,GigCapital7 Corp. Warrant,$0.0701,0.00,0.00%,0.00,United States,2024,140,Finance,Blank Checks
GIGM,GigaMedia Limited Ordinary Shares,$1.60,0.00,0.00%,17683576.00,Taiwan,,3998,Technology,Computer Software: Programming Data Processing
GIII,G-III Apparel Group LTD. Common Stock,$26.20,-0.45,-1.689%,1149831723.00,United States,1989,2813359,Consumer Discretionary,Apparel
GILD,Gilead Sciences Inc. Common Stock,$107.08,1.21,1.143%,133351656319.00,United States,1992,26497522,Health Care,Biotechnology: Biological Products (No Diagnostic Substances)
GILT,Gilat Satellite Networks Ltd. Ordinary Shares,$6.60,-0.10,-1.493%,376306168.00,Israel,,186194,Technology,Radio And Television Broadcasting And Communications Equipment
GIPR,Generation Income Properties Inc. Common Stock,$1.56,-0.03,-1.887%,8460173.00,United States,,19462,Real Estate,Real Estate Investment Trusts
GITS,Global Interactive Technologies Inc. Common Stock,$1.84,0.10,5.747%,4858389.00,South Korea,2023,329600,Technology,Computer Software: Programming Data Processing
GLAD,Gladstone Capital Corporation Common Stock,$27.33,-0.12,-0.437%,610274855.00,United States,2001,88171,Consumer Discretionary,Textiles
GLADZ,Gladstone Capital Corporation 7.75% Notes due 2028,$25.5519,-0.0581,-0.227%,555867505.00,United States,,1730,,
GLBE,Global-E Online Ltd. Ordinary Shares,$37.91,1.07,2.904%,6284489080.00,Israel,2021,1651622,Technology,Computer Software: Prepackaged Software
GLBS,Globus Maritime Limited Common Stock,$1.2452,-0.0048,-0.384%,25629081.00,Greece,,2214,Consumer Discretionary,Marine Transportation
GLBZ,Glen Burnie Bancorp Common Stock,$5.23,0.21,4.183%,15170562.00,United States,,4711,Finance,Major Banks
GLDD,Great Lakes Dredge & Dock Corporation Common Stock,$9.11,-0.22,-2.358%,612943830.00,United States,,1312070,Industrials,Military/Government/Technical
GLE,Global Engine Group Holding Limited Ordinary Shares,$2.09,0.15,7.732%,38247000.00,Hong Kong,2024,58931,Technology,EDP Services
GLMD,Galmed Pharmaceuticals Ltd. Ordinary Shares,$2.26,-0.03,-1.31%,1454739.00,Israel,2014,108206,Health Care,Biotechnology: Pharmaceutical Preparations
GLNG,Golar Lng Ltd,$37.76,-0.54,-1.41%,3922436301.00,Bermuda,,2167362,Consumer Discretionary,Marine Transportation
GLPG,Galapagos NV American Depositary Shares,$25.82,0.10,0.389%,1701462373.00,Belgium,2015,183920,Health Care,Biotechnology: Pharmaceutical Preparations
GLPI,Gaming and Leisure Properties Inc. Common Stock,$50.20,-0.79,-1.549%,13796591801.00,United States,,1903977,Real Estate,Real Estate Investment Trusts
GLRE,Greenlight Capital Re Ltd. Class A Ordinary Shares,$13.22,-0.20,-1.49%,456938407.00,Cayman Islands,2007,202745,Finance,Property-Casualty Insurers
GLSI,Greenwich LifeSciences Inc. Common Stock,$11.11,-0.23,-2.028%,146037095.00,United States,2020,45843,Health Care,Biotechnology: Pharmaceutical Preparations
GLTO,Galecto Inc. Common Stock,$6.10,1.96,47.343%,8066390.00,Denmark,2020,10710860,Health Care,Biotechnology: Pharmaceutical Preparations
GLUE,Monte Rosa Therapeutics Inc. Common Stock,$5.80,-1.26,-17.847%,356333092.00,United States,2021,2129578,Health Care,Biotechnology: Biological Products (No Diagnostic Substances)
GLXG,Galaxy Payroll Group Limited Ordinary Shares,$0.89,0.0784,9.66%,15797500.00,Hong Kong,2024,75386,Consumer Discretionary,Diversified Commercial Services
GLYC,GlycoMimetics Inc. Common Stock,$0.27,-0.0014,-0.516%,17418743.00,United States,2014,605040,Health Care,Biotechnology: Pharmaceutical Preparations
GMAB,Genmab A/S ADS,$19.76,-0.08,-0.403%,13078587954.00,Denmark,2019,1122333,Health Care,Biotechnology: Pharmaceutical Preparations
GMGI,Golden Matrix Group Inc. Common Stock,$1.98,-0.09,-4.348%,255227380.00,United States,,507935,Technology,Computer Software: Prepackaged Software
GMHS,Gamehaus Holdings Inc. Class A Ordinary Shares,$1.56,-0.07,-4.294%,83568228.00,China,,18997,Technology,EDP Services
GMM,Global Mofy AI Limited Class A Ordinary Shares,$4.03,0.04,1.003%,11812873.00,China,2023,23556,Technology,Computer Software: Programming Data Processing
GNFT,GENFIT S.A. American Depositary Shares,$3.63,0.02,0.554%,180900988.00,France,2019,920,Health Care,Biotechnology: Biological Products (No Diagnostic Substances)
GNLN,Greenlane Holdings Inc. Class A Common Stock,$0.4275,-0.0338,-7.327%,571788.00,United States,2019,403853,Consumer Discretionary,Durable Goods
GNLX,Genelux Corporation Common Stock,$3.93,-0.05,-1.256%,135735067.00,United States,2023,93061,Health Care,Biotechnology: Pharmaceutical Preparations
GNPX,Genprex Inc. Common Stock,$0.3576,-0.0178,-4.742%,3042485.00,United States,2018,1360534,Health Care,Biotechnology: Pharmaceutical Preparations
GNSS,Genasys Inc. Common Stock,$2.45,-0.02,-0.81%,110085772.00,United States,,93602,Consumer Staples,Consumer Electronics/Appliances
GNTA,Genenta Science S.p.A. American Depositary Shares,$4.15,0.23,5.867%,75600376.00,Italy,2021,9027,Health Care,Biotechnology: Biological Products (No Diagnostic Substances)
GNTX,Gentex Corporation Common Stock,$23.91,-0.18,-0.747%,5432250000.00,United States,,5104785,Consumer Discretionary,Auto Parts:O.E.M.
GO,Grocery Outlet Holding Corp. Common Stock,$12.68,0.05,0.396%,1234498705.00,United States,2019,3251710,Consumer Staples,Food Chains
GOCO,GoHealth Inc. Class A Common Stock,$13.00,-0.74,-5.386%,299117845.00,United States,2020,99171,Finance,Specialty Insurers
GOGL,Golden Ocean Group Limited Common Stock,$7.68,-0.29,-3.639%,1533145290.00,Bermuda,,4678042,Consumer Discretionary,Marine Transportation
GOGO,Gogo Inc. Common Stock,$7.42,-0.30,-3.886%,974617942.00,United States,2013,2390566,Consumer Discretionary,Telecommunications Equipment
GOOD,Gladstone Commercial Corporation Real Estate Investment Trust,$14.73,-0.14,-0.941%,650959075.00,United States,2003,745529,Real Estate,Real Estate
GOODN,Gladstone Commercial Corporation 6.625% Series E Cumulative Redeemable Preferred Stock,$22.75,-0.15,-0.655%,1005384858.00,United States,,844,Real Estate,Real Estate
GOODO,Gladstone Commercial Corporation 6.00% Series G Cumulative Redeemable Preferred Stock par value $0.001 per share,$20.7444,-0.0256,-0.123%,916751896.00,United States,,1924,Real Estate,Real Estate
GOOG,Alphabet Inc. Class C Capital Stock,$166.25,1.20,0.727%,2026587500000.00,United States,2004,29882064,Technology,Computer Software: Programming Data Processing
GOOGL,Alphabet Inc. Class A Common Stock,$163.99,1.19,0.731%,1999038100000.00,United States,2004,36625764,Technology,Computer Software: Programming Data Processing
GORV,Lazydays Holdings Inc. Common Stock,$0.8206,-0.0294,-3.459%,11644858.00,United States,,3158261,Consumer Discretionary,Retail-Auto Dealers and Gas Stations
GOSS,Gossamer Bio Inc. Common Stock,$1.39,0.04,2.963%,315837553.00,United States,2019,1070481,Health Care,Biotechnology: Pharmaceutical Preparations
GOVX,GeoVax Labs Inc. Common Stock,$1.31,-0.04,-2.963%,15557526.00,United States,,492612,Health Care,Biotechnology: Pharmaceutical Preparations
GP,GreenPower Motor Company Inc. Common Shares,$0.57,-0.024,-4.04%,16809962.00,Canada,,18860,Consumer Discretionary,Construction/Ag Equipment/Trucks
GPAT,GP-Act III Acquisition Corp. Class A Ordinary Share,$10.27,-0.03,-0.291%,0.00,United States,2024,178,,
GPATW,GP-Act III Acquisition Corp. Warrants,$0.18,0.00,0.00%,0.00,United States,2024,60,,
GPCR,Structure Therapeutics Inc. American Depositary Shares,$20.97,-0.90,-4.115%,1202479523.00,United States,2023,413328,Health Care,Biotechnology: Pharmaceutical Preparations
GPRE,Green Plains Inc. Common Stock,$5.33,0.07,1.331%,345007947.00,United States,,14644517,Industrials,Major Chemicals
GPRO,GoPro Inc. Class A Common Stock,$0.841,0.06,7.682%,132396718.00,United States,2014,16257511,Consumer Discretionary,Industrial Machinery/Components
GRAB,Grab Holdings Limited Class A Ordinary Shares,$4.64,0.06,1.31%,18904000640.00,Singapore,,23250332,Consumer Discretionary,Business Services
GRABW,Grab Holdings Limited Warrant,$0.45,-0.0145,-3.122%,1833362131.00,Singapore,,88063,Consumer Discretionary,Business Services
GRAL,GRAIL Inc. Common Stock ,$30.29,2.48,8.918%,1026687001.00,United States,,1740673,Health Care,Medical Specialities
GRCE,Grace Therapeutics Inc. Common Stock,$2.55,-0.01,-0.391%,25857000.00,Canada,,24457,Health Care,Biotechnology: Pharmaceutical Preparations
GREE,Greenidge Generation Holdings Inc. Class A Common Stock,$0.89,-0.0392,-4.219%,9930450.00,United States,,125056,Finance,Finance: Consumer Services
GREEL,Greenidge Generation Holdings Inc. 8.50% Senior Notes due 2026,$8.40,-0.2013,-2.34%,93725596.00,United States,,3459,Finance,Finance: Consumer Services
GRFS,Grifols S.A. American Depositary Shares,$7.79,-0.11,-1.392%,5356052733.00,Spain,,1041938,Health Care,Biotechnology: Pharmaceutical Preparations
GRI,GRI Bio Inc. Common Stock,$8.27,1.27,18.143%,4344711.00,United States,2021,82356,Health Care,Biotechnology: Pharmaceutical Preparations
GRNQ,Greenpro Capital Corp. Common Stock,$0.9299,0.0191,2.097%,7044749.00,China,,843,Technology,EDP Services
GROW,U.S. Global Investors Inc. Class A Common Stock,$2.32,0.05,2.203%,30977382.00,United States,,28052,Finance,Investment Managers
GRPN,Groupon Inc. Common Stock,$17.09,0.57,3.45%,680368896.00,United States,2011,1826202,Consumer Discretionary,Advertising
GRRR,Gorilla Technology Group Inc. Ordinary shares,$25.15,1.48,6.253%,279416500.00,Taiwan,,2546799,Technology,Computer Software: Prepackaged Software
GRRRW,Gorilla Technology Group Inc. Warrant,$1.0001,0.1101,12.371%,11111111.00,Taiwan,,194893,Technology,Computer Software: Prepackaged Software
GRVY,GRAVITY Co. Ltd. American Depository Shares,$58.40,-0.47,-0.798%,405815760.00,South Korea,2005,15581,Consumer Discretionary,Business Services
GRWG,GrowGeneration Corp. Common Stock,$1.27,0.04,3.252%,75511682.00,United States,,905897,Consumer Discretionary,RETAIL: Building Materials
GRYP,Gryphon Digital Mining Inc Common Stock,$0.1944,-0.0036,-1.818%,9934794.00,United States,2018,370888,Technology,EDP Services
GSAT,Globalstar Inc. Common Stock,$21.97,0.35,1.619%,2777946471.00,United States,2025,1219830,Consumer Discretionary,Telecommunications Equipment
GSBC,Great Southern Bancorp Inc. Common Stock,$56.53,-0.61,-1.068%,655632170.00,United States,1989,102831,Finance,Major Banks
GSHD,Goosehead Insurance Inc. Class A Common Stock,$116.54,1.22,1.058%,4347320289.00,United States,2018,363114,Finance,Specialty Insurers
GSHRU,Gesher Acquisition Corp. II Units,$10.02,0.02,0.20%,0.00,United States,2025,6324701,Finance,Blank Checks
GSIT,GSI Technology Common Stock,$2.47,-0.04,-1.594%,63236379.00,United States,2007,75072,Technology,Semiconductors
GSIW,Garden Stage Limited Ordinary Shares,$0.481,0.0009,0.187%,7515625.00,Hong Kong,2023,23887,Finance,Investment Bankers/Brokers/Service
GSM,Ferroglobe PLC Ordinary Shares,$3.82,-0.25,-6.143%,717721055.00,United Kingdom,,2317650,Basic Materials,Metal Mining
GSRT,GSR III Acquisition Corp. Ordinary Shares,$10.00,-0.01,-0.10%,0.00,United States,2024,267,,
GSRTR,GSR III Acquisition Corp. Right,$1.45,-0.08,-5.229%,0.00,United States,2024,8841,,
GSUN,Golden Sun Health Technology Group Limited Class A Ordinary Shares,$2.95,0.11,3.873%,5843785.00,China,2022,6298,Real Estate,Other Consumer Services
GT,The Goodyear Tire & Rubber Company Common Stock,$9.14,-0.17,-1.826%,2604664764.00,United States,,7082789,Consumer Discretionary,Automotive Aftermarket
GTBP,GT Biopharma Inc. Common Stock,$2.50,0.24,10.619%,5585820.00,United States,,50023,Health Care,Biotechnology: Pharmaceutical Preparations
GTEC,Greenland Technologies Holding Corporation Ordinary Shares,$1.26,0.00,0.00%,17129108.00,China,2018,36515,Industrials,Industrial Machinery/Components
GTI,Graphjet Technology Class A Ordinary Shares,$0.0874,-0.0115,-11.628%,12825190.00,Malaysia,2022,2077533,Energy,Industrial Machinery/Components
GTIM,Good Times Restaurants Inc. Common Stock,$2.41,-0.0126,-0.52%,25643771.00,United States,,11464,Consumer Discretionary,Restaurants
GTLB,GitLab Inc. Class A Common Stock,$50.95,-0.21,-0.41%,8269185000.00,United States,2021,2473178,Technology,Computer Software: Prepackaged Software
GTX,Garrett Motion Inc. Common Stock,$8.94,-0.03,-0.334%,1832787621.00,Switzerland,,2929870,Consumer Discretionary,Auto Parts:O.E.M.
GURE,Gulf Resources Inc. (NV) Common Stock,$0.6785,-0.0615,-8.311%,7278218.00,China,,36967,Industrials,Major Chemicals
GUTS,Fractyl Health Inc. Common Stock,$1.25,0.02,1.626%,61150276.00,United States,2024,217099,,
GV,Visionary Holdings Inc. Common Shares,$4.67,-0.64,-12.053%,17625804.00,Canada,2022,522184,Real Estate,Other Consumer Services
GVH,Globavend Holdings Limited Ordinary Shares,$0.6072,-0.0128,-2.065%,9066178.00,Australia,2023,9024,Consumer Discretionary,Oil Refining/Marketing
GWAV,Greenwave Technology Solutions Inc. Common Stock,$0.2859,0.0019,0.669%,6398088.00,United States,,1130845,Industrials,Metal Fabrications
GWRS,Global Water Resources Inc. Common Stock,$11.13,0.04,0.361%,269635558.00,United States,2016,55592,Utilities,Water Supply
GXAI,Gaxos.ai Inc. Common Stock,$1.20,-0.01,-0.826%,3444928.00,United States,2023,134197,Technology,Computer Software: Prepackaged Software
GYRE,Gyre Therapeutics Inc. Common Stock,$9.71,-0.51,-4.99%,908976812.00,United States,2006,261187,Health Care,Biotechnology: Pharmaceutical Preparations
GYRO,Gyrodyne LLC Common Stock,$8.452,0.102,1.222%,18588551.00,United States,,2080,Real Estate,Building operators
HAFC,Hanmi Financial Corporation Common Stock,$22.46,0.36,1.629%,678207416.00,United States,,594695,Finance,Major Banks
HAIN,Hain Celestial Group Inc. (The) Common Stock,$3.91,0.17,4.545%,352865219.00,United States,,20085172,Consumer Staples,Packaged Foods
HALO,Halozyme Therapeutics Inc. Common Stock,$65.16,0.84,1.306%,8024649480.00,United States,,4001042,Health Care,Biotechnology: Biological Products (No Diagnostic Substances)
HAO,Haoxi Health Technology Limited Class A Ordinary Shares,$1.79,-0.18,-9.137%,5052087.00,China,2024,53931,Consumer Discretionary,Advertising
HAS,Hasbro Inc. Common Stock,$60.57,0.19,0.315%,8451411507.00,United States,,5505539,Consumer Discretionary,Recreational Games/Products/Toys
HBAN,Huntington Bancshares Incorporated Common Stock,$15.02,0.07,0.468%,21835449170.00,United States,,99686603,Finance,Major Banks
HBANL,Huntington Bancshares Incorporated Depositary Shares Each Representing a 1/40th Interest in a Share of 6.875% Series J Non-Cumulative Perpetual Preferred Stock,$25.70,0.12,0.469%,37361587462.00,United States,,14048,Finance,Major Banks
HBANM,Huntington Bancshares Incorporated Depositary Shares each representing a 1/1000th interest in a share of Huntington Series I Preferred Stock,$23.44,0.46,2.002%,34076093778.00,United States,,9033,Finance,Major Banks
HBANP,Huntington Bancshares Incorporated Depositary Shares 4.500% Series H Non-Cumulative Perpetual Preferred Stock,$18.19,0.04,0.22%,26443862877.00,United States,,18936,Finance,Major Banks
HBCP,Home Bancorp Inc. Common Stock,$44.41,-1.49,-3.246%,359614061.00,United States,2008,86183,Finance,Banks
HBIO,Harvard Bioscience Inc. Common Stock,$0.6361,-0.0219,-3.328%,28035774.00,United States,2000,401814,Industrials,Biotechnology: Laboratory Analytical Instruments
HBNC,Horizon Bancorp Inc. Common Stock,$15.28,-0.33,-2.114%,672541652.00,United States,,401147,Finance,Major Banks
HBT,HBT Financial Inc. Common Stock,$22.74,-0.63,-2.696%,717659983.00,United States,2019,100209,Finance,Major Banks
HCAI,Huachen AI Parking Management Technology Holding Co. Ltd. Ordinary Shares,$6.55,0.00,0.00%,206325000.00,China,2025,93379,Consumer Discretionary,Miscellaneous manufacturing industries
HCAT,Health Catalyst Inc Common Stock,$4.41,0.08,1.848%,309628971.00,United States,2019,737278,Technology,Computer Software: Programming Data Processing
HCKT,Hackett Group Inc (The). Common Stock,$28.53,-0.07,-0.245%,792883535.00,United States,,214361,Consumer Discretionary,Professional Services
HCM,HUTCHMED (China) Limited American Depositary Shares,$14.99,-1.14,-7.068%,871020033.00,Hong Kong,2016,166904,Health Care,Biotechnology: Pharmaceutical Preparations
HCSG,Healthcare Services Group Inc. Common Stock,$10.42,-0.13,-1.232%,765742282.00,United States,1983,885824,Health Care,Hospital/Nursing Management
HCTI,Healthcare Triangle Inc. Common Stock,$0.373,0.0079,2.164%,2113709.00,United States,2021,254699,Technology,EDP Services
HCVI,Hennessy Capital Investment Corp. VI Class A Common Stock,$10.80,0.00,0.00%,0.00,United States,2021,5006,Finance,Blank Checks
HCVIU,Hennessy Capital Investment Corp. VI Unit,$10.76,0.01,0.093%,0.00,United States,2021,380,Finance,Blank Checks
HCVIW,Hennessy Capital Investment Corp. VI Warrant,$0.1575,0.0025,1.613%,0.00,United States,2021,876,Finance,Blank Checks
HCWB,HCW Biologics Inc. Common Stock,$0.3037,0.0031,1.031%,11486965.00,United States,2021,150052,Health Care,Biotechnology: Pharmaceutical Preparations
HDL,SUPER HI INTERNATIONAL HOLDING LTD. American Depositary Shares,$26.57,-0.93,-3.382%,1727844443.00,Singapore,2024,2902,Consumer Discretionary,Restaurants
HDSN,Hudson Technologies Inc. Common Stock,$6.15,0.12,1.99%,270754414.00,United States,,705837,Consumer Discretionary,Industrial Specialties
HEES,H&E Equipment Services Inc. Common Stock,$95.03,-0.05,-0.053%,3479350495.00,United States,2006,696418,Industrials,Misc Corporate Leasing Services
HELE,Helen of Troy Limited Common Stock,$52.85,0.66,1.265%,1207925806.00,Bermuda,,1387285,Consumer Discretionary,Home Furnishings
HEPA,Hepion Pharmaceuticals Inc. Common Stock,$0.7999,-0.0291,-3.51%,554342.00,United States,,2888682,Health Care,Biotechnology: Pharmaceutical Preparations
HEPS,D-Market Electronic Services & Trading American Depositary Shares,$2.80,-0.22,-7.285%,899872137.00,Turkey,2021,4033013,Consumer Discretionary,Catalog/Specialty Distribution
HFBL,Home Federal Bancorp Inc. of Louisiana Common Stock,$13.21,0.335,2.602%,41383812.00,United States,2010,20340,Finance,Savings Institutions
HFFG,HF Foods Group Inc. Common Stock,$3.51,-0.04,-1.127%,185109152.00,United States,2017,672799,Consumer Discretionary,Food Distributors
HFWA,Heritage Financial Corporation Common Stock,$23.78,0.13,0.55%,806710033.00,United States,,2465470,Finance,Banks
HGBL,Heritage Global Inc. Common Stock,$2.16,-0.07,-3.139%,80656960.00,United States,,85725,Consumer Discretionary,Business Services
HHS,Harte Hanks Inc. Common Stock,$4.78,0.16,3.463%,35168611.00,United States,,30219,Consumer Discretionary,Advertising
HIFS,Hingham Institution for Savings Common Stock,$234.75,-2.25,-0.949%,504102150.00,United States,,24332,Finance,Banks
HIHO,Highway Holdings Limited Common Stock,$1.895,0.015,0.798%,8341458.00,Hong Kong,,1830,Industrials,Metal Fabrications
HIMX,Himax Technologies Inc. American Depositary Shares,$8.46,-0.19,-2.197%,1478165471.00,Taiwan,2006,3405879,Technology,Semiconductors
HIT,Health In Tech Inc. Class A Common Stock,$0.6556,-0.0445,-6.356%,35805509.00,United States,2024,1227640,Finance,Specialty Insurers
HITI,High Tide Inc. Common Shares,$2.16,0.02,0.935%,174735587.00,Canada,,501533,Consumer Discretionary,Other Specialty Stores
HIVE,HIVE Digital Technologies Ltd. Common Shares,$1.66,-0.01,-0.599%,232711640.00,Canada,,14429376,Finance,Finance: Consumer Services
HKIT,Hitek Global Inc. Class A Ordinary Share,$1.2549,-0.0251,-1.961%,18060978.00,China,2023,1676,Technology,Computer Software: Prepackaged Software
HKPD,Hong Kong Pharma Digital Technology Holdings Limited Ordinary shares,$1.24,-0.12,-8.824%,13640000.00,Hong Kong,2025,60387,Health Care,Other Pharmaceuticals
HLIT,Harmonic Inc. Common Stock,$10.19,-0.15,-1.451%,1192768888.00,United States,1995,1554178,Technology,Radio And Television Broadcasting And Communications Equipment
HLMN,Hillman Solutions Corp. Common Stock,$8.98,-0.01,-0.111%,1772010038.00,United States,2020,1669521,Consumer Discretionary,Industrial Machinery/Components
HLNE,Hamilton Lane Incorporated Class A Common Stock,$150.64,1.44,0.965%,8351419235.00,United States,2017,1209451,Finance,Investment Managers
HLP,Hongli Group Inc. Ordinary Shares,$1.35,0.01,0.746%,16522313.00,China,2023,1273,Industrials,Industrial Machinery/Components
HLVX,HilleVax Inc. Common Stock,$1.68,-0.04,-2.326%,83674198.00,United States,2022,280835,Health Care,Biotechnology: Biological Products (No Diagnostic Substances)
HLXB,Helix Acquisition Corp. II Class A Ordinary Shares,$10.77,0.04,0.373%,0.00,United States,2024,5224,,
HMR,Heidmar Maritime Holdings Corp. Common Stock,$3.21,-0.02,-0.619%,174729095.00,Greece,,650985,Consumer Discretionary,Marine Transportation
HMST,HomeStreet Inc. Common Stock,$9.24,0.28,3.125%,174828266.00,United States,2012,327125,Finance,Major Banks
HNNA,Hennessy Advisors Inc. Common Stock,$10.40,0.04,0.386%,80950865.00,United States,,15423,Finance,Investment Managers
HNNAZ,Hennessy Advisors Inc. 4.875% Notes due 2026,$24.432,0.082,0.337%,190172262.00,United States,,230,Finance,Investment Managers
HNRG,Hallador Energy Company Common Stock,$12.78,0.20,1.59%,544675255.00,United States,,1026708,Energy,Coal Mining
HNST,The Honest Company Inc. Common Stock,$5.02,0.00,0.00%,546730203.00,United States,2021,2041677,Consumer Discretionary,Catalog/Specialty Distribution
HNVR,Hanover Bancorp Inc. Common Stock,$22.60,-0.03,-0.133%,162739956.00,United States,2022,17036,Finance,Major Banks
HOFT,Hooker Furnishings Corporation Common Stock,$11.61,0.12,1.044%,124348116.00,United States,,288321,Consumer Discretionary,Home Furnishings
HOFV,Hall of Fame Resort & Entertainment Company Common Stock,$0.878,0.028,3.294%,5756901.00,United States,,16643,Consumer Discretionary,Services-Misc. Amusement & Recreation
HOFVW,Hall of Fame Resort &amp; Entertainment Company Warrant,$0.0026,-0.0007,-21.212%,17048.00,United States,,45067,Consumer Discretionary,Services-Misc. Amusement & Recreation
HOLO,MicroCloud Hologram Inc. Ordinary Shares,$1.00,0.2445,32.363%,20544199.00,United States,2021,141981198,Technology,Computer Software: Programming Data Processing
HOLOW,MicroCloud Hologram Inc. Warrant,$0.1429,0.0331,30.146%,2935766.00,United States,2021,687662,Technology,Computer Software: Programming Data Processing
HOLX,Hologic Inc. Common Stock,$61.47,0.46,0.754%,13793229450.00,United States,1990,7416539,Health Care,Medical Electronics
HON,Honeywell International Inc. Common Stock,$210.12,-0.77,-0.365%,136560885936.00,United States,,6545140,Industrials,Aerospace
HONDW,HCM II Acquisition Corp. Warrant,$0.21,0.0025,1.205%,0.00,United States,2024,100,Finance,Blank Checks
HONE,HarborOne Bancorp Inc. Common Stock,$10.57,-0.18,-1.674%,459770139.00,United States,2016,515714,Finance,Major Banks
HOOD,Robinhood Markets Inc. Class A Common Stock,$44.36,0.70,1.603%,39279033990.00,United States,2021,43674238,Finance,Investment Bankers/Brokers/Service
HOOK,HOOKIPA Pharma Inc. Common Stock,$1.25,0.02,1.626%,15073799.00,United States,2019,31676,Health Care,Biotechnology: Pharmaceutical Preparations
HOPE,Hope Bancorp Inc. Common Stock,$10.45,0.02,0.192%,1262023437.00,United States,,2006741,Finance,Major Banks
HOTH,Hoth Therapeutics Inc. Common Stock,$1.08,0.01,0.935%,7456108.00,United States,2019,195888,Health Care,Biotechnology: Pharmaceutical Preparations
HOUR,Hour Loop Inc. Common Stock,$1.66,-0.05,-2.924%,58338144.00,United States,2022,21029,Consumer Discretionary,Catalog/Specialty Distribution
HOVNP,Hovnanian Enterprises Inc Dep Shr Srs A Pfd,$17.54,0.04,0.229%,103918379.00,United States,,6946,Consumer Discretionary,Homebuilding
HOVR,New Horizon Aircraft Ltd. Class A Ordinary Share,$0.5397,-0.0455,-7.775%,16855324.00,United States,2023,146328,Industrials,Aerospace
HOVRW,New Horizon Aircraft Ltd. Warrant,$0.0282,-0.0118,-29.50%,880712.00,United States,2023,85495,Industrials,Aerospace
HOWL,Werewolf Therapeutics Inc. Common Stock,$1.13,0.04,3.67%,50654690.00,United States,2021,316251,Health Care,Biotechnology: Pharmaceutical Preparations
HPAI,Helport AI Limited Ordinary Shares,$5.80,0.30,5.455%,215371214.00,Singapore,,16032,Technology,Computer Software: Prepackaged Software
HPAIW,Helport AI Limited Warrants,$0.28,-0.0175,-5.882%,10397231.00,Singapore,,1700,Technology,Computer Software: Prepackaged Software
HPH,Highest Performances Holdings Inc. American Depository Shares,$0.1506,-0.0031,-2.017%,56105659.00,China,2019,86591,Finance,Investment Managers
HPK,HighPeak Energy Inc. Common Stock,$12.47,-0.05,-0.399%,1572060927.00,United States,,410314,Energy,Oil & Gas Production
HPKEW,HighPeak Energy Inc. Warrant,$1.5164,-0.3635,-19.336%,191168660.00,United States,,200,Energy,Oil & Gas Production
HQI,HireQuest Inc. Common Stock (DE),$13.20,-0.01,-0.076%,184800000.00,United States,,34942,Consumer Discretionary,Professional Services
HQY,HealthEquity Inc. Common Stock,$84.88,0.28,0.331%,7341818591.00,United States,2014,1741126,Consumer Discretionary,Business Services
HRMY,Harmony Biosciences Holdings Inc. Common Stock,$35.28,0.38,1.089%,2023153156.00,United States,2020,2385791,Health Care,Biotechnology: Pharmaceutical Preparations
HROW,Harrow Inc. Common Stock,$28.41,0.32,1.139%,1011814138.00,United States,,625650,Health Care,Biotechnology: Pharmaceutical Preparations
HROWL,Harrow Inc. 8.625% Senior Notes due 2026,$25.39,0.06,0.237%,904257690.00,United States,,531,Health Care,Biotechnology: Pharmaceutical Preparations
HROWM,Harrow  Inc. 11.875% Senior Notes due 2027,$26.6975,0.3475,1.319%,950823934.00,United States,,4262,Health Care,Biotechnology: Pharmaceutical Preparations
HRTX,Heron Therapeutics Inc. Common Stock,$2.38,-0.02,-0.833%,362544419.00,United States,,1468846,Health Care,Biotechnology: Pharmaceutical Preparations
HRZN,Horizon Technology Finance Corporation Common Stock,$9.23,-0.08,-0.859%,372107524.00,United States,2010,182260,Finance,Finance: Consumer Services
HSAI,Hesai Group American Depositary Share each ADS represents one Class B ordinary share,$18.40,-0.85,-4.416%,2337324198.00,China,2023,6153702,Industrials,Industrial Machinery/Components
HSCS,HeartSciences Inc. Common Stock,$2.91,0.01,0.345%,3145553.00,United States,2022,7894,Health Care,Industrial Specialties
HSDT,Helius Medical Technologies Inc. Class A Common Stock (DE),$0.43,0.01,2.381%,1603114.00,United States,,34579,Health Care,Biotechnology: Electromedical & Electrotherapeutic Apparatus
HSIC,Henry Schein Inc. Common Stock,$69.39,-1.06,-1.505%,8616626834.00,United States,1995,1475964,Health Care,Medical Specialities
HSII,Heidrick & Struggles International Inc. Common Stock,$42.33,-0.47,-1.098%,863948316.00,United States,1999,708095,Consumer Discretionary,Diversified Commercial Services
HSON,Hudson Global Inc. Common Stock,$10.30,-0.09,-0.866%,28332571.00,United States,,5976,Consumer Discretionary,Professional Services
HSPO,Horizon Space Acquisition I Corp. Ordinary Shares,$11.78,0.00,0.00%,0.00,United States,2023,2,Finance,Blank Checks
HSPOU,Horizon Space Acquisition I Corp. Unit,$11.81,0.00,0.00%,0.00,United States,2022,153,Finance,Blank Checks
HSPOW,Horizon Space Acquisition I Corp. Warrant,$0.0132,0.00,0.00%,0.00,United States,2023,40,Finance,Blank Checks
HSPT,Horizon Space Acquisition II Corp. Ordinary share,$10.10,0.02,0.198%,0.00,United States,2025,101,,
HSPTR,Horizon Space Acquisition II Corp. Right,$0.1301,0.00,0.00%,0.00,United States,2025,3000,,
HST,Host Hotels & Resorts Inc. Common Stock,$14.69,-0.27,-1.805%,10188733065.00,United States,,19640498,Real Estate,Real Estate Investment Trusts
HSTM,HealthStream Inc. Common Stock,$31.55,-0.20,-0.63%,960202481.00,United States,2000,473718,Technology,Computer Software: Programming Data Processing
HTBK,Heritage Commerce Corp Common Stock,$9.53,-0.04,-0.418%,585551161.00,United States,,489226,Finance,Major Banks
HTCO,High-Trend International Group Class A Ordinary Shares,$1.88,-0.09,-4.569%,227366645.00,Singapore,,38534,Consumer Discretionary,Marine Transportation
HTCR,Heartcore Enterprises Inc. Common Stock,$0.9938,-0.0662,-6.245%,86689824.00,Japan,2022,68387,Technology,EDP Services
HTHT,H World Group Limited American Depositary Shares,$37.60,-0.11,-0.292%,11878014276.00,China,2010,2795826,Consumer Discretionary,Hotels/Resorts
HTLD,Heartland Express Inc. Common Stock,$9.28,-0.06,-0.642%,728941782.00,United States,1986,750933,Industrials,Trucking Freight/Courier Services
HTLM,HomesToLife Ltd Ordinary Shares,$4.00,0.02,0.503%,58000000.00,Singapore,2024,4740,Consumer Discretionary,Other Specialty Stores
HTOO,Fusion Fuel Green PLC Class A Ordinary Shares,$0.2729,-0.0164,-5.669%,4740810.00,Ireland,,320846,Energy,Industrial Machinery/Components
HTOOW,Fusion Fuel Green PLC Warrant,$0.0116,-0.0029,-20.00%,201515.00,Ireland,,8740,Energy,Industrial Machinery/Components
HTZ,Hertz Global Holdings Inc Common Stock,$3.465,0.115,3.433%,1063179200.00,United States,,17415782,Consumer Discretionary,Rental/Leasing Companies
HTZWW,Hertz Global Holdings Inc Warrant,$2.05,0.11,5.67%,629009339.00,United States,,52896,Consumer Discretionary,Rental/Leasing Companies
HUBC,Hub Cyber Security Ltd. Ordinary Shares,$0.524,-0.019,-3.499%,15960902.00,Israel,,520343,Telecommunications,Computer Communications Equipment
HUBCW,Hub Cyber Security Ltd. Warrant 2/27/28,$0.0225,0.0001,0.446%,685344.00,Israel,,48147,Telecommunications,Computer Communications Equipment
HUBCZ,Hub Cyber Security Ltd. Warrant 8/22/2025,$0.026,0.00,0.00%,791953.00,Israel,,14557,Telecommunications,Computer Communications Equipment
HUBG,Hub Group Inc. Class A Common Stock,$37.47,0.65,1.765%,2304508117.00,United States,1996,3280535,Consumer Discretionary,Oil Refining/Marketing
HUDI,Huadi International Group Co. Ltd. Ordinary Shares,$1.5552,-0.0948,-5.745%,22206984.00,China,2021,1347,Industrials,Steel/Iron Ore
HUHU,HUHUTECH International Group Inc. Ordinary Shares,$5.96,1.22,25.738%,126650000.00,China,2024,768241,Telecommunications,Metal Fabrications
HUIZ,Huize Holding Limited American Depositary Shares,$3.20,-0.01,-0.312%,31825901.00,China,2020,2115,Finance,Specialty Insurers
HUMA,Humacyte Inc. Common Stock,$3.32,0.14,4.403%,417853527.00,United States,2020,2195014,Health Care,Biotechnology: Biological Products (No Diagnostic Substances)
HUMAW,Humacyte Inc. Warrant,$0.905,0.0051,0.567%,113902844.00,United States,2020,3764,Health Care,Biotechnology: Biological Products (No Diagnostic Substances)
HURA,TuHURA Biosciences Inc. Common Stock,$3.33,-0.67,-16.75%,140807465.00,United States,,501054,Health Care,Biotechnology: Pharmaceutical Preparations
HURC,Hurco Companies Inc. Common Stock,$16.03,0.16,1.008%,103938360.00,United States,,14783,Industrials,Industrial Machinery/Components
HURN,Huron Consulting Group Inc. Common Stock,$140.87,-7.68,-5.17%,2490241258.00,United States,2004,511490,Consumer Discretionary,Professional Services
HUT,Hut 8 Corp. Common Stock,$12.90,-0.02,-0.155%,1207196087.00,United States,,3336559,Finance,Finance: Consumer Services
HVII,Hennessy Capital Investment Corp. VII Ordinary Shares,$9.84,0.00,0.00%,,United States,2025,200,,
HWBK,Hawthorn Bancshares Inc. Common Stock,$29.20,0.20,0.69%,203867655.00,United States,,13240,Finance,Major Banks
HWC,Hancock Whitney Corporation Common Stock,$52.30,0.32,0.616%,4504440583.00,United States,,3066472,Finance,Major Banks
HWCPZ,Hancock Whitney Corporation 6.25% Subordinated Notes due 2060,$23.51,0.04,0.17%,2024845088.00,United States,,6230,Finance,Major Banks
HWH,HWH International Inc. Common Stock,$1.575,0.255,19.318%,10200362.00,United States,2022,351058,Health Care,Other Pharmaceuticals
HWKN,Hawkins Inc. Common Stock,$105.77,0.76,0.724%,2213660753.00,United States,,367892,Consumer Discretionary,Specialty Chemicals
HYFM,Hydrofarm Holdings Group Inc. Common Stock,$2.85,-0.04,-1.384%,13150695.00,United States,2020,29452,Consumer Discretionary,Consumer Specialties
HYMC,Hycroft Mining Holding Corporation Class A Common Stock,$3.28,0.05,1.548%,81945414.00,United States,2018,211030,Basic Materials,Precious Metals
HYMCL,Hycroft Mining Holding Corporation Warrants,$0.0282,-0.0116,-29.146%,704531.00,United States,,50787,Basic Materials,Precious Metals
HYMCW,Hycroft Mining Holding Corporation  Warrant,$0.0044,-0.0008,-15.385%,109927.00,United States,2018,45737,Basic Materials,Precious Metals
HYPR,Hyperfine Inc. Class A Common Stock,$0.82,-0.0424,-4.917%,63822419.00,United States,2021,674911,Health Care,Biotechnology: Electromedical & Electrotherapeutic Apparatus
IAC,IAC Inc. Common Stock,$48.39,-0.15,-0.309%,4030080629.00,United States,,2075786,Technology,Computer Software: Programming Data Processing
IART,Integra LifeSciences Holdings Corporation Common Stock,$22.49,-0.22,-0.969%,1736653511.00,United States,,1117076,Health Care,Medical/Dental Instruments
IAS,Integral Ad Science Holding Corp. Common Stock,$8.90,-0.09,-1.001%,1457822688.00,United States,2021,884594,Technology,Computer Software: Programming Data Processing
IBAC,IB Acquisition Corp. Common Stock,$10.30,0.00,0.00%,0.00,United States,2024,2180,,
IBCP,Independent Bank Corporation Common Stock,$31.06,0.02,0.064%,651414019.00,United States,,240436,Finance,Major Banks
IBEX,IBEX Limited Common Shares,$25.22,0.00,0.00%,332700323.00,Bermuda,2020,217054,Technology,EDP Services
IBG,Innovation Beverage Group Limited Ordinary Shares,$0.725,0.1248,20.793%,6046975.00,Australia,2024,805660,Consumer Staples,Beverages (Production/Distribution)
IBIO,iBio Inc. Common Stock,$4.63,0.07,1.535%,45719750.00,United States,,502854,Health Care,Biotechnology: Pharmaceutical Preparations
IBKR,Interactive Brokers Group Inc. Class A Common Stock,$173.36,-2.50,-1.422%,18884401939.00,United States,2019,3574655,Finance,Investment Bankers/Brokers/Service
IBOC,International Bancshares Corporation Common Stock,$63.44,0.46,0.73%,3946972255.00,United States,,1740745,Finance,Major Banks
IBRX,ImmunityBio Inc. Common Stock,$2.71,-0.04,-1.455%,2312828191.00,United States,2015,9105068,Health Care,Biotechnology: Biological Products (No Diagnostic Substances)
ICAD,iCAD Inc. Common Stock,$2.23,0.14,6.699%,59184267.00,United States,,274845,Health Care,Medical/Dental Instruments
ICCC,ImmuCell Corporation Common Stock,$4.91,-0.0165,-0.335%,43755902.00,United States,1987,18632,Health Care,Biotechnology: In Vitro & In Vivo Diagnostic Substances
ICCM,IceCure Medical Ltd. Ordinary Shares,$1.25,0.00,0.00%,61900000.00,Israel,,208594,Health Care,Medical/Dental Instruments
ICCT,iCoreConnect Inc. Common stock,$0.4597,-0.0353,-7.131%,618285.00,United States,,150582,Technology,Computer Software: Prepackaged Software
ICFI,ICF International Inc. Common Stock,$84.04,-0.79,-0.931%,1549373710.00,United States,2006,364733,Consumer Discretionary,Professional Services
ICG,Intchains Group Limited American Depositary Shares,$4.19,0.09,2.195%,251140287.00,China,2023,36401,Technology,Semiconductors
ICHR,Ichor Holdings Ordinary Shares,$26.61,-0.67,-2.456%,904826323.00,United States,2016,512818,Technology,Semiconductors
ICLR,ICON plc Ordinary Shares,$184.87,0.91,0.495%,14929520708.00,Ireland,1998,741391,Health Care,Biotechnology: Commercial Physical & Biological Resarch
ICMB,Investcorp Credit Management BDC Inc. Common Stock,$3.17,-0.06,-1.858%,45667793.00,United States,2014,4706,Finance,Finance: Consumer Services
ICON,Icon Energy Corp. Common stock,$0.091,-0.008,-8.081%,149240.00,Greece,2024,10283691,Consumer Discretionary,Marine Transportation
ICU,SeaStar Medical Holding Corporation Common Stock,$2.22,0.16,7.767%,9908189.00,United States,2021,253939,Health Care,Medical/Dental Instruments
ICUCW,SeaStar Medical Holding Corporation Warrant,$0.046,0.002,4.545%,205305.00,United States,2021,21063,Health Care,Medical/Dental Instruments
ICUI,ICU Medical Inc. Common Stock,$147.07,-1.02,-0.689%,3606009330.00,United States,1992,568808,Health Care,Medical/Dental Instruments
IDAI,T Stamp Inc. Class A Common Stock,$2.05,-0.10,-4.651%,3448125.00,United States,,48727,Technology,Computer Software: Prepackaged Software
IDCC,InterDigital Inc. Common Stock,$217.35,-1.79,-0.817%,5582426311.00,United States,,1269911,Miscellaneous,Multi-Sector Companies
IDN,Intellicheck Inc. Common Stock,$2.72,0.17,6.667%,53753486.00,United States,1999,185792,Technology,Computer Software: Prepackaged Software
IDXX,IDEXX Laboratories Inc. Common Stock,$420.99,0.37,0.088%,34238372811.00,United States,1991,706610,Health Care,Biotechnology: In Vitro & In Vivo Diagnostic Substances
IDYA,IDEAYA Biosciences Inc. Common Stock,$18.39,-0.05,-0.271%,1609812620.00,United States,2019,1881739,Health Care,Biotechnology: Pharmaceutical Preparations
IEP,Icahn Enterprises L.P. Common Stock,$9.69,0.02,0.207%,5065314892.00,United States,,401193,Consumer Discretionary,Auto Parts:O.E.M.
IESC,IES Holdings Inc. Common Stock,$184.26,-2.77,-1.481%,3686421644.00,United States,,239492,Industrials,Engineering & Construction
IFBD,Infobird Co. Ltd Ordinary Shares,$1.621,-0.009,-0.552%,3220885.00,China,2021,6137,Technology,Computer Software: Prepackaged Software
IFRX,InflaRx N.V. Common Stock,$1.28,0.02,1.587%,75370588.00,Germany,2017,208597,Health Care,Biotechnology: Pharmaceutical Preparations
IGIC,International General Insurance Holdings Ltd. Ordinary Share,$26.23,-0.78,-2.888%,1208525715.00,Jordan,2018,77058,Finance,Property-Casualty Insurers
IGMS,IGM Biosciences Inc. Common Stock,$1.19,-0.01,-0.833%,71132728.00,United States,2019,240374,Health Care,Biotechnology: Pharmaceutical Preparations
IHRT,iHeartMedia Inc. Class A Common Stock,$1.76,0.08,4.762%,259035726.00,United States,,3924870,Consumer Discretionary,Broadcasting
III,Information Services Group Inc. Common Stock,$3.73,0.055,1.497%,179991706.00,United States,,256349,Consumer Discretionary,Professional Services
IIIV,i3 Verticals Inc. Class A Common Stock,$24.77,0.19,0.773%,819246101.00,United States,2018,567238,Consumer Discretionary,Business Services
IINN,Inspira Technologies Oxy B.H.N. Ltd. Ordinary Shares,$0.775,0.0501,6.911%,18795374.00,Israel,2021,309676,Health Care,Medical/Dental Instruments
IINNW,Inspira Technologies Oxy B.H.N. Ltd. Warrant,$0.20,0.02,11.111%,4850419.00,Israel,2021,157,Health Care,Medical/Dental Instruments
IKNA,Ikena Oncology Inc. Common Stock,$1.37,0.06,4.58%,66113612.00,United States,2021,171712,Health Care,Biotechnology: Biological Products (No Diagnostic Substances)
IKT,Inhibikase Therapeutics Inc. Common Stock,$2.37,-0.05,-2.066%,159246391.00,United States,2020,112818,Health Care,Biotechnology: Biological Products (No Diagnostic Substances)
ILAG,Intelligent Living Application Group Inc. Ordinary Shares,$0.4212,-0.0188,-4.273%,7606872.00,Hong Kong,2022,14229,Consumer Discretionary,Office Equipment/Supplies/Services
ILLR,Triller Group Inc. Common Stock,$0.79,-0.0421,-5.059%,122576255.00,United States,2019,703660,Finance,Investment Managers
ILLRW,Triller Group Inc. Warrant,$0.10,-0.024,-19.355%,15515982.00,United States,2019,46320,Finance,Investment Managers
ILMN,Illumina Inc. Common Stock,$87.66,2.87,3.385%,13885344000.00,United States,2000,3822423,Health Care,Medical Specialities
ILPT,Industrial Logistics Properties Trust Common Shares of Beneficial Interest,$3.44,-0.08,-2.273%,227536420.00,United States,2018,1496517,Real Estate,Real Estate Investment Trusts
IMAB,I-MAB American Depositary Shares,$0.8506,-0.0103,-1.196%,68644774.00,China,2020,79620,Health Care,Biotechnology: Pharmaceutical Preparations
IMCC,IM Cannabis Corp. Common Shares,$1.79,0.01,0.562%,5522959.00,Canada,,6990,Health Care, Medicinal Chemicals and Botanical Products 
IMCR,Immunocore Holdings plc American Depositary Shares,$29.81,-0.62,-2.037%,1433513594.00,United Kingdom,2021,440012,Health Care,Biotechnology: Biological Products (No Diagnostic Substances)
IMG,CIMG Inc. Common Stock,$0.4701,-0.0519,-9.943%,2352930.00,United States,,742414,Consumer Discretionary,Other Specialty Stores
IMKTA,Ingles Markets Incorporated Class A Common Stock,$61.60,-1.41,-2.238%,1170053562.00,United States,1987,289180,Consumer Staples,Food Chains
IMMP,Immutep Limited American Depositary Shares,$1.88,-0.02,-1.053%,273458756.00,Australia,,56504,Health Care,Biotechnology: Pharmaceutical Preparations
IMMR,Immersion Corporation Common Stock,$7.46,-0.10,-1.323%,241677383.00,United States,1999,569393,Technology,Computer peripheral equipment
IMMX,Immix Biopharma Inc. Common Stock,$1.80,-0.02,-1.099%,49513747.00,United States,2021,34323,Health Care,Biotechnology: Pharmaceutical Preparations
IMNM,Immunome Inc. Common Stock,$8.18,-0.48,-5.543%,711256358.00,United States,2020,4326432,Health Care,Biotechnology: Pharmaceutical Preparations
IMNN,Imunon Inc. Common Stock,$0.95,-0.0039,-0.409%,13889695.00,United States,,17236,Health Care,Biotechnology: Pharmaceutical Preparations
IMOS,ChipMOS TECHNOLOGIES INC. American Depositary Shares,$18.49,-0.19,-1.017%,672333491.00,Taiwan,,10580,Technology,Semiconductors
IMPP,Imperial Petroleum Inc. Common Shares,$2.55,-0.04,-1.544%,86011500.00,Greece,,34066,Consumer Discretionary,Marine Transportation
IMPPP,Imperial Petroleum Inc. 8.75% Series A Cumulative Redeemable Perpetual Preferred Shares,$25.00,0.20,0.806%,843250000.00,Greece,,8314,Consumer Discretionary,Marine Transportation
IMRN,Immuron Limited American Depositary Shares,$1.78,-0.03,-1.657%,10137027.00,Australia,2017,13582,Health Care,Biotechnology: Pharmaceutical Preparations
IMRX,Immuneering Corporation Class A Common Stock,$1.80,0.15,9.091%,55890806.00,United States,2021,726191,Health Care,Biotechnology: Pharmaceutical Preparations
IMTE,Integrated Media Technology Limited Ordinary Shares,$0.5399,-0.4001,-42.564%,1852631.00,Australia,,1403436,Consumer Staples,Consumer Electronics/Appliances
IMTX,Immatics N.V. Ordinary Shares,$5.00,-0.30,-5.66%,515550000.00,Germany,,516855,Health Care,Biotechnology: Biological Products (No Diagnostic Substances)
IMUX,Immunic Inc. Common Stock,$1.15,0.01,0.877%,103590868.00,United States,2014,270566,Health Care,Biotechnology: Pharmaceutical Preparations
IMVT,Immunovant Inc. Common Stock,$19.64,-0.05,-0.254%,3336063814.00,United States,2019,3965542,Health Care,Biotechnology: Biological Products (No Diagnostic Substances)
IMXI,International Money Express Inc. Common Stock,$13.06,-0.52,-3.829%,400318372.00,United States,2017,545033,Consumer Discretionary,Business Services
INAB,IN8bio Inc. Common Stock,$0.2327,-0.0002,-0.086%,18908914.00,United States,2021,650487,Health Care,Biotechnology: Biological Products (No Diagnostic Substances)
INBK,First Internet Bancorp Common Stock,$27.56,-0.25,-0.899%,239691663.00,United States,,42730,Finance,Major Banks
INBKZ,First Internet Bancorp 6.0% Fixed-to-Floating Rate Subordinated Notes Due 2029,$24.83,0.05,0.202%,215948621.00,United States,,200,Finance,Major Banks
INBS,Intelligent Bio Solutions Inc. Common Stock,$2.16,0.07,3.349%,11402288.00,United States,2020,82437,Health Care,Medical/Dental Instruments
INBX,Inhibrx Biosciences Inc. Common Stock,$14.35,0.25,1.773%,207729222.00,United States,,118170,Health Care,Biotechnology: Biological Products (No Diagnostic Substances)
INCR,Intercure Ltd. Ordinary Shares,$1.49,0.00,0.00%,67903307.00,Israel,,4082,Health Care,Biotechnology: Pharmaceutical Preparations
INCY,Incyte Corp. Common Stock,$61.92,1.34,2.212%,11983027752.00,United States,,4332388,Health Care,Biotechnology: Commercial Physical & Biological Resarch
INDB,Independent Bank Corp. Common Stock,$63.07,0.00,0.00%,2687116019.00,United States,,1456465,Finance,Major Banks
INDI,indie Semiconductor Inc. Class A Common Stock,$2.23,0.01,0.45%,464942684.00,United States,,5876454,Technology,Semiconductors
INDP,Indaptus Therapeutics Inc. Common Stock,$0.7203,-0.0349,-4.621%,10393384.00,United States,,329087,Health Care,Biotechnology: Pharmaceutical Preparations
INDV,Indivior PLC Ordinary Shares,$9.82,0.14,1.446%,1226553421.00,United Kingdom,,683341,Health Care,Biotechnology: Pharmaceutical Preparations
INGN,Inogen Inc Common Stock,$7.35,-0.10,-1.342%,194992148.00,United States,2014,321579,Health Care,Industrial Specialties
INHD,Inno Holdings Inc. Common Stock,$4.32,-0.24,-5.263%,19053282.00,United States,2023,22551,Industrials,Steel/Iron Ore
INKT,MiNK Therapeutics Inc. Common Stock,$9.10,0.69,8.205%,36094167.00,United States,2021,10385,Health Care,Biotechnology: Biological Products (No Diagnostic Substances)
INLF,INLIF LIMITED Ordinary Shares,$2.00,-0.29,-12.664%,29000000.00,China,2025,232090,Industrials,Industrial Machinery/Components
INM,InMed Pharmaceuticals Inc. Common Shares,$2.78,-0.025,-0.891%,1854296.00,Canada,,3867,Health Care,Biotechnology: Pharmaceutical Preparations
INMB,INmune Bio Inc. Common stock,$8.12,-0.02,-0.246%,180040302.00,United States,2019,218492,Health Care,Biotechnology: Biological Products (No Diagnostic Substances)
INMD,InMode Ltd. Ordinary Shares,$18.63,0.20,1.085%,1295878022.00,Israel,2019,2345273,Health Care,Biotechnology: Electromedical & Electrotherapeutic Apparatus
INNV,InnovAge Holding Corp. Common Stock,$3.16,-0.09,-2.769%,427370241.00,United States,2021,214595,Health Care,Medical/Nursing Services
INO,Inovio Pharmaceuticals Inc. Common Stock,$1.92,-0.02,-1.031%,70401064.00,United States,,2021219,Health Care,Medical/Dental Instruments
INOD,Innodata Inc. Common Stock,$41.82,-1.17,-2.722%,1308954625.00,United States,1993,1256959,Technology,EDP Services
INSE,Inspired Entertainment Inc. Common Stock,$8.84,-0.26,-2.857%,234952190.00,United States,2014,165676,Technology,Computer Software: Prepackaged Software
INSG,Inseego Corp. Common Stock,$9.36,-0.19,-1.99%,140459342.00,United States,,82378,Telecommunications,Telecommunications Equipment
INSM,Insmed Incorporated Common Stock,$79.92,1.15,1.46%,14465468052.00,United States,,1928336,Health Care,Biotechnology: Pharmaceutical Preparations
INTA,Intapp Inc. Common Stock,$60.95,0.72,1.195%,4839298348.00,United States,2021,729378,Technology,Computer Software: Prepackaged Software
INTC,Intel Corporation Common Stock,$24.26,0.30,1.252%,105045800000.00,United States,,94110710,Technology,Semiconductors
INTG,Intergroup Corporation (The) Common Stock,$12.36,0.16,1.311%,26638383.00,United States,,1304,Real Estate,Building operators
INTJ,Intelligent Group Limited Class A Ordinary Shares ,$0.658,-0.017,-2.519%,8636250.00,Hong Kong,2024,16733,Consumer Discretionary,Professional Services
INTR,Inter & Co. Inc. Class A Common Shares,$5.78,-0.08,-1.365%,2536491720.00,Brazil,,1461379,Finance,Commercial Banks
INTS,Intensity Therapeutics Inc. Common stock,$2.00,0.07,3.627%,30361890.00,United States,2023,43423,Health Care,Biotechnology: Biological Products (No Diagnostic Substances)
INTU,Intuit Inc. Common Stock,$604.04,3.62,0.603%,168866630480.00,United States,1993,2391432,Technology,Computer Software: Prepackaged Software
INTZ,Intrusion Inc. Common Stock,$1.19,-0.10,-7.752%,23017903.00,United States,,327554,Telecommunications,Computer Communications Equipment
INV,Innventure Inc. Common Stock,$8.18,0.82,11.141%,405299965.00,United States,,93696,Finance,Blank Checks
INVA,Innoviva Inc. Common Stock,$17.27,0.06,0.349%,1082406662.00,United States,2004,2929620,Health Care,Biotechnology: Pharmaceutical Preparations
INVE,Identiv Inc. Common Stock,$3.42,0.13,3.951%,80440726.00,United States,,119479,Technology,Computer peripheral equipment
INVZ,Innoviz Technologies Ltd. Ordinary shares,$0.714,0.018,2.586%,142058837.00,Israel,,4090790,Consumer Discretionary,Auto Parts:O.E.M.
INVZW,Innoviz Technologies Ltd. Warrant,$0.0872,0.0142,19.452%,17349483.00,Israel,,19315,Consumer Discretionary,Auto Parts:O.E.M.
INZY,Inozyme Pharma Inc. Common Stock,$0.9741,0.0195,2.043%,62576377.00,United States,2020,627123,Health Care,Biotechnology: Pharmaceutical Preparations
IOBT,IO Biotech Inc. Common Stock,$0.9598,0.0098,1.032%,63232501.00,Denmark,2021,58296,Health Care,Biotechnology: Pharmaceutical Preparations
IONR,ioneer Ltd American Depositary Shares,$4.19,0.1375,3.393%,244921062.00,Australia,,5996,Industrials,Mining & Quarrying of Nonmetallic Minerals (No Fuels)
IONS,Ionis Pharmaceuticals Inc. Common Stock,$32.91,0.18,0.55%,5231530647.00,United States,,1999130,Health Care,Biotechnology: Pharmaceutical Preparations
IOSP,Innospec Inc. Common Stock,$96.01,-2.41,-2.449%,2396376861.00,United States,,1456569,Industrials,Major Chemicals
IOVA,Iovance Biotherapeutics Inc. Common Stock,$3.54,0.00,0.00%,1160683497.00,United States,,7553605,Health Care,Biotechnology: Biological Products (No Diagnostic Substances)
IPA,ImmunoPrecise Antibodies Ltd. Common Stock,$0.4232,-0.0233,-5.218%,13145552.00,Canada,,298665,Health Care,Biotechnology: Pharmaceutical Preparations
IPAR,Interparfums Inc. Common Stock,$118.39,-1.84,-1.53%,3803153257.00,United States,,2542745,Consumer Discretionary,Package Goods/Cosmetics
IPDN,Professional Diversity Network Inc. Common Stock,$2.45,-0.06,-2.39%,4736521.00,United States,2013,45295,Technology,Computer Software: Programming Data Processing
IPGP,IPG Photonics Corporation Common Stock,$64.06,-1.29,-1.974%,2725660818.00,United States,2006,795670,Technology,Semiconductors
IPHA,Innate Pharma S.A. ADS,$2.04,0.045,2.256%,164124695.00,France,2019,18671,Health Care,Biotechnology: Biological Products (No Diagnostic Substances)
IPM,Intelligent Protection Management Corp. Common Stock ,$1.82,-0.13,-6.667%,16811316.00,United States,,20396,Consumer Discretionary,Business Services
IPSC,Century Therapeutics Inc. Common Stock,$0.555,0.005,0.909%,47754993.00,United States,2021,1114950,Health Care,Biotechnology: Biological Products (No Diagnostic Substances)
IPW,iPower Inc. Common Stock,$0.64,0.071,12.478%,20127423.00,United States,2021,450467,Consumer Discretionary,RETAIL: Building Materials
IPWR,Ideal Power Inc. Common Stock,$4.92,-0.06,-1.205%,40087058.00,United States,2013,8401,Technology,Semiconductors
IPX,IperionX Limited American Depositary Share,$20.20,-0.25,-1.222%,519634415.00,United States,,24479,Basic Materials,Other Metals and Minerals
IQ,iQIYI Inc. American Depositary Shares,$2.28,-0.09,-3.797%,2187541793.00,China,2018,41383823,Consumer Discretionary,Consumer Electronics/Video Chains
IRBT,iRobot Corporation Common Stock,$3.28,0.12,3.797%,100461759.00,United States,2005,1888122,Consumer Discretionary,Consumer Electronics/Appliances
IRD,Opus Genetics Inc. Common Stock,$1.26,0.11,9.565%,39776256.00,United States,,956197,Health Care,Biotechnology: Pharmaceutical Preparations
IRDM,Iridium Communications Inc Common Stock,$27.65,0.10,0.363%,3009402746.00,United States,,2726338,Telecommunications,Telecommunications Equipment
IREN,IREN Limited Ordinary Shares,$7.15,-0.06,-0.832%,1353824465.00,Australia,2021,8308783,Technology,EDP Services
IRIX,IRIDEX Corporation Common Stock,$0.99,0.1999,25.301%,16470016.00,United States,1996,160836,Health Care,Biotechnology: Electromedical & Electrotherapeutic Apparatus
IRMD,iRadimed Corporation Common Stock,$52.33,-0.17,-0.324%,665379718.00,United States,2014,64343,Health Care,Medical/Dental Instruments
IROH,Iron Horse Acquisitions Corp. Common Stock,$10.53,0.00,0.00%,0.00,United States,2024,3,,
IROHR,Iron Horse Acquisitions Corp. Right,$0.27,-0.0309,-10.269%,0.00,United States,2024,5825,,
IROHW,Iron Horse Acquisitions Corp. Warrant,$0.0281,-0.0034,-10.794%,0.00,United States,2024,1230,,
IRON,Disc Medicine Inc. Common Stock,$52.24,-0.99,-1.86%,1805886754.00,United States,,1082708,Health Care,Biotechnology: Pharmaceutical Preparations
IROQ,IF Bancorp Inc. Common Stock,$24.40,0.38,1.582%,81777234.00,United States,2011,7339,Finance,Savings Institutions
IRTC,iRhythm Technologies Inc. Common Stock,$104.49,0.15,0.144%,3281990880.00,United States,2016,401195,Health Care,Medical/Dental Instruments
IRWD,Ironwood Pharmaceuticals Inc. Class A Common Stock,$1.41,-0.12,-7.843%,225640027.00,United States,2010,14622338,Health Care,Biotechnology: Pharmaceutical Preparations
ISPC,iSpecimen Inc. Common Stock,$1.37,0.00,0.00%,1318813.00,United States,2021,29023,Health Care,Biotechnology: Commercial Physical & Biological Resarch
ISPO,Inspirato Incorporated Class A Common Stock,$4.50,0.46,11.386%,48668697.00,United States,2021,28908,Finance,Blank Checks
ISPOW,Inspirato Incorporated Warrant,$0.0114,0.00,0.00%,123294.00,United States,2021,2360,Finance,Blank Checks
ISPR,Ispire Technology Inc. Common Stock,$3.09,-0.24,-7.207%,176411103.00,United States,2023,139022,Health Care, Medicinal Chemicals and Botanical Products 
ISRG,Intuitive Surgical Inc. Common Stock,$492.49,0.68,0.138%,175649988200.00,United States,2000,3377219,Health Care,Industrial Specialties
ISRL,Israel Acquisitions Corp Class A Ordinary Shares,$11.46,0.00,0.00%,0.00,United States,2023,29,Finance,Blank Checks
ISRLW,Israel Acquisitions Corp Warrant,$0.10,-0.0125,-11.111%,0.00,United States,2023,18241,Finance,Blank Checks
ISSC,Innovative Solutions and Support Inc. Common Stock,$6.65,-0.33,-4.728%,116676338.00,United States,2000,79277,Technology,EDP Services
ISTR,Investar Holding Corporation Common Stock,$17.73,0.36,2.073%,174208473.00,United States,2014,58118,Finance,Major Banks
ITCI,Intra-Cellular Therapies Inc. Common Stock,$131.65,0.05,0.038%,13998074881.00,United States,,1836929,Health Care,Biotechnology: Pharmaceutical Preparations
ITIC,Investors Title Company Common Stock,$237.43,-5.11,-2.107%,447787757.00,United States,,9683,Finance,Specialty Insurers
ITOS,iTeos Therapeutics Inc. Common Stock,$6.88,-0.005,-0.073%,262777066.00,United States,2020,417149,Health Care,Biotechnology: Biological Products (No Diagnostic Substances)
ITRI,Itron Inc. Common Stock,$105.76,-1.03,-0.965%,4778212581.00,United States,1993,858206,Industrials,Electrical Products
ITRM,Iterum Therapeutics plc Ordinary Share,$1.44,-0.01,-0.69%,49797223.00,Ireland,2018,280641,Health Care,Biotechnology: Pharmaceutical Preparations
ITRN,Ituran Location and Control Ltd. Ordinary Shares,$36.98,0.06,0.163%,735664588.00,Israel,2005,211158,Technology,Electronic Components
IVA,Inventiva S.A. American Depository Shares,$2.82,-0.12,-4.082%,146966576.00,France,2020,317,Health Care,Biotechnology: Pharmaceutical Preparations
IVAC,Intevac Inc. Common Stock,$4.03,-0.01,-0.248%,109487366.00,United States,1995,341142,Technology,Industrial Machinery/Components
IVCA,Investcorp AI Acquisition Corp. Class A Ordinary Share,$12.01,0.01,0.083%,0.00,Cayman Islands,2022,4479,Finance,Blank Checks
IVCAW,Investcorp AI Acquisition Corp. Warrant,$0.0161,0.00,0.00%,0.00,Cayman Islands,2022,40,Finance,Blank Checks
IVDA,Iveda Solutions Inc. Common Stock,$2.96,-0.25,-7.788%,7867890.00,United States,,55494,Technology,Computer Software: Prepackaged Software
IVP,Inspire Veterinary Partners Inc. Class A Common Stock,$1.77,-0.13,-6.842%,2619469.00,United States,2023,105783,Consumer Staples,Farming/Seeds/Milling
IVVD,Invivyd Inc. Common Stock,$0.738,-0.0006,-0.081%,88276634.00,United States,2021,2819892,Health Care,Biotechnology: Biological Products (No Diagnostic Substances)
IXHL,Incannex Healthcare Inc. Common Stock,$0.8287,-0.0143,-1.696%,14800340.00,Australia,,14744,Health Care,Biotechnology: Pharmaceutical Preparations
IZEA,IZEA Worldwide Inc. Common Stock,$2.16,-0.08,-3.571%,36648091.00,United States,,19349,Consumer Discretionary,Advertising
IZM,ICZOOM Group Inc. Class A Ordinary Shares,$1.84,0.10,5.747%,21586871.00,China,2023,33201,Consumer Discretionary,Consumer Electronics/Video Chains
JACK,Jack In The Box Inc. Common Stock,$29.48,-1.26,-4.099%,555942566.00,United States,,1409360,Consumer Discretionary,Restaurants
JAGX,Jaguar Health Inc. Common Stock,$0.231,-0.018,-7.229%,2725405.00,United States,2015,2765642,Health Care,Biotechnology: Pharmaceutical Preparations
JAKK,JAKKS Pacific Inc. Common Stock,$24.59,-0.46,-1.836%,274085796.00,United States,1996,149835,Consumer Discretionary,Recreational Games/Products/Toys
JAMF,Jamf Holding Corp. Common Stock,$13.17,-0.25,-1.863%,1704074031.00,United States,2020,1387479,Technology,Computer Software: Prepackaged Software
JANX,Janux Therapeutics Inc. Common Stock,$29.94,-0.49,-1.61%,1769608101.00,United States,2021,1514689,Health Care,Biotechnology: Pharmaceutical Preparations
JAZZ,Jazz Pharmaceuticals plc Common Stock (Ireland),$138.76,-1.81,-1.288%,8427238786.00,Ireland,2007,3643824,Health Care,Biotechnology: Pharmaceutical Preparations
JBDI,JBDI Holdings Limited Ordinary Shares,$0.7513,0.0714,10.502%,14866349.00,Singapore,2024,1492248,,
JBHT,J.B. Hunt Transport Services Inc. Common Stock,$148.55,1.055,0.715%,14856219447.00,United States,,1121679,Industrials,Trucking Freight/Courier Services
JBLU,JetBlue Airways Corporation Common Stock,$5.43,-0.06,-1.093%,1916795685.00,United States,2002,18777307,Consumer Discretionary,Air Freight/Delivery Services
JBSS,John B. Sanfilippo & Son Inc. Common Stock,$70.46,-0.33,-0.466%,820018201.00,United States,1991,149931,Consumer Staples,Specialty Foods
JCSE,JE Cleantech Holdings Limited Ordinary Shares,$1.1176,0.0276,2.532%,5595450.00,Singapore,2022,718,Consumer Discretionary,Miscellaneous manufacturing industries
JCTC,Jewett-Cameron Trading Company Common Shares,$4.40,0.05,1.149%,15479724.00,United States,,6962,Consumer Discretionary,RETAIL: Building Materials
JD,JD.com Inc. American Depositary Shares,$42.24,-0.74,-1.722%,66406267868.00,China,2014,10837886,Consumer Discretionary,Other Specialty Stores
JDZG,JIADE LIMITED Common stock,$0.6145,-0.0145,-2.305%,14892697.00,China,2024,99785,Real Estate,Other Consumer Services
JFB,JFB Construction Holdings Class A Common Stock,$4.36,0.2275,5.505%,40330000.00,United States,2025,43576,,
JFBR,Jeffs' Brands Ltd Ordinary Shares,$1.28,-0.03,-2.29%,920790.00,Israel,2022,18550,Consumer Discretionary,Other Specialty Stores
JFBRW,Jeffs' Brands Ltd Warrant,$0.0207,0.0001,0.485%,14891.00,Israel,2022,3560,Consumer Discretionary,Other Specialty Stores
JFIN,Jiayin Group Inc. American Depositary Shares,$11.62,-0.40,-3.328%,616237487.00,China,2019,184464,Finance,Finance: Consumer Services
JFU,9F Inc. American Depositary Shares,$1.60,0.09,5.96%,18837333.00,China,2019,18021,Finance,Finance: Consumer Services
JG,Aurora Mobile Limited American Depositary Shares,$10.20,-0.37,-3.50%,61001202.00,China,2018,17436,Technology,Computer Software: Programming Data Processing
JJSF,J & J Snack Foods Corp. Common Stock,$126.71,-1.30,-1.016%,2469610084.00,United States,1986,295303,Consumer Staples,Specialty Foods
JKHY,Jack Henry & Associates Inc. Common Stock,$173.05,-2.25,-1.284%,12614941967.00,United States,1985,935748,Technology,EDP Services
JL,J-Long Group Limited Ordinary Shares,$4.78,-0.02,-0.417%,15009200.00,Hong Kong,2024,41649,Consumer Discretionary,Clothing/Shoe/Accessory Stores
JMSB,John Marshall Bancorp Inc. Common Stock,$17.04,-0.09,-0.525%,242653230.00,United States,,40714,Finance,Major Banks
JNVR,Janover Inc. Common Stock,$4.93,0.59,13.594%,6963369.00,United States,2023,26565,Finance,Finance: Consumer Services
JOUT,Johnson Outdoors Inc. Class A Common Stock,$24.79,0.02,0.081%,256168060.00,United States,,114097,Consumer Discretionary,Recreational Games/Products/Toys
JRSH,Jerash Holdings (US) Inc. Common Stock,$3.57,0.00,0.00%,43892579.00,United States,2018,15927,Consumer Discretionary,Apparel
JRVR,James River Group Holdings Ltd. Common Shares,$3.98,0.08,2.051%,181664386.00,Bermuda,2014,586644,Finance,Property-Casualty Insurers
JSM,Navient Corporation 6% Senior Notes due December 15 2043,$19.22,0.0574,0.30%,1965750544.00,United States,,4992,Finance,Investment Bankers/Brokers/Service
JSPR,Jasper Therapeutics Inc. Common Stock,$5.21,-0.10,-1.883%,78265256.00,United States,2020,177196,Health Care,Biotechnology: Biological Products (No Diagnostic Substances)
JTAI,Jet.AI Inc. Common Stock,$5.40,-0.09,-1.639%,11672186.00,United States,2021,378054,Consumer Discretionary,Transportation Services
JUNE,Junee Limited Ordinary Shares,$8.87,1.1465,14.844%,115375230.00,Hong Kong,2024,198025,,
JUNS,Jupiter Neurosciences Inc. Common Stock,$0.755,-0.023,-2.956%,24993414.00,United States,2024,210116,Health Care,Biotechnology: Pharmaceutical Preparations
JVA,Coffee Holding Co. Inc. Common Stock,$4.02,-0.32,-7.373%,22948568.00,United States,2005,920773,Consumer Staples,Packaged Foods
JVSAR,JV SPAC Acquisition Corp. Right,$0.27,0.0449,19.947%,0.00,China,2024,427,,
JWEL,Jowell Global Ltd. Ordinary Shares,$2.13,-0.18,-7.792%,4623112.00,China,2021,17528,Consumer Discretionary,Other Consumer Services
JXG,JX Luxventure Group Inc. Common Stock,$2.324,-0.076,-3.167%,3522715.00,China,2013,12212,Consumer Staples,Apparel
JYD,Jayud Global Logistics Limited Class A Ordinary Shares,$5.00,0.36,7.759%,106761115.00,China,2023,172652,Consumer Discretionary,Oil Refining/Marketing
JYNT,The Joint Corp. Common Stock,$12.73,-0.03,-0.235%,193176872.00,United States,2014,159414,Miscellaneous,Multi-Sector Companies
JZ,Jianzhi Education Technology Group Company Limited American Depositary Shs,$0.8901,-0.0992,-10.027%,17966669.00,China,2022,449,Real Estate,Other Consumer Services
JZXN,Jiuzi Holdings Inc. Ordinary Shares,$4.83,-0.05,-1.025%,53185009.00,China,2021,19287,Consumer Discretionary,Retail-Auto Dealers and Gas Stations
KALA,KALA BIO Inc. Common Stock,$6.92,0.12,1.765%,31902162.00,United States,2017,22963,Health Care,Biotechnology: Pharmaceutical Preparations
KALU,Kaiser Aluminum Corporation Common Stock,$66.28,-2.86,-4.137%,1067139350.00,United States,,287149,Industrials,Metal Fabrications
KALV,KalVista Pharmaceuticals Inc. Common Stock,$11.89,-0.11,-0.917%,591118912.00,United Kingdom,2015,1224635,Health Care,Biotechnology: Pharmaceutical Preparations
KARO,Karooooo Ltd. Ordinary Shares,$43.20,1.80,4.348%,1334880000.00,Singapore,2021,67447,Technology,Computer Software: Prepackaged Software
KAVL,Kaival Brands Innovations Group Inc. Common Stock,$0.57,0.022,4.015%,6579112.00,United States,,79080,Consumer Discretionary,Other Consumer Services
KBSX,FST Corp. Ordinary Shares,$3.10,0.20,6.897%,22294806.00,Taiwan,,680975,Consumer Discretionary,Recreational Games/Products/Toys
KC,Kingsoft Cloud Holdings Limited American Depositary Shares,$15.43,-1.05,-6.371%,3914369626.00,China,2020,7074288,Technology,Computer Software: Prepackaged Software
KDLY,Kindly MD Inc. Common Stock,$1.51,0.05,3.425%,9025989.00,United States,2024,45533,Health Care,Medical/Nursing Services
KDP,Keurig Dr Pepper Inc. Common Stock,$33.55,0.12,0.359%,45518991923.00,United States,,18009362,Consumer Staples,Beverages (Production/Distribution)
KE,Kimball Electronics Inc. Common Stock,$16.99,-0.05,-0.293%,417183724.00,United States,,456849,Technology,Electrical Products
KELYA,Kelly Services Inc. Class A Common Stock,$13.17,-0.49,-3.587%,459475566.00,United States,,842608,Consumer Discretionary,Professional Services
KELYB,Kelly Services Inc. Class B Common Stock,$13.89,0.00,0.00%,484594959.00,United States,,11,Consumer Discretionary,Professional Services
KEQU,Kewaunee Scientific Corporation Common Stock,$46.50,-2.99,-6.042%,132732576.00,United States,,9536,Industrials,Medical Specialities
KFFB,Kentucky First Federal Bancorp Common Stock,$3.00,-0.03,-0.99%,24260145.00,United States,2005,4687,Finance,Savings Institutions
KFII,K&F Growth Acquisition Corp. II Class A Ordinary shares,$9.94,0.02,0.202%,0.00,United States,2025,331274,,
KGEI,Kolibri Global Energy Inc. Common stock,$7.24,-0.15,-2.03%,258728387.00,United States,,109834,Energy,Oil & Gas Production
KHC,The Kraft Heinz Company Common Stock,$29.52,-0.19,-0.64%,35276103413.00,United States,,25261679,Consumer Staples,Packaged Foods
KIDS,OrthoPediatrics Corp. Common Stock,$24.97,-0.57,-2.232%,606436152.00,United States,2017,299893,Health Care,Medical/Dental Instruments
KINS,Kingstone Companies Inc. Common Stock,$15.36,-0.47,-2.969%,210905119.00,United States,,190232,Finance,Property-Casualty Insurers
KIRK,Kirkland's Inc. COMMONSTOCK,$1.37,0.03,2.239%,17971581.00,United States,2002,62144,Consumer Discretionary,Other Specialty Stores
KITT,Nauticus Robotics Inc. Common stock,$1.19,0.05,4.386%,7624895.00,United States,2021,1524528,Industrials,Industrial Machinery/Components
KITTW,Nauticus Robotics Inc. Warrant,$0.0831,0.00,0.00%,532461.00,United States,2021,12842,Industrials,Industrial Machinery/Components
KLAC,KLA Corporation Common Stock,$706.49,-9.97,-1.392%,93883157182.00,United States,1980,2454980,Technology,Electronic Components
KLIC,Kulicke and Soffa Industries Inc. Common Stock,$35.76,-0.13,-0.362%,1908982088.00,Singapore,,1230234,Technology,Semiconductors
KLRS,Kalaris Therapeutics Inc. Common Stock,$11.00,-0.40,-3.509%,205726543.00,United States,2020,40759,Health Care,Biotechnology: Biological Products (No Diagnostic Substances)
KLTO,Klotho Neurosciences Inc. Common Stock,$0.293,0.018,6.545%,6230210.00,United States,2022,23310,Health Care,Biotechnology: Biological Products (No Diagnostic Substances)
KLTOW,Klotho Neurosciences Inc. Warrant,$0.0221,-0.0062,-21.908%,469924.00,United States,2022,2761,Health Care,Biotechnology: Biological Products (No Diagnostic Substances)
KLTR,Kaltura Inc. Common Stock,$1.87,0.04,2.186%,288238561.00,United States,2021,1046682,Technology,Computer Software: Prepackaged Software
KLXE,KLX Energy Services Holdings Inc. Common Stock,$3.56,-0.27,-7.05%,61955994.00,United States,,312211,Energy,Oilfield Services/Equipment
KMDA,Kamada Ltd. Ordinary Shares,$6.72,0.07,1.053%,386433808.00,Israel,2013,158726,Health Care,Biotechnology: Pharmaceutical Preparations
KMTS,Kestra Medical Technologies Ltd. Common Stock,$24.94,1.04,4.351%,1188427587.00,United States,2025,405858,Health Care,Medical/Dental Instruments
KNDI,Kandi Technologies Group Inc. Ordinary Shares,$1.50,-0.01,-0.662%,131037351.00,China,,122341,Consumer Discretionary,Auto Manufacturing
KNSA,Kiniksa Pharmaceuticals International plc Class A Ordinary Shares,$23.36,-0.45,-1.89%,1696969446.00,United States,2018,435145,Health Care,Biotechnology: Pharmaceutical Preparations
KOD,Kodiak Sciences Inc Common Stock,$3.28,0.07,2.181%,172605979.00,United States,2018,563416,Health Care,Biotechnology: Biological Products (No Diagnostic Substances)
KOPN,Kopin Corporation Common Stock,$1.38,0.00,0.00%,219144828.00,United States,1992,1439900,Technology,Semiconductors
KOSS,Koss Corporation Common Stock,$5.19,0.12,2.367%,48660376.00,United States,,17829,Consumer Staples,Consumer Electronics/Appliances
KPLT,Katapult Holdings Inc. Common Stock,$12.90,-0.04,-0.309%,56637695.00,United States,2019,21095,Consumer Discretionary,Diversified Commercial Services
KPLTW,Katapult Holdings Inc. Warrant,$0.0125,-0.0017,-11.972%,54881.00,United States,2019,50000,Consumer Discretionary,Diversified Commercial Services
KPRX,Kiora Pharmaceuticals Inc.  Common Stock,$3.29,0.1099,3.456%,9872593.00,United States,,3067,Health Care,Biotechnology: Pharmaceutical Preparations
KPTI,Karyopharm Therapeutics Inc. Common Stock,$6.42,0.28,4.56%,54030746.00,United States,2013,87311,Health Care,Biotechnology: Pharmaceutical Preparations
KRKR,36Kr Holdings Inc. American Depositary Shares,$3.96,0.04,1.02%,7723129.00,China,2019,3029,Consumer Discretionary,Business Services
KRMD,KORU Medical Systems Inc. Common Stock (DE),$2.81,-0.14,-4.746%,129139493.00,United States,,90879,Health Care,Medical/Dental Instruments
KRNT,Kornit Digital Ltd. Ordinary Shares,$21.82,0.39,1.82%,1041242392.00,Israel,2015,1037426,Industrials,Industrial Machinery/Components
KRNY,Kearny Financial Corp Common Stock,$6.30,-0.15,-2.326%,406852003.00,United States,2005,1182868,Finance,Savings Institutions
KRON,Kronos Bio Inc. Common Stock,$0.8706,-0.0094,-1.068%,53079798.00,United States,2020,388370,Health Care,Biotechnology: Pharmaceutical Preparations
KROS,Keros Therapeutics Inc. Common Stock,$11.22,-0.22,-1.923%,455106167.00,United States,2020,1328516,Health Care,Biotechnology: Pharmaceutical Preparations
KRRO,Korro Bio Inc. Common Stock,$23.76,1.86,8.493%,223080312.00,United States,2019,105879,Health Care,Biotechnology: Pharmaceutical Preparations
KRT,Karat Packaging Inc. Common Stock,$28.55,-0.51,-1.755%,572042218.00,United States,2021,50560,Industrials,Plastic Products
KRUS,Kura Sushi USA Inc. Class A Common Stock,$55.13,1.46,2.72%,665205857.00,United States,2019,282106,Consumer Discretionary,Restaurants
KRYS,Krystal Biotech Inc. Common Stock,$187.15,-1.46,-0.774%,5391057498.00,United States,2017,328246,Health Care,Biotechnology: Biological Products (No Diagnostic Substances)
KSCP,Knightscope Inc. Class A Common Stock,$4.30,-0.15,-3.371%,16419335.00,United States,2022,195011,Telecommunications,Telecommunications Equipment
KSPI,Joint Stock Company Kaspi.kz American Depository Shares,$94.98,-0.83,-0.866%,17982892506.00,Kazakhstan,2024,292051,,
KTCC,Key Tronic Corporation Common Stock,$2.75,-0.03,-1.079%,29595145.00,United States,1983,36337,Technology,Electrical Products
KTOS,Kratos Defense & Security Solutions Inc. Common Stock,$30.81,-0.89,-2.808%,4709077641.00,United States,,34278760,Industrials,Military/Government/Technical
KTTA,Pasithea Therapeutics Corp. Common Stock,$1.24,0.06,5.085%,1570369.00,United States,2021,58658,Health Care,Biotechnology: Pharmaceutical Preparations
KURA,Kura Oncology Inc. Common Stock,$7.84,-0.01,-0.127%,633118894.00,United States,,2172737,Health Care,Biotechnology: Pharmaceutical Preparations
KVAC,Keen Vision Acquisition Corporation Ordinary Shares,$11.20,0.025,0.224%,0.00,United States,2023,226,,
KVACW,Keen Vision Acquisition Corporation Warrant,$0.0282,-0.0076,-21.229%,0.00,United States,2023,3740,,
KVHI,KVH Industries Inc. Common Stock,$5.12,-0.28,-5.185%,101191926.00,United States,1996,57256,Technology,Radio And Television Broadcasting And Communications Equipment
KWE,KWESST Micro Systems Inc. Common Stock,$0.3102,-0.0019,-0.609%,2446617.00,Canada,,181691,Technology,Computer Software: Prepackaged Software
KWESW,KWESST Micro Systems Inc. Warrant,$0.025,0.00,0.00%,197181.00,Canada,,16,Technology,Computer Software: Prepackaged Software
KXIN,Kaixin Holdings Ordinary Shares,$1.00,0.0001,0.01%,986585.00,China,2017,68744,Consumer Discretionary,Retail-Auto Dealers and Gas Stations
KYMR,Kymera Therapeutics Inc. Common Stock,$32.54,-0.67,-2.017%,2113282185.00,United States,2020,868196,Health Care,Biotechnology: Biological Products (No Diagnostic Substances)
KYTX,Kyverna Therapeutics Inc. Common Stock,$2.38,0.11,4.846%,102748437.00,United States,2024,470927,Health Care,Biotechnology: Biological Products (No Diagnostic Substances)
KZIA,Kazia Therapeutics Limited American Depositary Shares,$0.9759,-0.001,-0.102%,1360246.00,Australia,,55660,Health Care,Biotechnology: Pharmaceutical Preparations
KZR,Kezar Life Sciences Inc. Common Stock,$5.89,0.31,5.556%,42974748.00,United States,2018,6008,Health Care,Biotechnology: Pharmaceutical Preparations
LAB,Standard BioTools Inc. Common Stock,$1.21,0.05,4.31%,458573498.00,United States,2011,2258610,Industrials,Biotechnology: Laboratory Analytical Instruments
LAES,SEALSQ Corp Ordinary Shares,$2.98,-0.12,-3.871%,69672400.00,Switzerland,,8207687,Technology,Semiconductors
LAKE,Lakeland Industries Inc. Common Stock,$18.76,-0.24,-1.263%,138929131.00,United States,1986,249244,Health Care,Industrial Specialties
LAMR,Lamar Advertising Company Class A Common Stock,$111.19,-0.96,-0.856%,11385523320.00,United States,1996,1209720,Real Estate,Real Estate Investment Trusts
LANC,Lancaster Colony Corporation Common Stock,$175.33,1.16,0.666%,4834198760.00,United States,,736672,Consumer Staples,Packaged Foods
LAND,Gladstone Land Corporation Common Stock,$10.45,-0.22,-2.062%,378129676.00,United States,2013,486854,Real Estate,Real Estate Investment Trusts
LANDO,Gladstone Land Corporation 6.00% Series B Cumulative Redeemable Preferred Stock,$20.235,0.02,0.099%,732196555.00,United States,,5741,Real Estate,Real Estate Investment Trusts
LANDP,Gladstone Land Corporation 6.00% Series C Cumulative Redeemable Preferred Stock,$20.06,-0.04,-0.199%,725864239.00,United States,,21054,Real Estate,Real Estate Investment Trusts
LARK,Landmark Bancorp Inc. Common Stock,$27.30,-0.25,-0.907%,157692499.00,United States,,42473,Finance,Major Banks
LASE,Laser Photonics Corporation Common Stock,$3.49,0.00,0.00%,48275059.00,United States,2022,49693,Miscellaneous,Industrial Machinery/Components
LASR,nLIGHT Inc. Common Stock,$8.56,-0.27,-3.058%,419705197.00,United States,2018,461036,Technology,Semiconductors
LAUR,Laureate Education Inc. Common Stock,$19.31,-0.09,-0.464%,2911655396.00,United States,2017,1873546,Real Estate,Other Consumer Services
LAZR,Luminar Technologies Inc.  Class A Common Stock,$8.35,2.07,32.962%,278022535.00,United States,2019,11727927,Consumer Discretionary,Auto Parts:O.E.M.
LBGJ,Li Bang International Corporation Inc. Ordinary Shares,$1.38,-0.045,-3.158%,25557600.00,China,2024,190502,,
LBRDA,Liberty Broadband Corporation Class A Common Stock,$83.42,0.38,0.458%,11952600707.00,United States,,148739,Telecommunications,Cable & Other Pay Television Services
LBRDK,Liberty Broadband Corporation Class C Common Stock,$83.69,0.15,0.18%,11991286900.00,United States,,812176,Telecommunications,Cable & Other Pay Television Services
LBRDP,Liberty Broadband Corporation Series A Cumulative Redeemable Preferred Stock,$25.01,-0.1839,-0.73%,3583487697.00,United States,,2986,Telecommunications,Cable & Other Pay Television Services
LBTYA,Liberty Global Ltd. Class A Common Shares,$11.67,-0.25,-2.097%,4069966917.00,United Kingdom,,2470891,Telecommunications,Cable & Other Pay Television Services
LBTYB,Liberty Global Ltd. Class B Common Shares,$11.51,-0.10,-0.861%,4014166171.00,United Kingdom,,6114,Telecommunications,Cable & Other Pay Television Services
LBTYK,Liberty Global Ltd. Class C Common Shares,$12.15,-0.26,-2.095%,4237369155.00,United Kingdom,,2791572,Telecommunications,Cable & Other Pay Television Services
LCFY,Locafy Limited Ordinary Share,$5.30,0.03,0.569%,7325581.00,Australia,2022,3807,Technology,Computer Software: Programming Data Processing
LCFYW,Locafy Limited Warrant,$4.06,0.00,0.00%,5611671.00,Australia,2022,42,Technology,Computer Software: Programming Data Processing
LCID,Lucid Group Inc. Common Stock,$2.42,0.14,6.14%,7336229639.00,United States,,98577154,Consumer Discretionary,Auto Manufacturing
LCNB,LCNB Corporation Common Stock,$14.85,-0.08,-0.536%,210245736.00,United States,,42071,Finance,Major Banks
LCUT,Lifetime Brands Inc. Common Stock,$5.40,-0.21,-3.743%,119679547.00,United States,1991,92944,Consumer Discretionary,Industrial Machinery/Components
LDTC,LeddarTech Holdings Inc. Common Shares,$0.597,-0.0118,-1.938%,18031595.00,United States,2021,128461,Technology,Computer Software: Prepackaged Software
LDTCW,LeddarTech Holdings Inc. Warrants,$0.0754,-0.005,-6.219%,2277357.00,United States,2021,3950,Technology,Computer Software: Prepackaged Software
LDWY,Lendway Inc. Common Stock (DE),$3.65,-0.16,-4.199%,6459036.00,United States,,4983,Consumer Discretionary,Advertising
LE,Lands' End Inc. Common Stock,$10.25,0.09,0.886%,317028800.00,United States,,161342,Consumer Discretionary,Clothing/Shoe/Accessory Stores
LECO,Lincoln Electric Holdings Inc. Common Shares,$192.02,-2.05,-1.056%,10771425651.00,United States,,1037330,Industrials,Industrial Machinery/Components
LEDS,SemiLEDS Corporation Common Stock,$2.108,0.038,1.836%,15202344.00,Taiwan,2010,18556,Technology,Semiconductors
LEE,Lee Enterprises Incorporated Common Stock,$10.35,0.36,3.604%,64076219.00,United States,,30605,Consumer Discretionary,Newspapers/Magazines
LEGH,Legacy Housing Corporation Common Stock (TX),$25.74,-0.37,-1.417%,621089778.00,United States,2018,139177,Consumer Discretionary,Homebuilding
LEGN,Legend Biotech Corporation American Depositary Shares,$36.95,-0.77,-2.041%,6785836388.00,United States,2020,1432614,Health Care,Biotechnology: Pharmaceutical Preparations
LENZ,LENZ Therapeutics Inc. Common Stock,$26.49,0.19,0.722%,729610732.00,United States,2021,502876,Health Care,Biotechnology: Biological Products (No Diagnostic Substances)
LESL,Leslie's Inc. Common Stock,$0.7838,-0.0146,-1.829%,145181199.00,United States,2020,9662355,Consumer Discretionary,Other Specialty Stores
LEXX,Lexaria Bioscience Corp. Common Stock,$1.77,0.19,12.025%,31068091.00,Canada,,188977,Health Care,Biotechnology: Pharmaceutical Preparations
LEXXW,Lexaria Bioscience Corp. Warrant,$0.36,0.0995,38.196%,6318934.00,Canada,,24307,Health Care,Biotechnology: Pharmaceutical Preparations
LFCR,Lifecore Biomedical Inc. Common Stock,$6.55,-0.03,-0.456%,242515918.00,United States,,559896,Health Care,Biotechnology: Pharmaceutical Preparations
LFMD,LifeMD Inc. Common Stock,$5.60,-0.05,-0.885%,249668653.00,United States,,643027,Health Care,Medical/Nursing Services
LFMDP,LifeMD Inc. 8.875% Series A Cumulative Perpetual Preferred Stock,$24.44,-0.26,-1.053%,1089625335.00,United States,,13330,Health Care,Medical/Nursing Services
LFST,LifeStance Health Group Inc. Common Stock,$6.85,0.03,0.44%,2634168541.00,United States,2021,3135738,Health Care,Medical/Nursing Services
LFUS,Littelfuse Inc. Common Stock,$209.79,-1.56,-0.738%,5184555375.00,United States,,349201,Energy,Electrical Products
LFVN,Lifevantage Corporation Common Stock (Delaware),$15.46,-0.82,-5.037%,194042804.00,United States,,192677,Health Care,Biotechnology: Pharmaceutical Preparations
LFWD,Lifeward Ltd. Ordinary Shares,$1.72,-0.15,-8.021%,18284083.00,Israel,2014,449911,Health Care,Industrial Specialties
LGCB,Linkage Global Inc. Class A Ordinary Shares,$0.1825,-0.0016,-0.869%,6533500.00,Japan,2023,132468,Consumer Discretionary,Catalog/Specialty Distribution
LGCL,Lucas GC Limited Ordinary Shares,$0.543,-0.017,-3.036%,43202872.00,China,2024,75846,Technology,Computer Software: Programming Data Processing
LGHL,Lion Group Holding Ltd. American Depositary Share,$0.0996,-0.0019,-1.872%,53650.00,China,,874199,Finance,Investment Bankers/Brokers/Service
LGHLW,Lion Group Holding Ltd. Warrant,$0.0062,-0.0001,-1.587%,3340.00,China,,10723,Finance,Investment Bankers/Brokers/Service
LGIH,LGI Homes Inc. Common Stock,$70.88,-1.54,-2.126%,1658384605.00,United States,2013,520102,Consumer Discretionary,Homebuilding
LGMK,LogicMark Inc. Common Stock (NV),$0.1271,-0.0227,-15.154%,234992.00,United States,,4885763,Health Care,Industrial Specialties
LGND,Ligand Pharmaceuticals Incorporated Common Stock,$108.15,-1.26,-1.152%,2082466427.00,United States,,280792,Health Care,Biotechnology: Pharmaceutical Preparations
LGO,Largo Inc. Common Shares,$1.85,-0.03,-1.596%,118605350.00,Canada,,69461,Industrials,Mining & Quarrying of Nonmetallic Minerals (No Fuels)
LGTY,Logility Supply Chain Solutions Inc. Common Stock,$14.24,0.00,0.00%,479732200.00,United States,,543278,Technology,Computer Software: Prepackaged Software
LGVN,Longeveron Inc. Class A Common Stock,$1.85,0.09,5.114%,27616621.00,United States,2021,160952,Health Care,Biotechnology: Pharmaceutical Preparations
LI,Li Auto Inc. American Depositary Shares,$26.40,-0.365,-1.364%,27643708356.00,China,2020,4058281,Consumer Discretionary,Auto Manufacturing
LICN,Lichen International Limited Class A Ordinary Shares,$4.02,-0.09,-2.19%,2408651.00,China,2023,37671,Consumer Discretionary,Professional Services
LIDR,AEye Inc. Class A Common Stock,$0.69,-0.0003,-0.043%,12895872.00,United States,2021,335711,Consumer Discretionary,Auto Parts:O.E.M.
LIDRW,AEye Inc. Warrant,$0.0643,0.0132,25.832%,1201746.00,United States,2021,27693,Consumer Discretionary,Auto Parts:O.E.M.
LIEN,Chicago Atlantic BDC Inc. Common Stock,$11.54,0.18,1.585%,263347035.00,United States,2022,4348,Finance,Finance: Consumer Services
LIF,Life360 Inc. Common Stock,$38.12,-3.37,-8.122%,2879121451.00,United States,2024,2760394,,
LILA,Liberty Latin America Ltd. Class A Common Stock,$6.73,-0.06,-0.884%,1325137000.00,United States,,801857,Telecommunications,Cable & Other Pay Television Services
LILAK,Liberty Latin America Ltd. Class C Common Stock,$6.70,-0.13,-1.903%,1319230000.00,United States,,2245753,Telecommunications,Cable & Other Pay Television Services
LIN,Linde plc Ordinary Shares,$458.33,0.58,0.127%,216749581878.00,United States,,4969941,Industrials,Major Chemicals
LINC,Lincoln Educational Services Corporation Common Stock,$14.985,-0.885,-5.577%,473418213.00,United States,2005,258618,Real Estate,Other Consumer Services
LIND,Lindblad Expeditions Holdings Inc. Common Stock,$9.69,-0.54,-5.279%,528942187.00,United States,2013,555230,Consumer Discretionary,Transportation Services
LINE,Lineage Inc. Common Stock,$58.40,-1.90,-3.151%,13326727167.00,United States,2024,1034198,Real Estate,Real Estate Investment Trusts
LINK,Interlink Electronics Inc. Common Stock,$6.48,0.07,1.092%,63920107.00,United States,,12623,Technology,Computer peripheral equipment
LION,Lionsgate Studios Corp. Common Shares,$7.98,-0.13,-1.603%,2303676168.00,United States,,206528,Consumer Discretionary,Movies/Entertainment
LIPO,Lipella Pharmaceuticals Inc. Common Stock,$2.59,-0.01,-0.385%,3131100.00,United States,2022,18222,Health Care,Biotechnology: Pharmaceutical Preparations
LIQT,LiqTech International Inc. Common Stock,$1.45,-0.0299,-2.02%,13701631.00,Denmark,,13687,Technology,Industrial Machinery/Components
LITE,Lumentum Holdings Inc. Common Stock,$66.61,-2.22,-3.225%,4609412000.00,United States,,1762701,Telecommunications,Telecommunications Equipment
LITM,Snow Lake Resources Ltd. Common Shares,$0.6857,0.0849,14.131%,17667791.00,Canada,2021,110274928,Basic Materials,Other Metals and Minerals
LIVE,Live Ventures Incorporated Common Stock,$6.91,0.16,2.37%,21465438.00,United States,,18553,Consumer Discretionary,Other Specialty Stores
LIVN,LivaNova PLC Ordinary Shares,$39.48,-0.95,-2.35%,2145807682.00,United Kingdom,,1140685,Health Care,Biotechnology: Electromedical & Electrotherapeutic Apparatus
LIXT,Lixte Biotechnology Holdings Inc. Common Stock,$1.30,-0.01,-0.763%,2924077.00,United States,,17957,Health Care,Biotechnology: Pharmaceutical Preparations
LKCO,Luokung Technology Corp Ordinary Shares,$1.47,-0.13,-8.125%,3586399.00,China,,61807,Technology,EDP Services
LKFN,Lakeland Financial Corporation Common Stock,$60.19,-0.61,-1.003%,1538213774.00,United States,,554603,Finance,Major Banks
LKQ,LKQ Corporation Common Stock,$40.40,-0.58,-1.415%,10469853274.00,United States,2003,7151374,Consumer Discretionary,Motor Vehicles
LLYVA,Liberty Media Corporation Series A Liberty Live Common Stock,$65.02,-0.60,-0.914%,5971032311.00,United States,,427170,Industrials,Broadcasting
LLYVK,Liberty Media Corporation Series C Liberty Live Common Stock,$66.28,-0.78,-1.163%,6086742872.00,United States,,730238,Industrials,Broadcasting
LMAT,LeMaitre Vascular Inc. Common Stock,$83.49,-2.19,-2.556%,1883420102.00,United States,2006,1117227,Health Care,Medical/Dental Instruments
LMB,Limbach Holdings Inc. Common Stock,$82.85,0.93,1.135%,940627450.00,United States,,396196,Consumer Discretionary,Engineering & Construction
LMFA,LM Funding America Inc. Common Stock,$1.48,0.00,0.00%,5027622.00,United States,2015,24724,Finance,Finance: Consumer Services
LMNR,Limoneira Co Common Stock,$17.36,-0.24,-1.364%,313264134.00,United States,,131374,Consumer Staples,Farming/Seeds/Milling
LNKB,LINKBANCORP Inc. Common Stock,$6.82,-0.03,-0.438%,254865562.00,United States,,85622,Finance,Major Banks
LNKS,Linkers Industries Limited Class A Ordinary Shares,$0.681,-0.0406,-5.626%,9159450.00,Malaysia,2024,87918,Technology,Electrical Products
LNSR,LENSAR Inc. Common Stock,$14.82,-0.58,-3.766%,174720271.00,United States,,86337,Health Care,Medical/Dental Instruments
LNT,Alliant Energy Corporation Common Stock,$63.05,-0.50,-0.787%,16184454622.00,United States,,3631046,Utilities,Power Generation
LNTH,Lantheus Holdings Inc. Common Stock,$97.71,-1.14,-1.153%,6690846143.00,United States,2015,1069738,Health Care,Biotechnology: In Vitro & In Vivo Diagnostic Substances
LNW,Light & Wonder Inc. Common Stock,$103.67,-0.66,-0.633%,8756623083.00,United States,,1374115,Technology,EDP Services
LNZA,LanzaTech Global Inc. Common Stock,$0.3974,-0.0026,-0.65%,78598589.00,United States,2021,2239830,Industrials,Major Chemicals
LNZAW,LanzaTech Global Inc. Warrant,$0.12,-0.0086,-6.687%,23733847.00,United States,2021,29320,Industrials,Major Chemicals
LOAN,Manhattan Bridge Capital Inc,$5.64,-0.109,-1.896%,64513992.00,United States,,13535,Real Estate,Real Estate Investment Trusts
LOBO,LOBO EV TECHNOLOGIES LTD. Ordinary shares,$1.26,-0.0001,-0.008%,9802800.00,China,2024,24791,Consumer Discretionary,Motor Vehicles
LOCO,El Pollo Loco Holdings Inc. Common Stock,$10.22,-0.23,-2.201%,304323056.00,United States,2014,275577,Consumer Discretionary,Restaurants
LOGC,ContextLogic Inc. Class A Common Stock,$7.52,-0.03,-0.397%,197878415.00,United States,2020,410022,Consumer Discretionary,Catalog/Specialty Distribution
LOGI,Logitech International S.A. Ordinary Shares,$89.97,-0.90,-0.99%,13423486303.00,United States,1997,459434,Technology,Computer peripheral equipment
LOKVU,Live Oak Acquisition Corp. V Units,$10.07,0.00,0.00%,0.00,United States,2025,946,Finance,Blank Checks
LOOP,Loop Industries Inc. Common Stock,$1.21,0.04,3.419%,57620518.00,Canada,,28859,Industrials,Major Chemicals
LOPE,Grand Canyon Education Inc. Common Stock,$168.82,-1.28,-0.752%,4849328333.00,United States,2008,548691,Real Estate,Other Consumer Services
LOT,Lotus Technology Inc. American Depositary Shares,$1.58,0.08,5.333%,3872540265.00,China,,142028,,
LOTWW,Lotus Technology Inc. Warrants,$0.0999,-0.0001,-0.10%,244852388.00,China,,3881,Consumer Discretionary,Auto Manufacturing
LOVE,The Lovesac Company Common Stock,$17.29,-0.24,-1.369%,266834080.00,United States,2018,377636,Consumer Discretionary,Other Specialty Stores
LPAA,Launch One Acquisition Corp. Class A Ordinary shares,$10.205,0.005,0.049%,0.00,United States,2024,100,,
LPAAU,Launch One Acquisition Corp. Unit,$10.21,-0.02,-0.196%,0.00,United States,2024,300,Finance,Blank Checks
LPAAW,Launch One Acquisition Corp. Warrant,$0.1419,0.00,0.00%,0.00,United States,2024,60,Finance,Blank Checks
LPBB,Launch Two Acquisition Corp. Class A Ordinary Shares,$10.09,-0.01,-0.099%,0.00,United States,2024,378,,
LPBBU,Launch Two Acquisition Corp. Unit,$10.19,-0.0199,-0.195%,0.00,United States,2024,4208,Finance,Blank Checks
LPCN,Lipocine Inc. Common Stock,$3.54,0.04,1.143%,18940260.00,United States,,7849,Health Care,Biotechnology: Pharmaceutical Preparations
LPLA,LPL Financial Holdings Inc. Common Stock,$327.90,-6.55,-1.958%,24453003470.00,United States,2010,828278,Finance,Investment Bankers/Brokers/Service
LPRO,Open Lending Corporation Common Stock,$3.255,0.18,5.854%,388484253.00,United States,,1760615,Finance,Finance: Consumer Services
LPSN,LivePerson Inc. Common Stock,$0.9205,0.0075,0.821%,84054508.00,United States,2000,677240,Technology,Computer Software: Prepackaged Software
LPTH,LightPath Technologies Inc. Class A Common Stock,$2.28,0.10,4.587%,91566551.00,United States,1996,125865,Technology,Semiconductors
LPTX,Leap Therapeutics Inc. Common Stock,$0.401,-0.0091,-2.219%,15365477.00,United States,,227217,Health Care,Biotechnology: Pharmaceutical Preparations
LQDA,Liquidia Corporation Common Stock,$15.12,-0.32,-2.073%,1289713879.00,United States,2018,1056986,Health Care,Biotechnology: Pharmaceutical Preparations
LQDT,Liquidity Services Inc. Common Stock,$31.60,0.70,2.265%,980842133.00,United States,2006,859193,Consumer Discretionary,Business Services
LRCX,Lam Research Corporation Common Stock,$75.84,-1.71,-2.205%,97352926080.00,United States,1984,20061993,Technology,Industrial Machinery/Components
LRE,Lead Real Estate Co. Ltd American Depositary Shares,$1.16,0.01,0.87%,15824604.00,Japan,2023,6280,Consumer Discretionary,Homebuilding
LRFC,Logan Ridge Finance Corporation Common Stock,$22.03,-0.555,-2.457%,58509433.00,United States,2013,984,Finance,Finance: Consumer Services
LRHC,La Rosa Holdings Corp. Common Stock,$0.22,0.007,3.286%,4444196.00,United States,2023,383557,Finance,Real Estate
LRMR,Larimar Therapeutics Inc. Common Stock,$2.54,0.03,1.195%,162068835.00,United States,2014,655389,Health Care,Biotechnology: Pharmaceutical Preparations
LSAK,Lesaka Technologies Inc. Common Stock,$4.75,0.121,2.614%,375841845.00,South Africa,,12072,Finance,Investment Bankers/Brokers/Service
LSB,LakeShore Biopharma Co. Ltd Ordinary Shares,$2.7699,0.7199,35.117%,52851775.00,China,,144756,Health Care,Biotechnology: Pharmaceutical Preparations
LSBK,Lake Shore Bancorp Inc. Common Stock,$15.89,0.09,0.57%,91098562.00,United States,2006,4410,Finance,Savings Institutions
LSBPW,LakeShore Biopharma Co. Ltd Warrants,$0.0675,0.0125,22.727%,1287951.00,China,,67902,Health Care,Biotechnology: Pharmaceutical Preparations
LSCC,Lattice Semiconductor Corporation Common Stock,$60.67,0.13,0.215%,8362182805.00,United States,,2111281,Technology,Semiconductors
LSE,Leishen Energy Holding Co. Ltd. Ordinary Shares,$6.63,-1.64,-19.831%,112875750.00,China,2024,246745,Industrials,Metal Fabrications
LSEA,Landsea Homes Corporation Common Stock,$6.955,-0.645,-8.487%,252677216.00,United States,2018,1936771,Consumer Discretionary,Homebuilding
LSEAW,Landsea Homes Corporation Warrant,$0.07,-0.0011,-1.547%,2543121.00,United States,2018,72431,Consumer Discretionary,Homebuilding
LSH,Lakeside Holding Limited Common Stock,$1.06,0.01,0.952%,7950000.00,United States,2024,30349,,
LSTA,Lisata Therapeutics Inc. Common Stock,$2.38,0.0995,4.363%,20515986.00,United States,,18213,Health Care,Misc Health and Biotechnology Services
LSTR,Landstar System Inc. Common Stock,$149.08,2.45,1.671%,5264920163.00,United States,1993,1381457,Industrials,Trucking Freight/Courier Services
LTBR,Lightbridge Corporation Common Stock,$8.945,-0.475,-5.042%,182098294.00,United States,,872349,Consumer Discretionary,Professional Services
LTRN,Lantern Pharma Inc. Common Stock,$3.82,0.10,2.688%,41197650.00,United States,2020,28255,Health Care,Biotechnology: Pharmaceutical Preparations
LTRX,Lantronix Inc. Common Stock,$2.71,-0.045,-1.633%,105119989.00,United States,2000,140824,Telecommunications,Computer Communications Equipment
LTRY,Lottery.com Inc. Common Stock,$1.08,-0.02,-1.818%,11487252.00,United States,2023,333163,Technology,Computer Software: Prepackaged Software
LTRYW,Lottery.com Inc. Warrants,$0.0395,0.0075,23.438%,420136.00,United States,2023,454180,Technology,Computer Software: Prepackaged Software
LUCD,Lucid Diagnostics Inc. Common Stock,$1.52,-0.05,-3.185%,90200568.00,United States,2021,1081165,Health Care,Medical/Dental Instruments
LUCY,Innovative Eyewear Inc. Common Stock,$3.37,-0.01,-0.296%,8230376.00,United States,2022,21375,Health Care,Ophthalmic Goods
LUCYW,Innovative Eyewear Inc. Series A Warrants 8/16/27,$0.0779,-0.0621,-44.357%,190251.00,United States,2022,6255,Health Care,Ophthalmic Goods
LULU,lululemon athletica inc. Common Stock,$322.62,-1.83,-0.564%,37639289498.00,Canada,2007,1986131,Consumer Discretionary,Apparel
LUNG,Pulmonx Corporation Common Stock,$7.77,0.07,0.909%,309218183.00,United States,2020,371968,Health Care,Medical/Dental Instruments
LUNR,Intuitive Machines Inc. Class A Common Stock,$7.09,-0.02,-0.281%,995058769.00,United States,2021,12831089,Industrials,Industrial Machinery/Components
LVLU,Lulu's Fashion Lounge Holdings Inc. Common Stock,$0.45,-0.0811,-15.27%,18913922.00,United States,2021,649100,Consumer Discretionary,Catalog/Specialty Distribution
LVO,LiveOne Inc. Common Stock,$0.846,0.0297,3.638%,81294174.00,United States,,482350,Consumer Discretionary,Restaurants
LVRO,Lavoro Limited Class A Ordinary Shares,$3.5236,-0.0025,-0.071%,410881108.00,Brazil,,2492,Consumer Discretionary,Other Specialty Stores
LVROW,Lavoro Limited Warrant,$0.0901,0.00,0.00%,10506410.00,Brazil,,28,Consumer Discretionary,Other Specialty Stores
LVTX,LAVA Therapeutics N.V. Ordinary Shares,$1.30,0.00,0.00%,34175813.00,Netherlands,2021,22117,Health Care,Biotechnology: Pharmaceutical Preparations
LWAY,Lifeway Foods Inc. Common Stock,$23.85,0.16,0.675%,362597298.00,United States,,92771,Consumer Staples,Packaged Foods
LWLG,Lightwave Logic Inc. Common Stock,$1.04,0.03,2.97%,129791605.00,United States,,995435,Industrials,Containers/Packaging
LX,LexinFintech Holdings Ltd. American Depositary Shares,$10.77,0.25,2.376%,1770726868.00,China,2017,9346425,Finance,Finance: Consumer Services
LXEH,Lixiang Education Holding Co. Ltd. American Depositary Shares,$10.29,-0.38,-3.561%,12005034.00,China,2020,188292,Real Estate,Other Consumer Services
LXEO,Lexeo Therapeutics Inc. Common Stock,$2.71,0.02,0.743%,89608716.00,United States,2023,514295,Health Care,Biotechnology: Biological Products (No Diagnostic Substances)
LXRX,Lexicon Pharmaceuticals Inc. Common Stock,$0.3632,0.0183,5.306%,131294002.00,United States,,4219727,Health Care,Biotechnology: Pharmaceutical Preparations
LYEL,Lyell Immunopharma Inc. Common Stock,$0.5785,0.0452,8.476%,170789900.00,United States,2021,1287157,Health Care,Biotechnology: Pharmaceutical Preparations
LYFT,Lyft Inc. Class A Common Stock,$11.98,0.23,1.957%,5007742501.00,United States,2019,38652430,Consumer Discretionary,Business Services
LYRA,Lyra Therapeutics Inc. Common Stock,$0.175,0.0084,5.042%,11529098.00,United States,2020,848226,Health Care,Medical/Dental Instruments
LYT,Lytus Technologies Holdings PTV. Ltd. Common Shares,$0.0586,-0.0086,-12.798%,109186.00,United Arab Emirates,2022,15112420,Technology,EDP Services
LYTS,LSI Industries Inc. Common Stock,$17.33,-0.22,-1.254%,518537602.00,United States,1985,196815,Consumer Discretionary,Building Products
LZ,LegalZoom.com Inc. Common Stock,$9.32,-0.10,-1.062%,1641156134.00,United States,2021,2362889,Technology,EDP Services
LZMH,LZ Technology Holdings Limited Class B Ordinary Shares,$9.93,-0.29,-2.838%,1507374000.00,China,2025,180089,Technology,EDP Services
MACI,Melar Acquisition Corp. I Class A Ordinary Shares,$10.31,0.0734,0.717%,0.00,United States,2024,27639,,
MACIW,Melar Acquisition Corp. I Warrant,$0.1429,0.00,0.00%,0.00,United States,2024,47,,
MAMA,Mama's Creations Inc. Common Stock,$6.41,0.02,0.313%,240932010.00,United States,,347594,Consumer Staples,Specialty Foods
MAMO,Massimo Group Common Stock,$2.80,0.00,0.00%,115877415.00,United States,2024,5175,Consumer Discretionary,Industrial Specialties
MANH,Manhattan Associates Inc. Common Stock,$171.08,-1.36,-0.789%,10457102645.00,United States,1998,2852808,Technology,Computer Software: Prepackaged Software
MAPS,WM Technology Inc. Class A Common Stock ,$1.34,0.08,6.349%,206826394.00,United States,2019,1052852,Technology,Computer Software: Prepackaged Software
MAPSW,WM Technology Inc. Warrants ,$0.031,-0.001,-3.125%,4784790.00,United States,2019,181104,Technology,Computer Software: Prepackaged Software
MAR,Marriott International Class A Common Stock,$237.49,-7.35,-3.002%,65474876322.00,United States,,4301171,Consumer Discretionary,Hotels/Resorts
MARA,MARA Holdings Inc. Common Stock,$12.38,-0.12,-0.96%,4281212318.00,United States,,43101551,Technology,EDP Services
MARPS,Marine Petroleum Trust Units of Beneficial Interest,$3.92,0.00,0.00%,7840000.00,United States,,243,Energy,Oil & Gas Production
MASI,Masimo Corporation Common Stock,$165.82,-3.68,-2.171%,8945788689.00,United States,2007,701921,Health Care,Biotechnology: Electromedical & Electrotherapeutic Apparatus
MASK,3 E Network Technology Group Ltd Class A Ordinary Shares,$4.10,0.34,9.043%,45920000.00,China,2025,118381,,
MASS,908 Devices Inc. Common Stock,$4.53,0.37,8.894%,160044868.00,United States,2020,1218198,Industrials,Industrial Machinery/Components
MAT,Mattel Inc. Common Stock,$19.80,-0.23,-1.148%,6537960000.00,United States,,22651237,Consumer Discretionary,Recreational Games/Products/Toys
MATH,Metalpha Technology Holding Limited Ordinary Shares,$1.82,-0.03,-1.622%,69839535.00,China,2017,21298,Finance,Finance/Investors Services
MATW,Matthews International Corporation Class A Common Stock,$23.15,0.00,0.00%,716925081.00,United States,1994,504781,Telecommunications,Metal Fabrications
MAXN,Maxeon Solar Technologies Ltd. Ordinary Shares,$3.68,-0.29,-7.305%,52149608.00,Singapore,,152695,Technology,Semiconductors
MAYA,Maywood Acquisition Corp. Class A Ordinary Shares,$9.89,0.00,0.00%,0.00,United States,2025,1103,,
MAYS,J. W. Mays Inc. Common Stock,$38.88,0.2731,0.707%,78373526.00,United States,,378,Real Estate,Building operators
MAZE,Maze Therapeutics Inc. Common Stock,$11.14,-0.82,-6.856%,477092535.00,United States,2025,2195374,Health Care,Biotechnology: Biological Products (No Diagnostic Substances)
MBAV,M3-Brigade Acquisition V Corp. Class A Ordinary shares,$10.20,0.00,0.00%,0.00,United States,2024,27,,
MBCN,Middlefield Banc Corp. Common Stock,$26.87,0.77,2.95%,217144585.00,United States,,38242,Finance,Major Banks
MBIN,Merchants Bancorp Common Stock,$38.22,-0.70,-1.799%,1752421551.00,United States,2017,273457,Finance,Major Banks
MBINL,Merchants Bancorp Depositary Shares Each Representing a 1/40thInterest in a Share of 7.25% Fixed Rate Series E Non-CumulativePerpetual Preferred Stock without par value,$25.13,0.00,0.00%,1152233218.00,United States,,2465,Finance,Major Banks
MBINM,Merchants Bancorp Depositary Shares Each Representing a 1/40th Interest in a Share of 8.25% Fixed-Rate Reset Series D Non-Cumulative Perpetual Preferred Stock,$25.65,0.15,0.588%,1176075688.00,United States,,4563,Finance,Major Banks
MBINN,Merchants Bancorp Depositary Shares Preferred Series C,$21.555,-0.195,-0.897%,988316236.00,United States,,452,Finance,Major Banks
MBIO,Mustang Bio Inc. Common Stock,$1.40,-0.04,-2.778%,1837198.00,United States,,62046,Health Care,Biotechnology: Pharmaceutical Preparations
MBLY,Mobileye Global Inc. Class A Common Stock,$14.56,0.32,2.247%,11818737505.00,Israel,2022,2137127,Technology,Computer Software: Prepackaged Software
MBNKP,Medallion Bank Fixed-to-Floating Rate Non-Cumulative Perpetual Preferred Stock Series F,$25.35,0.04,0.158%,584767412.00,United States,2019,294,Finance,Commercial Banks
MBOT,Microbot Medical Inc. Common Stock,$1.70,0.04,2.41%,28784980.00,Israel,,1162822,Health Care,Biotechnology: Biological Products (No Diagnostic Substances)
MBRX,Moleculin Biotech Inc. Common Stock,$1.09,0.00,0.00%,3272066.00,United States,2016,519991,Health Care,Biotechnology: Pharmaceutical Preparations
MBUU,Malibu Boats Inc. Class A Common Stock,$29.55,-0.28,-0.939%,580223292.00,United States,2014,325896,Industrials,Marine Transportation
MBWM,Mercantile Bank Corporation Common Stock,$44.25,-0.29,-0.651%,718217856.00,United States,1998,179027,Finance,Major Banks
MBX,MBX Biosciences Inc. Common Stock,$7.89,-0.08,-1.004%,263718287.00,United States,2024,261934,Health Care,Biotechnology: Pharmaceutical Preparations
MCBS,MetroCity Bankshares Inc. Common Stock,$27.20,-0.29,-1.055%,690955670.00,United States,2019,94417,Finance,Major Banks
MCFT,MasterCraft Boat Holdings Inc. Common Stock,$17.30,-0.01,-0.058%,289818458.00,United States,2015,260124,Industrials,Marine Transportation
MCHP,Microchip Technology Incorporated Common Stock,$51.72,0.72,1.412%,27815997077.00,United States,1993,29770547,Technology,Semiconductors
MCHX,Marchex Inc. Class B Common Stock,$1.85,0.09,5.114%,80871326.00,United States,2004,59525,Consumer Discretionary,Business Services
MCRB,Seres Therapeutics Inc. Common Stock,$0.7113,-0.0207,-2.828%,124021381.00,United States,2015,870546,Health Care,Biotechnology: Pharmaceutical Preparations
MCRI,Monarch Casino & Resort Inc. Common Stock,$81.19,0.02,0.025%,1498873434.00,United States,1993,166740,Consumer Discretionary,Hotels/Resorts
MCTR,CTRL Group Limited Ordinary Shares,$7.98,0.58,7.838%,119700000.00,Hong Kong,2025,10894,,
MCVT,Mill City Ventures III Ltd. Common Stock,$1.80,-0.02,-1.099%,11493459.00,United States,,46325,Finance,Finance Companies
MCW,Mister Car Wash Inc. Common Stock,$8.10,-0.07,-0.857%,2624836874.00,United States,,1836138,Consumer Discretionary,Automotive Aftermarket
MDAI,Spectral AI Inc. Class A Common Stock,$1.70,0.04,2.41%,31599724.00,United States,2021,278396,Health Care,Medical/Dental Instruments
MDAIW,Spectral AI Inc. Warrants,$0.45,0.00,0.00%,8364633.00,United States,2021,18064,Health Care,Medical/Dental Instruments
MDB,MongoDB Inc. Class A Common Stock,$192.54,3.24,1.712%,14338568554.00,United States,2017,2185669,Technology,Computer Software: Prepackaged Software
MDBH,MDB Capital Holdings LLC Class A common,$6.395,-0.055,-0.853%,31659292.00,United States,2023,785,Finance,Finance: Consumer Services
MDCX,Medicus Pharma Ltd. Common Stock  ,$3.3184,-0.1766,-5.053%,39563826.00,Canada,,20211,,
MDCXW,Medicus Pharma Ltd. Warrant,$0.70,0.00,0.00%,8345793.00,Canada,,1151,,
MDGL,Madrigal Pharmaceuticals Inc. Common Stock,$341.62,6.49,1.937%,7543053639.00,United States,2007,271768,Health Care,Biotechnology: Pharmaceutical Preparations
MDIA,Mediaco Holding Inc. Class A Common Stock ,$1.17,0.03,2.632%,54602357.00,United States,,5366,Consumer Discretionary,Broadcasting
MDLZ,Mondelez International Inc. Class A Common Stock,$64.51,0.56,0.876%,83445308523.00,United States,,25430050,Consumer Staples,Packaged Foods
MDRR,Medalist Diversified REIT Inc. Common Stock,$12.26,-0.31,-2.466%,16706579.00,United States,2018,2441,Real Estate,Real Estate Investment Trusts
MDWD,MediWound Ltd. Ordinary Shares,$16.27,-0.78,-4.575%,183066233.00,Israel,2014,239922,Health Care, Medicinal Chemicals and Botanical Products 
MDXG,MiMedx Group Inc Common Stock,$7.94,-0.03,-0.376%,1170086485.00,United States,,1166285,Health Care,Biotechnology: Pharmaceutical Preparations
MDXH,MDxHealth SA Ordinary Shares,$1.60,0.01,0.629%,43660949.00,Belgium,2021,25483,Health Care,Medical Specialities
ME,23andMe Holding Co. Class A Common Stock,$1.79,0.03,1.705%,48020130.00,United States,,205515,Health Care,Biotechnology: Pharmaceutical Preparations
MEDP,Medpace Holdings Inc. Common Stock,$324.23,4.60,1.439%,9878252509.00,United States,2016,434227,Health Care,Biotechnology: Commercial Physical & Biological Resarch
MEGL,Magic Empire Global Limited Class A Ordinary Shares,$1.44,-0.04,-2.703%,7292196.00,Hong Kong,2022,24595,Finance,Finance: Consumer Services
MEIP,MEI Pharma Inc. Common Stock,$2.30,-0.01,-0.433%,15324571.00,United States,2003,4249,Health Care,Biotechnology: Pharmaceutical Preparations
MELI,MercadoLibre Inc. Common Stock,$2095.27,27.70,1.34%,106224688916.00,Argentina,2007,442087,Consumer Discretionary,Business Services
MEOH,Methanex Corporation Common Stock,$37.44,-0.88,-2.296%,2522987700.00,Canada,,194160,Industrials,Major Chemicals
MERC,Mercer International Inc. Common Stock,$6.51,-0.11,-1.662%,435328739.00,Canada,,925040,Basic Materials,Paper
MESA,Mesa Air Group Inc. Common Stock,$0.901,-0.0369,-3.934%,37223212.00,United States,2018,89464,Consumer Discretionary,Air Freight/Delivery Services
MESO,Mesoblast Limited American Depositary Shares,$13.94,0.265,1.938%,1591647049.00,Australia,2015,270576,Health Care,Biotechnology: Biological Products (No Diagnostic Substances)
META,Meta Platforms Inc. Class A Common Stock,$596.25,10.25,1.749%,1510694336756.00,United States,2012,25015864,Technology,Computer Software: Programming Data Processing
METC,Ramaco Resources Inc. Class A Common Stock,$8.79,-0.16,-1.788%,474657389.00,United States,2017,2008803,Energy,Coal Mining
METCB,Ramaco Resources Inc. Class B Common Stock,$7.90,-0.10,-1.25%,426597654.00,United States,,225763,Energy,Coal Mining
METCL,Ramaco Resources Inc. 9.00% Senior Notes due 2026,$25.66,-0.0399,-0.155%,1385632379.00,United States,,785,Energy,Coal Mining
METCZ,Ramaco Resources Inc. 8.375% Senior Notes due 2029,$24.51,-0.09,-0.366%,0.00,United States,,18110,,
MFH,Mercurity Fintech Holding Inc. Ordinary Shares,$6.01,-0.16,-2.593%,365527581.00,China,2015,153745,Finance,Finance: Consumer Services
MFI,mF International Limited Class A Ordinary Shares,$0.6261,-0.0339,-5.136%,8296869.00,Hong Kong,2024,111268,Technology,EDP Services
MFIC,MidCap Financial Investment Corporation Common Stock,$12.98,0.00,0.00%,1217268008.00,United States,2004,760698,Finance,Finance/Investors Services
MFICL,MidCap Financial Investment Corporation 8.00% Notes due 2028,$25.41,0.06,0.237%,2382956864.00,United States,,1468,Finance,Finance/Investors Services
MFIN,Medallion Financial Corp. Common Stock,$8.80,-0.02,-0.227%,204706506.00,United States,,85267,Finance,Finance: Consumer Services
MGEE,MGE Energy Inc,$91.31,-1.25,-1.35%,3333485215.00,United States,,374395,Energy,Electric Utilities: Central
MGIC,Magic Software Enterprises Ltd. Ordinary Shares,$13.49,0.05,0.372%,662349624.00,Israel,1991,57385,Technology,Computer Software: Prepackaged Software
MGIH,Millennium Group International Holdings Limited Ordinary Shares,$1.63,-0.04,-2.395%,18337500.00,Hong Kong,2023,10776,Consumer Discretionary,Publishing
MGNI,Magnite Inc. Common Stock,$13.30,-0.11,-0.82%,1901253274.00,United States,,3168841,Technology,Computer Software: Programming Data Processing
MGNX,MacroGenics Inc. Common Stock,$1.995,-0.105,-5.00%,125213079.00,United States,2013,1168098,Health Care,Biotechnology: Pharmaceutical Preparations
MGPI,MGP Ingredients Inc.,$29.55,-0.71,-2.346%,628538636.00,United States,,422942,Consumer Staples,Beverages (Production/Distribution)
MGRC,McGrath RentCorp Common Stock,$113.405,-1.235,-1.077%,2784227022.00,United States,1984,219502,Consumer Discretionary,Diversified Commercial Services
MGRM,Monogram Technologies Inc. Common Stock,$3.18,0.06,1.923%,112220432.00,United States,2023,124027,Health Care,Medical/Dental Instruments
MGRX,Mangoceuticals Inc. Common Stock,$4.46,0.11,2.529%,11089844.00,United States,2023,151664,Health Care,Misc Health and Biotechnology Services
MGTX,MeiraGTx Holdings plc Ordinary Shares,$7.56,-0.09,-1.176%,596143316.00,United States,2018,849485,Health Care,Biotechnology: Biological Products (No Diagnostic Substances)
MGX,Metagenomi Inc. Common Stock,$1.64,-0.04,-2.381%,61308894.00,United States,2024,494141,Health Care,Biotechnology: Biological Products (No Diagnostic Substances)
MGYR,Magyar Bancorp Inc. Common Stock,$14.40,0.00,0.00%,93306542.00,United States,2006,5301,Finance,Savings Institutions
MHLD,Maiden Holdings Ltd.,$0.6953,0.0013,0.187%,68861993.00,Bermuda,2008,328203,Finance,Property-Casualty Insurers
MHUA,Meihua International Medical Technologies Co. Ltd. Ordinary Shares,$0.3419,0.002,0.588%,8704774.00,China,2022,72951,Health Care,Medical/Dental Instruments
MIDD,Middleby Corporation (The) Common Stock,$154.41,0.48,0.312%,8280172942.00,United States,,1956125,Industrials,Industrial Machinery/Components
MIGI,Mawson Infrastructure Group Inc. Common Stock,$0.59,0.022,3.873%,11037492.00,Australia,,101787,Finance,Finance: Consumer Services
MIMI,Mint Incorporation Limited Class A Ordinary Shares,$5.70,0.04,0.707%,129675000.00,Hong Kong,2025,150754,,
MIND,MIND Technology Inc. Common Stock (DE),$7.05,-0.08,-1.122%,56184418.00,United States,1994,70077,Industrials,Industrial Machinery/Components
MIRA,MIRA Pharmaceuticals Inc. Common Stock,$1.28,0.06,4.918%,21197891.00,United States,2023,205124,Health Care,Biotechnology: Pharmaceutical Preparations
MIRM,Mirum Pharmaceuticals Inc. Common Stock,$47.02,-0.85,-1.776%,2304647214.00,United States,2019,896068,Health Care,Biotechnology: Pharmaceutical Preparations
MIST,Milestone Pharmaceuticals Inc. Common Shares,$1.90,-0.05,-2.564%,101372570.00,Canada,2019,2278783,Health Care,Biotechnology: Pharmaceutical Preparations
MITK,Mitek Systems Inc. Common Stock,$9.17,0.11,1.214%,414884867.00,United States,,997273,Technology,Computer peripheral equipment
MKDW,MKDWELL Tech Inc. Ordinary Share,$0.366,-0.029,-7.342%,6144533.00,Taiwan,,88902,Technology,Consumer Electronics/Appliances
MKSI,MKS Instruments Inc. Common Stock,$88.17,-2.40,-2.65%,5940681669.00,United States,1999,1535362,Industrials,Industrial Machinery/Components
MKTW,MarketWise Inc. Class A Common Stock,$0.5403,0.019,3.645%,175329481.00,United States,,475569,Technology,Computer Software: Prepackaged Software
MKTX,MarketAxess Holdings Inc. Common Stock,$216.87,-0.95,-0.436%,8174528621.00,United States,2004,797045,Finance,Investment Bankers/Brokers/Service
MKZR,MacKenzie Realty Capital Inc. Common Stock,$1.64,-0.07,-4.094%,22809522.00,United States,,114321,,
MLAB,Mesa Laboratories Inc. Common Stock,$125.14,1.64,1.328%,679961580.00,United States,,73066,Industrials,Industrial Machinery/Components
MLCO,Melco Resorts & Entertainment Limited American Depositary Shares,$5.54,-0.04,-0.717%,2455474012.00,Hong Kong,2006,4869522,Consumer Discretionary,Hotels/Resorts
MLEC,Moolec Science SA Ordinary Shares,$0.7098,-0.0102,-1.417%,0.00,Luxembourg,,1738,Finance,Blank Checks
MLGO,MicroAlgo Inc. Ordinary Shares,$2.52,-0.60,-19.231%,25131554.00,United States,2021,4722144,Technology,EDP Services
MLKN,MillerKnoll Inc. Common Stock,$18.49,-0.47,-2.479%,1260259762.00,United States,,1782441,Consumer Discretionary,Office Equipment/Supplies/Services
MLTX,MoonLake Immunotherapeutics Class A Ordinary Shares,$40.12,-0.57,-1.401%,2568163326.00,United States,2020,550312,Health Care,Biotechnology: Pharmaceutical Preparations
MLYS,Mineralys Therapeutics Inc. Common Stock,$16.87,0.14,0.837%,840727196.00,United States,2023,832437,Health Care,Biotechnology: Pharmaceutical Preparations
MMLP,Martin Midstream Partners L.P. Limited Partnership,$3.70,0.02,0.543%,144503818.00,United States,2002,165770,Energy,Oil Refining/Marketing
MMSI,Merit Medical Systems Inc. Common Stock,$101.68,0.40,0.395%,5982298874.00,United States,,1239164,Health Care,Medical/Dental Instruments
MMYT,MakeMyTrip Limited Ordinary Shares,$101.06,1.19,1.192%,11094618035.00,India,2010,567110,Consumer Discretionary,Transportation Services
MNDO,MIND C.T.I. Ltd. Ordinary Shares,$2.03,0.045,2.267%,41343642.00,Israel,,325590,Technology,EDP Services
MNDR,Mobile-health Network Solutions Class A Ordinary Shares,$2.28,0.01,0.441%,9830138.00,Singapore,2024,53043,Technology,Computer Software: Prepackaged Software
MNDY,monday.com Ltd. Ordinary Shares,$265.45,0.89,0.336%,13477782307.00,Israel,2021,580785,Technology,Computer Software: Prepackaged Software
MNKD,MannKind Corporation Common Stock,$5.22,-0.04,-0.76%,1584746816.00,United States,2004,2505207,Health Care,Biotechnology: Pharmaceutical Preparations
MNMD,Mind Medicine (MindMed) Inc. Common Shares,$6.72,0.07,1.053%,497608581.00,United States,,2188503,Health Care, Medicinal Chemicals and Botanical Products 
MNOV,Medicinova Inc Common Stock,$1.53,0.02,1.325%,75040756.00,United States,,21152,Health Care,Biotechnology: Pharmaceutical Preparations
MNPR,Monopar Therapeutics Inc. Common Stock,$40.00,-4.74,-10.595%,211111840.00,United States,2019,59487,Health Care,Biotechnology: Pharmaceutical Preparations
MNRO,Monro Inc. Common Stock,$17.20,0.15,0.88%,515129388.00,United States,1991,2247463,Consumer Discretionary,Automotive Aftermarket
MNSB,MainStreet Bancshares Inc. Common Stock,$17.28,0.03,0.174%,133541672.00,United States,,14387,Finance,Major Banks
MNSBP,MainStreet Bancshares Inc. Depositary Shares,$24.4999,0.1499,0.616%,189337824.00,United States,,800,Finance,Major Banks
MNST,Monster Beverage Corporation,$57.31,0.44,0.774%,55771736330.00,United States,,7643027,Consumer Staples,Beverages (Production/Distribution)
MNTK,Montauk Renewables Inc. Common Stock,$2.18,0.04,1.869%,310507212.00,United States,2021,581603,Utilities,Natural Gas Distribution
MNTS,Momentus Inc. Class A Common Stock,$2.03,0.10,5.181%,4431112.00,United States,2019,173867,Industrials,Military/Government/Technical
MNTSW,Momentus Inc. Warrant,$0.0287,0.0038,15.261%,62647.00,United States,2019,22840,Industrials,Military/Government/Technical
MNY,MoneyHero Limited Class A Ordinary Shares,$0.8001,0.00,0.00%,30832258.00,Singapore,,20938,Consumer Discretionary,Business Services
MNYWW,MoneyHero Limited Warrants,$0.039,0.002,5.405%,1502885.00,Singapore,,4517,Consumer Discretionary,Business Services
MOB,Mobilicom Limited American Depositary Shares,$2.24,-0.05,-2.183%,14225978.00,Israel,2022,65681,Industrials,Aerospace
MOBX,Mobix Labs Inc. Class A Common Stock,$0.855,-0.006,-0.697%,31629100.00,United States,2021,138493,Technology,Semiconductors
MOBXW,Mobix Labs Inc Warrants,$0.108,0.0114,11.801%,3995255.00,United States,2021,1070,Technology,Semiconductors
MODD,Modular Medical Inc. Common Stock,$1.14,0.09,8.571%,46358351.00,United States,,347759,Health Care,Medical/Dental Instruments
MODV,ModivCare Inc. Common Stock,$2.12,-0.055,-2.529%,30400904.00,United States,2003,492855,Consumer Discretionary,Transportation Services
MOFG,MidWestOne Financial Gp Common Stock,$29.50,-0.10,-0.338%,614063593.00,United States,,303020,Finance,Major Banks
MOGO,Mogo Inc. Common Shares,$0.95,-0.0099,-1.031%,23248400.00,Canada,,12130,Finance,Finance: Consumer Services
MOLN,Molecular Partners AG American Depositary Shares,$3.93,-0.32,-7.529%,158626963.00,Switzerland,2021,611,Health Care,Biotechnology: Biological Products (No Diagnostic Substances)
MOMO,Hello Group Inc. American Depositary Shares,$6.57,-0.10,-1.499%,1232154856.00,China,2014,2215858,Technology,Computer Software: Prepackaged Software
MORN,Morningstar Inc. Common Stock,$298.12,2.42,0.818%,12771365402.00,United States,2005,434408,Finance,Investment Managers
MOVE,Movano Inc. Common Stock,$2.05,-0.13,-5.963%,13598698.00,United States,2021,11938,Health Care,Biotechnology: Electromedical & Electrotherapeutic Apparatus
MPAA,Motorcar Parts  of America Inc. Common Stock,$10.32,-0.07,-0.674%,202103898.00,United States,,131402,Consumer Discretionary,Auto Parts:O.E.M.
MPB,Mid Penn Bancorp Common Stock,$25.39,-0.56,-2.158%,491448764.00,United States,,484864,Finance,Major Banks
MPWR,Monolithic Power Systems Inc. Common Stock,$590.98,-18.04,-2.962%,28287848680.00,United States,2004,1713882,Technology,Semiconductors
MQ,Marqeta Inc. Class A Common Stock,$4.42,-0.10,-2.212%,2229101326.00,United States,2021,6975425,Technology,Computer Software: Prepackaged Software
MRAM,Everspin Technologies Inc. Common Stock,$5.21,0.01,0.192%,115354844.00,United States,2016,215983,Technology,Semiconductors
MRBK,Meridian Corporation Common Stock,$13.96,-0.18,-1.273%,157542481.00,United States,2017,51000,Finance,Major Banks
MRCC,Monroe Capital Corporation Common Stock,$7.78,-0.06,-0.765%,168564125.00,United States,2012,35661,Finance,Investment Managers
MRCY,Mercury Systems Inc Common Stock,$45.29,-1.17,-2.518%,2702959601.00,United States,1998,1019113,Technology,Electrical Products
MREO,Mereo BioPharma Group plc American Depositary Shares,$2.38,-0.18,-7.031%,369246545.00,United Kingdom,,1043866,Health Care,Biotechnology: Pharmaceutical Preparations
MRIN,Marin Software Incorporated Common Stock,$1.40,-0.02,-1.408%,4400829.00,United States,,4975,Technology,EDP Services
MRKR,Marker Therapeutics Inc. Common Stock,$1.25,0.00,0.00%,11154363.00,United States,,56610,Health Care,Biotechnology: Pharmaceutical Preparations
MRM,MEDIROM Healthcare Technologies Inc. American Depositary Share,$0.43,-0.0551,-11.358%,2099475.00,Japan,2020,167321,Consumer Discretionary,Other Consumer Services
MRNA,Moderna Inc. Common Stock,$32.66,0.21,0.647%,12600746543.00,United States,2018,9325728,Health Care,Biotechnology: Biological Products (No Diagnostic Substances)
MRNO,Murano Global Investments PLC Ordinary Shares,$11.16,0.51,4.789%,884350463.00,Mexico,,19995,Consumer Discretionary,Hotels/Resorts
MRNOW,Murano Global Investments PLC Warrants,$0.3667,0.1219,49.796%,29058362.00,Mexico,,16406,Consumer Discretionary,Hotels/Resorts
MRSN,Mersana Therapeutics Inc. Common Stock,$0.4254,-0.0166,-3.756%,53018172.00,United States,2017,3626877,Health Care,Biotechnology: Pharmaceutical Preparations
MRTN,Marten Transport Ltd. Common Stock,$13.75,0.09,0.659%,1120129148.00,United States,1986,1203966,Industrials,Trucking Freight/Courier Services
MRUS,Merus N.V. Common Shares,$47.24,-1.07,-2.215%,3263833756.00,Netherlands,2016,469270,Health Care,Biotechnology: Pharmaceutical Preparations
MRVI,Maravai LifeSciences Holdings Inc. Class A Common Stock,$2.265,-0.135,-5.625%,576070775.00,United States,2020,12718904,Health Care,Biotechnology: Pharmaceutical Preparations
MRVL,Marvell Technology Inc. Common Stock,$70.39,-0.10,-0.142%,60964779000.00,United States,2000,11942265,Technology,Semiconductors
MRX,Marex Group plc Ordinary Shares,$33.45,-0.73,-2.136%,2368864910.00,United Kingdom,2024,414997,Finance,Investment Bankers/Brokers/Service
MSAI,MultiSensor AI Holdings Inc. Common Stock,$1.29,0.04,3.20%,39269152.00,United States,2021,43051,Technology,Electronic Components
MSAIW,MultiSensor AI Holdings Inc. Warrant,$0.0521,-0.0165,-24.052%,1585987.00,United States,2021,3350,Technology,Electronic Components
MSBI,Midland States Bancorp Inc. Common Stock,$17.82,-0.21,-1.165%,381374463.00,United States,2016,215655,Finance,Major Banks
MSBIP,Midland States Bancorp Inc. Depositary Shares Each Representing a 1/40th Interest in a Share of 7.750% Fixed-Rate Reset Non-Cumulative Perpetual Preferred Stock Series A,$23.73,0.1595,0.677%,507857239.00,United States,,2418,Finance,Major Banks
MSEX,Middlesex Water Company Common Stock,$59.97,0.51,0.858%,1072710616.00,United States,,821048,Utilities,Water Supply
MSFT,Microsoft Corporation Common Stock,$391.26,4.42,1.143%,2908619889266.00,United States,1986,39675928,Technology,Computer Software: Prepackaged Software
MSGM,Motorsport Games Inc. Class A Common Stock,$1.21,-0.01,-0.82%,4699105.00,United States,2021,95351,Technology,Computer Software: Prepackaged Software
MSPR,MSP Recovery Inc. Class A Common Stock,$1.30,-0.06,-4.412%,8531012.00,United States,2020,46795,Technology,EDP Services
MSPRW,MSP Recovery Inc. Warrant,$0.0031,-0.0003,-8.824%,20343.00,United States,,60373,Technology,EDP Services
MSPRZ,MSP Recovery Inc. Warrant,$0.03,0.0042,16.279%,196870.00,United States,2020,42891,Technology,EDP Services
MSS,Maison Solutions Inc. Class A Common Stock,$1.10,0.04,3.774%,21659524.00,United States,2023,93695,Consumer Staples,Food Chains
MSSA,Metal Sky Star Acquisition Corporation Ordinary shares,$12.3499,0.1987,1.635%,0.00,United States,2022,5047,Finance,Blank Checks
MSSAW,Metal Sky Star Acquisition Corporation Warrant,$0.0165,-0.0051,-23.611%,0.00,United States,2022,1036,Finance,Blank Checks
MSTR,MicroStrategy Incorporated Common Stock Class A,$304.00,1.93,0.639%,78234964528.00,United States,1998,21773999,Technology,Computer Software: Prepackaged Software
MSW,Ming Shing Group Holdings Limited Ordinary Shares,$4.29,0.02,0.468%,54697500.00,Hong Kong,2024,91454,Consumer Discretionary,Engineering & Construction
MTC,MMTec Inc. Common Shares,$1.09,0.0394,3.75%,27133512.00,China,2019,101912,Technology,Computer Software: Prepackaged Software
MTCH,Match Group Inc. Common Stock,$30.49,-0.72,-2.307%,7635584235.00,United States,,18725520,Technology,Computer Software: Programming Data Processing
MTEK,Maris-Tech Ltd. Ordinary Shares,$2.466,-0.034,-1.36%,19428383.00,Israel,2022,14797,Telecommunications,Telecommunications Equipment
MTEKW,Maris-Tech Ltd. Warrants,$0.2589,0.00,0.00%,2039744.00,Israel,2022,40,Telecommunications,Telecommunications Equipment
MTEN,Mingteng International Corporation Inc. Ordinary Shares,$5.63,0.265,4.939%,34948225.00,China,2024,358595,Industrials,Building Products
MTEX,Mannatech Incorporated Common Stock,$9.70,-0.10,-1.02%,18282696.00,United States,,4457,Health Care, Medicinal Chemicals and Botanical Products 
MTLS,Materialise NV American Depositary Shares,$5.09,-0.02,-0.391%,300651977.00,Belgium,2014,153848,Technology,Computer Software: Prepackaged Software
MTRX,Matrix Service Company Common Stock,$12.49,-0.60,-4.584%,344809581.00,United States,1990,711599,Consumer Discretionary,Engineering & Construction
MTSI,MACOM Technology Solutions Holdings Inc. Common Stock,$106.89,-1.76,-1.62%,7946183253.00,United States,2012,1515511,Technology,Semiconductors
MTSR,Metsera Inc. Common Stock,$28.02,0.20,0.719%,2940556210.00,United States,2025,4006154,Health Care,Biotechnology: Pharmaceutical Preparations
MTVA,MetaVia Inc. Common Stock,$1.55,0.00,0.00%,13354816.00,United States,2016,11983,Health Care,Biotechnology: Pharmaceutical Preparations
MU,Micron Technology Inc. Common Stock,$94.72,-8.28,-8.039%,105534365399.00,United States,,63239562,Technology,Semiconductors
MULN,Mullen Automotive Inc. Common Stock,$0.289,-0.0511,-15.025%,313038.00,United States,,15564408,Technology,EDP Services
MURA,Mural Oncology plc Ordinary Shares ,$3.85,-0.02,-0.517%,66328920.00,Ireland,,43173,Health Care,Biotechnology: Pharmaceutical Preparations
MVBF,MVB Financial Corp. Common Stock,$17.34,-0.18,-1.027%,224532105.00,United States,,45234,Finance,Major Banks
MVIS,MicroVision Inc. Common Stock,$1.48,0.12,8.824%,324146906.00,United States,1996,7418978,Technology,Industrial Machinery/Components
MVST,Microvast Holdings Inc. Common Stock,$1.30,-0.02,-1.515%,420959887.00,United States,2019,6604358,Miscellaneous,Industrial Machinery/Components
MVSTW,Microvast Holdings Inc. Warrants,$0.1599,-0.0001,-0.063%,51778066.00,United States,2019,44451,Miscellaneous,Industrial Machinery/Components
MWYN,Marwynn Holdings Inc. Common stock,$4.45,0.4513,11.286%,75667818.00,United States,2025,121611,Consumer Discretionary,Food Distributors
MXCT,MaxCyte Inc. Common Stock,$3.09,0.02,0.651%,327625695.00,United States,2021,1083993,Health Care,Biotechnology: Commercial Physical & Biological Resarch
MXL,MaxLinear Inc. Common Stock,$12.70,-0.27,-2.082%,1074846288.00,United States,2010,2241188,Technology,Semiconductors
MYFW,First Western Financial Inc. Common Stock,$19.44,0.06,0.31%,188653944.00,United States,2018,27800,Finance,Major Banks
MYGN,Myriad Genetics Inc. Common Stock,$10.01,0.10,1.009%,914003731.00,United States,1995,1905019,Health Care,Biotechnology: In Vitro & In Vivo Diagnostic Substances
MYNZ,Mainz Biomed N.V. Ordinary Shares,$4.58,-0.22,-4.583%,9160000.00,Germany,2021,62794,Health Care,Biotechnology: Pharmaceutical Preparations
MYPS,PLAYSTUDIOS Inc.  Class A Common Stock,$1.28,-0.02,-1.538%,170835809.00,United States,2020,620680,Technology,Computer Software: Prepackaged Software
MYRG,MYR Group Inc. Common Stock,$127.04,1.69,1.348%,2050235421.00,United States,2008,500346,Industrials,Water Sewer Pipeline Comm & Power Line Construction
MYSZ,My Size Inc. Common Stock,$1.25,0.02,1.626%,1575164.00,Israel,,14461,Technology,Computer Software: Prepackaged Software
NA,Nano Labs Ltd Class A Ordinary Shares,$4.6638,-0.3812,-7.556%,47933986.00,China,2022,5098,Technology,Semiconductors
NAAS,NaaS Technology Inc. American Depositary Shares,$0.8871,-0.0366,-3.962%,11424774.00,China,2017,358744,Consumer Discretionary,Other Specialty Stores
NAGE,Niagen Bioscience Inc. Common Stock,$7.75,0.11,1.44%,602565964.00,United States,,727249,Health Care, Medicinal Chemicals and Botanical Products 
NAII,Natural Alternatives International Inc. Common Stock,$3.89,0.28,7.756%,24113246.00,United States,,4557,Health Care, Medicinal Chemicals and Botanical Products 
NAMI,Jinxin Technology Holding Company American Depositary Shares,$2.908,0.078,2.756%,188049173.00,China,2024,25280,Real Estate,Other Consumer Services
NAMS,NewAmsterdam Pharma Company N.V. Ordinary Shares,$23.87,-0.20,-0.831%,2621351172.00,Netherlands,,1277310,Health Care,Biotechnology: Pharmaceutical Preparations
NAMSW,NewAmsterdam Pharma Company N.V. Warrant,$12.51,0.00,0.00%,1373820828.00,Netherlands,,2,Health Care,Biotechnology: Pharmaceutical Preparations
NAOV,NanoVibronix Inc. Common Stock,$4.39,-0.06,-1.348%,3478610.00,United States,,199970,Health Care,Industrial Specialties
NATH,Nathan's Famous Inc. Common Stock,$94.23,0.64,0.684%,385354527.00,United States,1993,27502,Consumer Discretionary,Restaurants
NATR,Nature's Sunshine Products Inc. Common Stock,$12.39,-0.20,-1.589%,229010577.00,United States,,82078,Health Care,Biotechnology: Pharmaceutical Preparations
NAUT,Nautilus Biotechnolgy Inc. Common Stock,$0.99,-0.0099,-0.99%,124886984.00,United States,2020,366618,Industrials,Biotechnology: Laboratory Analytical Instruments
NAVI,Navient Corporation Common Stock,$13.33,-0.21,-1.551%,1363343119.00,United States,,2982985,Finance,Investment Bankers/Brokers/Service
NAYA,NAYA Biosciences Inc. Common Stock,$2.74,0.40,17.094%,1824999.00,United States,,75723,Health Care,Medical/Dental Instruments
NB,NioCorp Developments Ltd. Common Stock,$1.94,0.22,12.791%,73506600.00,United States,,591190,Basic Materials,Metal Mining
NBBK,NB Bancorp Inc. Common Stock,$18.62,-0.25,-1.325%,779109975.00,United States,2023,556076,Finance,Banks
NBIS,Nebius Group N.V. Class A Ordinary Shares,$26.98,0.805,3.075%,9752791941.00,Netherlands,2011,6922708,Technology,Computer Software: Programming Data Processing
NBIX,Neurocrine Biosciences Inc. Common Stock,$111.92,1.85,1.681%,11158818742.00,United States,1996,2330227,Health Care,Biotechnology: Biological Products (No Diagnostic Substances)
NBN,Northeast Bank Common Stock,$91.95,-0.64,-0.691%,747553500.00,United States,,169334,Finance,Major Banks
NBTB,NBT Bancorp Inc. Common Stock,$42.80,-0.395,-0.914%,2022462298.00,United States,,925643,Finance,Major Banks
NBTX,Nanobiotix S.A. American Depositary Shares,$3.62,-0.15,-3.979%,170622647.00,France,2020,3733,Health Care,Biotechnology: Pharmaceutical Preparations
NCEW,New Century Logistics (BVI) Limited Ordinary Shares,$1.69,-0.155,-8.401%,36335000.00,Hong Kong,2024,57777,Consumer Discretionary,Oil Refining/Marketing
NCI,Neo-Concept International Group Holdings Limited Ordinary Shares,$0.4159,-0.0221,-5.046%,8451088.00,Hong Kong,2024,133203,Consumer Discretionary,Apparel
NCIQ,Hashdex Nasdaq Crypto Index US ETF,$21.38,-0.0452,-0.211%,70126400.00,United States,,8490,,
NCMI,National CineMedia Inc. Common Stock,$5.72,-0.10,-1.718%,544599553.00,United States,2007,1076377,Consumer Discretionary,Advertising
NCNA,NuCana plc American Depositary Share,$0.7896,-0.0174,-2.156%,1776600.00,United Kingdom,2017,18615,Health Care,Biotechnology: Pharmaceutical Preparations
NCNO,nCino Inc. Common Stock,$28.50,0.09,0.317%,3300127062.00,United States,2020,1111967,Technology,Computer Software: Prepackaged Software
NCPL,Netcapital Inc. Common Stock,$1.68,-0.04,-2.326%,3682637.00,United States,,37825,Finance,Finance: Consumer Services
NCPLW,Netcapital Inc. Warrants,$0.042,0.00,0.00%,92066.00,United States,,1,Finance,Finance: Consumer Services
NCRA,Nocera Inc. Common Stock,$1.20,0.26,27.66%,16820384.00,Taiwan,,235295,Consumer Staples,Farming/Seeds/Milling
NCSM,NCS Multistage Holdings Inc. Common Stock,$37.30,1.09,3.01%,94773668.00,United States,2017,18524,Energy,Oilfield Services/Equipment
NCTY,The9 Limited American Depository Shares,$12.29,0.28,2.331%,110487100.00,China,2004,105613,Finance,Finance: Consumer Services
NDAQ,Nasdaq Inc. Common Stock,$75.55,-1.36,-1.768%,43452229153.00,United States,,3046436,Finance,Investment Bankers/Brokers/Service
NDLS,Noodles & Company Class A Common Stock,$1.11,0.03,2.778%,50769188.00,United States,2013,99728,Consumer Discretionary,Restaurants
NDRA,ENDRA Life Sciences Inc. Common Stock,$4.30,0.27,6.70%,2308704.00,United States,2017,7450,Health Care,Biotechnology: Electromedical & Electrotherapeutic Apparatus
NDSN,Nordson Corporation Common Stock,$203.86,-1.78,-0.866%,11602026909.00,United States,,533848,Industrials,Industrial Machinery/Components
NECB,NorthEast Community Bancorp Inc. Common Stock,$23.06,-0.35,-1.495%,323379051.00,United States,2021,73358,Finance,Banks
NEGG,Newegg Commerce Inc. Common Shares,$0.3039,0.0059,1.98%,115607662.00,China,2010,553537,Consumer Discretionary,Other Specialty Stores
NEHC,New Era Helium Inc Common Stock,$2.20,-0.16,-6.78%,10822453.00,United States,,116374,Energy,Oil & Gas Production
NEHCW,New Era Helium Inc Warrants,$0.1612,-0.0234,-12.676%,792991.00,United States,,40907,Energy,Oil & Gas Production
NEO,NeoGenomics Inc. Common Stock,$9.86,-0.07,-0.705%,1266629236.00,United States,,2530922,Health Care,Precision Instruments
NEOG,Neogen Corporation Common Stock,$8.85,-0.12,-1.338%,1919954550.00,United States,1989,36396582,Health Care,Biotechnology: In Vitro & In Vivo Diagnostic Substances
NEON,Neonode Inc. Common Stock,$8.23,-0.10,-1.20%,138123448.00,Sweden,,51602,Technology,Industrial Machinery/Components
NEOV,NeoVolta Inc. Common Stock,$2.63,0.09,3.543%,87887033.00,United States,,131371,Miscellaneous,Industrial Machinery/Components
NEOVW,NeoVolta Inc. Warrant,$0.94,0.00,0.00%,31412096.00,United States,,61,Miscellaneous,Industrial Machinery/Components
NEPH,Nephros Inc. Common Stock,$1.55,0.05,3.333%,16343549.00,United States,,14062,Health Care,Medical/Dental Instruments
NERV,Minerva Neurosciences Inc Common Stock,$1.80,0.07,4.046%,12588131.00,United States,2014,26644,Health Care,Biotechnology: Pharmaceutical Preparations
NESR,National Energy Services Reunited Corp Ordinary Shares,$7.97,-0.03,-0.375%,760405370.00,United States,,274907,Energy,Oilfield Services/Equipment
NETD,Nabors Energy Transition Corp. II Class A Ordinary Shares,$10.98,0.00,0.00%,0.00,United States,2023,29952,,
NETDU,Nabors Energy Transition Corp. II Unit,$11.50,0.00,0.00%,0.00,United States,2023,1,,
NETDW,Nabors Energy Transition Corp. II Warrant,$0.4475,0.00,0.00%,0.00,United States,2023,480,,
NEUP,Neuphoria Therapeutics Inc. Common Stock,$5.38,0.20,3.861%,9452805.00,United States,2021,138907,,
NEWT,NewtekOne Inc. Common Stock,$12.34,-0.16,-1.28%,324426843.00,United States,,295539,Finance,Major Banks
NEWTG,NewtekOne Inc. 8.50% Fixed Rate Senior Notes due 2029,$24.85,-0.04,-0.161%,653323100.00,United States,,3633,Finance,Major Banks
NEWTH,NewtekOne Inc. 8.625% Fixed Rate Senior Notes due 2029,$25.0164,-0.0136,-0.054%,0.00,United States,,15612,Finance,Major Banks
NEWTI,NewtekOne Inc. 8.00% Fixed Rate Senior Notes due 2028,$25.10,-0.21,-0.83%,659895767.00,United States,,1190,Finance,Major Banks
NEWTZ,NewtekOne Inc. 5.50% Notes Due 2026,$24.96,0.00,0.00%,648062588.00,United States,,2323,Finance,Major Banks
NEXN,Nexxen International Ltd. Ordinary Shares,$7.22,0.03,0.417%,460779064.00,Israel,2021,246771,Technology,Computer Software: Programming Data Processing
NEXT,NextDecade Corporation Common Stock,$9.03,0.28,3.20%,2351795721.00,United States,2015,2278811,Utilities,Oil & Gas Production
NFBK,Northfield Bancorp Inc. Common Stock (Delaware),$11.27,-0.06,-0.53%,485922098.00,United States,2007,408515,Finance,Savings Institutions
NFE,New Fortress Energy Inc. Class A Common Stock,$11.17,0.82,7.923%,3058031129.00,United States,2019,8489017,Utilities,Oil/Gas Transmission
NFLX,Netflix Inc. Common Stock,$960.29,9.45,0.994%,410770865559.00,United States,2002,5905429,Consumer Discretionary,Consumer Electronics/Video Chains
NGNE,Neurogene Inc. Common Stock ,$14.21,-1.02,-6.697%,211085642.00,Canada,2014,425537,Health Care,Biotechnology: Pharmaceutical Preparations
NHICU,NewHold Investment Corp III Units,$10.04,0.0002,0.002%,0.00,United States,2025,11700,Finance,Blank Checks
NHPAP,National Healthcare Properties Inc. 7.375% Series A Cumulative Redeemable Perpetual Preferred Stock,$14.1537,-0.2183,-1.519%,400499309.00,United States,,5746,Real Estate,Real Estate Investment Trusts
NHPBP,National Healthcare Properties Inc. 7.125% Series B Cumulative Redeemable Perpetual Preferred Stock,$14.03,0.0285,0.204%,396999039.00,United States,,222,Real Estate,Real Estate Investment Trusts
NHTC,Natural Health Trends Corp. Common Stock,$5.14,0.11,2.187%,59177206.00,United States,,34508,Consumer Discretionary,Consumer Specialties
NICE,NICE Ltd American Depositary Shares,$156.78,2.78,1.805%,9916310386.00,Israel,,649627,Technology,Computer Software: Prepackaged Software
NIOBW,NioCorp Developments Ltd. Warrant,$0.20,0.0202,11.235%,7578000.00,United States,,2756,Basic Materials,Metal Mining
NIPG,NIP Group Inc. American Depositary Shares,$1.95,-0.72,-26.966%,109308525.00,Sweden,2024,825638,Consumer Discretionary,Services-Misc. Amusement & Recreation
NISN,NiSun International Enterprise Development Group Co. Ltd. Class A Common Shares,$7.31,0.16,2.238%,29368627.00,China,2016,16575,Industrials,Metal Fabrications
NITO,N2OFF Inc. Common Stock,$0.2691,-0.0289,-9.698%,3069957.00,Israel,,880182,Industrials,Agricultural Chemicals
NIU,Niu Technologies American Depositary Shares,$3.87,0.07,1.842%,300151453.00,China,2018,1615310,Consumer Discretionary,Auto Manufacturing
NIVF,NewGenIvf Group Limited Class A Ordinary Shares,$0.98,0.0605,6.58%,1666000.00,Singapore,,229051,Health Care,Misc Health and Biotechnology Services
NIVFW,NewGenIvf Group Limited Warrants,$0.0187,-0.0103,-35.517%,31790.00,Singapore,,23600,Health Care,Misc Health and Biotechnology Services
NIXX,Nixxy Inc. Common Stock,$2.27,0.04,1.794%,29579600.00,United States,,342660,Technology,EDP Services
NIXXW,Nixxy Inc. Warrant,$0.0347,0.0062,21.754%,452164.00,United States,,10100,Technology,EDP Services
NKSH,National Bankshares Inc. Common Stock,$27.28,0.18,0.664%,173527343.00,United States,,22516,Finance,Major Banks
NKTR,Nektar Therapeutics  Common Stock,$0.8637,-0.0096,-1.099%,160737669.00,United States,,1406664,Health Care,Biotechnology: Pharmaceutical Preparations
NKTX,Nkarta Inc. Common Stock,$1.50,0.00,0.00%,105853131.00,United States,2020,911350,Health Care,Biotechnology: Pharmaceutical Preparations
NLSP,NLS Pharmaceutics Ltd. Ordinary Shares,$1.51,0.01,0.667%,1769645.00,Switzerland,2021,9836,Health Care,Biotechnology: Pharmaceutical Preparations
NLSPW,NLS Pharmaceutics Ltd. Warrant,$0.0108,0.00,0.00%,12657.00,Switzerland,2021,4769,Health Care,Biotechnology: Pharmaceutical Preparations
NMFC,New Mountain Finance Corporation Common Stock,$11.00,-0.08,-0.722%,1186365565.00,United States,,711459,Finance,Finance/Investors Services
NMFCZ,New Mountain Finance Corporation 8.250% Notes due 2028,$25.47,-0.06,-0.235%,2746975540.00,United States,,6504,,
NMIH,NMI Holdings Inc. Common Stock,$35.29,-0.17,-0.479%,2768574503.00,United States,2013,1738678,Finance,Property-Casualty Insurers
NMRA,Neumora Therapeutics Inc. Common Stock,$1.13,-0.03,-2.586%,183036183.00,United States,2023,1944793,Health Care,Biotechnology: Biological Products (No Diagnostic Substances)
NMRK,Newmark Group Inc. Class A Common Stock,$12.43,-0.15,-1.192%,2243152828.00,United States,2017,1607972,Finance,Real Estate
NMTC,NeuroOne Medical Technologies Corporation Common Stock,$1.03,0.03,3.00%,31788418.00,United States,,202741,Health Care,Medical/Dental Instruments
NN,NextNav Inc. Common Stock,$11.97,0.13,1.098%,1573477651.00,United States,,1673401,Industrials,Industrial Machinery/Components
NNAVW,NextNav Inc. Warrant,$4.17,-0.19,-4.358%,548153868.00,United States,,136402,Industrials,Industrial Machinery/Components
NNBR,NN Inc. Common Stock,$2.56,-0.06,-2.29%,127710367.00,United States,1994,295326,Industrials,Industrial Machinery/Components
NNDM,Nano Dimension Ltd. American Depositary Shares,$2.11,-0.02,-0.939%,462591811.00,Israel,,738679,Technology,Electrical Products
NNE,Nano Nuclear Energy Inc. Common Stock,$30.19,-0.73,-2.361%,1119132915.00,United States,2024,4251613,Utilities,Electric Utilities: Central
NNNN,Anbio Biotechnology Class A Ordinary Shares,$7.56,0.07,0.935%,1087817472.00,Germany,2025,199088,Health Care,Biotechnology: In Vitro & In Vivo Diagnostic Substances
NNOX,NANO-X IMAGING LTD Ordinary Shares,$6.05,0.12,2.024%,349560699.00,Israel,2020,735245,Health Care,Medical Electronics
NODK,NI Holdings Inc. Common Stock,$14.10,0.08,0.571%,291609799.00,United States,2017,48392,Finance,Property-Casualty Insurers
NOEM,CO2 Energy Transition Corp. Common Stock,$9.87,0.00,0.00%,0.00,United States,2025,21,,
NOEMR,CO2 Energy Transition Corp. Right,$0.2199,-0.0001,-0.045%,0.00,United States,2025,212,,
NOEMW,CO2 Energy Transition Corp. Warrant,$0.10,0.00,0.00%,0.00,United States,2025,88,,
NOTV,Inotiv Inc. Common Stock,$2.75,-0.065,-2.309%,93140490.00,United States,,323201,Health Care,Biotechnology: Commercial Physical & Biological Resarch
NOVT,Novanta Inc. Common Stock,$133.52,-0.685,-0.51%,4801464119.00,United States,,565589,Miscellaneous,Industrial Machinery/Components
NPCE,Neuropace Inc. Common Stock,$12.02,0.38,3.265%,391372763.00,United States,2021,252645,Health Care,Medical/Dental Instruments
NRC,National Research Corporation Common Stock (Delaware),$14.44,-0.55,-3.669%,331333482.00,United States,,143625,Health Care,Biotechnology: Commercial Physical & Biological Resarch
NRDS,NerdWallet Inc. Class A Common Stock,$9.11,0.10,1.11%,675122359.00,United States,2021,732527,Technology,EDP Services
NRIM,Northrim BanCorp Inc Common Stock,$73.52,-0.19,-0.258%,405895098.00,United States,,49021,Finance,Savings Institutions
NRIX,Nurix Therapeutics Inc. Common stock,$12.99,-0.88,-6.345%,985769753.00,United States,2020,2288289,Health Care,Biotechnology: Pharmaceutical Preparations
NRSN,NeuroSense Therapeutics Ltd. Ordinary Shares,$1.07,0.0026,0.244%,20832900.00,Israel,2021,118938,Health Care,Biotechnology: Pharmaceutical Preparations
NRSNW,NeuroSense Therapeutics Ltd. Warrant,$0.22,0.00,0.00%,4283400.00,Israel,2021,11550,Health Care,Biotechnology: Pharmaceutical Preparations
NRXP,NRX Pharmaceuticals Inc. Common Stock,$2.08,0.01,0.483%,35184546.00,United States,2017,195533,Health Care,Biotechnology: Pharmaceutical Preparations
NRXPW,NRX Pharmaceuticals Inc. Warrant,$0.0901,-0.003,-3.222%,1524100.00,United States,2017,10534,Health Care,Biotechnology: Pharmaceutical Preparations
NSIT,Insight Enterprises Inc. Common Stock,$154.18,-0.40,-0.259%,4899482394.00,United States,1995,1307711,Consumer Discretionary,Catalog/Specialty Distribution
NSPR,InspireMD Inc. Common Stock,$2.74,-0.01,-0.364%,81350208.00,Israel,,42034,Health Care,Medical/Dental Instruments
NSSC,NAPCO Security Technologies Inc. Common Stock,$23.94,-0.30,-1.238%,871450019.00,United States,,454772,Telecommunications,Telecommunications Equipment
NSTS,NSTS Bancorp Inc. Common Stock,$11.84,0.01,0.085%,62280105.00,United States,2022,1591,Finance,Savings Institutions
NSYS,Nortech Systems Incorporated Common Stock,$9.94,0.04,0.404%,27402135.00,United States,,1882,Technology,Industrial Machinery/Components
NTAP,NetApp Inc. Common Stock,$92.25,0.15,0.163%,18764712997.00,United States,1995,5417286,Technology,Electronic Components
NTCL,NETCLASS TECHNOLOGY INC Class A Ordinary Shares,$10.32,0.63,6.502%,184005600.00,China,2024,16034,Technology,Computer Software: Prepackaged Software
NTCT,NetScout Systems Inc. Common Stock,$21.39,-0.05,-0.233%,1534832798.00,United States,1999,2239095,Technology,EDP Services
NTES,NetEase Inc. American Depositary Shares,$97.05,-2.92,-2.921%,62321300747.00,China,,1666441,Technology,Computer Software: Prepackaged Software
NTGR,NETGEAR Inc. Common Stock,$23.63,-0.56,-2.315%,682173052.00,United States,2003,436639,Utilities,Telecommunications Equipment
NTIC,Northern Technologies International Corporation Common Stock,$11.15,0.03,0.27%,105596153.00,United States,,36834,Industrials,Industrial Specialties
NTLA,Intellia Therapeutics Inc. Common Stock,$9.00,0.30,3.448%,931657140.00,United States,2016,3690467,Health Care,Biotechnology: In Vitro & In Vivo Diagnostic Substances
NTNX,Nutanix Inc. Class A Common Stock,$73.04,0.54,0.745%,19477026809.00,United States,2016,3504286,Technology,Computer Software: Prepackaged Software
NTRA,Natera Inc. Common Stock,$151.15,1.52,1.016%,20433391712.00,United States,2015,3420707,Health Care,Medical Specialities
NTRB,Nutriband Inc. Common Stock,$6.73,0.01,0.149%,74744625.00,United States,,30542,Health Care,Industrial Specialties
NTRBW,Nutriband Inc. Warrant,$2.15,-0.14,-6.114%,23878298.00,United States,,432,Health Care,Industrial Specialties
NTRP,NextTrip Inc. Common Stock,$5.24,0.69,15.165%,8345947.00,United States,,128074,Consumer Discretionary,Miscellaneous manufacturing industries
NTRS,Northern Trust Corporation Common Stock,$98.77,-0.10,-0.101%,19329066175.00,United States,,3686693,Finance,Major Banks
NTRSO,Northern Trust Corporation Depositary Shares Each Representing a 1/1000th Interest in a Share of Series E Non-Cumulative Perpetual Preferred Stock,$20.26,0.01,0.049%,3964836293.00,United States,,40343,Finance,Major Banks
NTWK,NetSol Technologies Inc. Common  Stock,$2.43,0.03,1.25%,28358136.00,United States,,11147,Technology,Computer Software: Prepackaged Software
NTWO,Newbury Street II Acquisition Corp Class A Ordinary Shares,$10.02,-0.03,-0.299%,0.00,United States,2024,200,,
NTWOW,Newbury Street II Acquisition Corp Warrant,$0.145,0.00,0.00%,0.00,United States,2024,41,,
NUKK,Nukkleus Inc. Common Stock,$17.58,1.56,9.738%,84215777.00,China,2020,460181,Consumer Discretionary,Professional Services
NUKKW,Nukkleus Inc. Warrants,$0.1116,-0.0082,-6.845%,534612.00,China,2020,72711,Consumer Discretionary,Professional Services
NURO,NeuroMetrix Inc. Common Stock,$4.51,-0.0745,-1.625%,9212527.00,United States,2004,9338,Health Care,Medical/Dental Instruments
NUTX,Nutex Health Inc. Common Stock,$58.17,5.00,9.404%,316270465.00,United States,,42013,Consumer Discretionary,Business Services
NUVL,Nuvalent Inc. Class A Common Stock,$77.96,0.32,0.412%,5581773843.00,United States,2021,612588,Health Care,Biotechnology: Pharmaceutical Preparations
NUWE,Nuwellis Inc. Common Stock,$1.13,0.00,0.00%,4942604.00,United States,,41232,Health Care,Biotechnology: Electromedical & Electrotherapeutic Apparatus
NVA,Nova Minerals Limited American Depositary Shares,$12.379,-0.021,-0.169%,56105106.00,Australia,2024,6118,Basic Materials,Precious Metals
NVAWW,Nova Minerals Limited Warrant,$4.71,0.58,14.044%,1280822710.00,Australia,2024,1332,Basic Materials,Precious Metals
NVAX,Novavax Inc. Common Stock,$7.60,-0.12,-1.554%,1222415897.00,United States,,3437664,Health Care,Biotechnology: Biological Products (No Diagnostic Substances)
NVCR,NovoCure Limited Ordinary Shares,$19.33,0.15,0.782%,2124665243.00,Jersey,2015,1078330,Health Care,Medical/Dental Instruments
NVCT,Nuvectis Pharma Inc. Common Stock,$10.20,0.85,9.091%,238593290.00,United States,2022,340725,Health Care,Biotechnology: Pharmaceutical Preparations
NVDA,NVIDIA Corporation Common Stock,$117.70,-0.83,-0.70%,2871880000000.00,United States,1999,266498528,Technology,Semiconductors
NVEC,NVE Corporation Common Stock,$65.99,0.59,0.902%,319204584.00,United States,,47414,Technology,Semiconductors
NVEE,NV5 Global Inc. Common Stock,$18.70,-0.17,-0.901%,1219758102.00,United States,2013,1119082,Consumer Discretionary,Other Consumer Services
NVFY,Nova Lifestyle Inc. Common Stock,$0.644,0.0718,12.548%,4643695.00,United States,,158492,Consumer Discretionary,Home Furnishings
NVMI,Nova Ltd. Ordinary Shares,$196.76,-4.20,-2.09%,5760934269.00,Israel,2000,174717,Technology,Electronic Components
NVNI,Nvni Group Limited Ordinary Shares,$0.2428,-0.0136,-5.304%,7891000.00,Cayman Islands,,11363232,Technology,Computer Software: Prepackaged Software
NVNIW,Nvni Group Limited Warrants,$0.0443,0.0044,11.028%,1439750.00,Cayman Islands,,1688,Technology,Computer Software: Prepackaged Software
NVNO,enVVeno Medical Corporation Common Stock,$2.98,0.08,2.759%,52257280.00,United States,2018,53363,Health Care,Medical/Dental Instruments
NVTS,Navitas Semiconductor Corporation Common Stock,$2.33,0.00,0.00%,443934516.00,United States,,4234839,Technology,Semiconductors
NVVE,Nuvve Holding Corp. Common Stock,$1.62,0.18,12.50%,1417417.00,China,2020,294656,Industrials,Electrical Products
NVVEW,Nuvve Holding Corp. Warrant,$0.0202,-0.0026,-11.404%,17674.00,China,2020,53914,Industrials,Electrical Products
NVX,NOVONIX Limited American Depository Shares,$1.22,0.045,3.83%,173222308.00,Australia,,70069,Miscellaneous,Industrial Machinery/Components
NWBI,Northwest Bancshares Inc. Common Stock,$12.05,0.05,0.417%,1536554027.00,United States,2009,2360766,Finance,Major Banks
NWE,NorthWestern Energy Group Inc. Common Stock,$55.32,-0.86,-1.531%,3392667228.00,United States,,2667645,Utilities,Power Generation
NWFL,Norwood Financial Corp. Common Stock,$25.00,0.23,0.929%,231564800.00,United States,,177076,Finance,Major Banks
NWGL,Nature Wood Group Limited American Depositary Shares,$1.33,-0.10,-6.993%,22015709.00,China,2023,13543,Energy,
NWL,Newell Brands Inc. Common Stock,$6.45,-0.09,-1.376%,2684490000.00,United States,,9786654,Industrials,Plastic Products
NWPX,Northwest Pipe Company Common Stock,$42.67,-0.81,-1.863%,423939038.00,United States,1995,356095,Industrials,Steel/Iron Ore
NWS,News Corporation Class B Common Stock,$30.77,-0.28,-0.902%,17458773043.00,United States,,1882779,Consumer Discretionary,Newspapers/Magazines
NWSA,News Corporation Class A Common Stock,$27.04,-0.12,-0.442%,15342386191.00,United States,,6211771,Consumer Discretionary,Newspapers/Magazines
NWTG,Newton Golf Company Inc. Common Stock,$1.85,-0.16,-7.96%,549790.00,United States,2023,835590,Consumer Discretionary,Recreational Games/Products/Toys
NWTN,NWTN Inc. Class B Ordinary Shares,$0.43,0.006,1.415%,123059774.00,United Arab Emirates,,54271,Consumer Discretionary,Auto Manufacturing
NWTNW,NWTN Inc. Warrant,$0.026,-0.004,-13.333%,7440824.00,United Arab Emirates,,25786,Consumer Discretionary,Auto Manufacturing
NXGL,NexGel Inc Common Stock,$2.70,0.04,1.504%,18335098.00,United States,2021,19066,Health Care,Medical/Dental Instruments
NXGLW,NexGel Inc Warrant,$0.4796,0.0036,0.756%,3256857.00,United States,2021,15882,Health Care,Medical/Dental Instruments
NXL,Nexalin Technology Inc. Common Stock,$2.38,-0.10,-4.032%,31662385.00,United States,2022,61544,Health Care,Biotechnology: Electromedical & Electrotherapeutic Apparatus
NXPI,NXP Semiconductors N.V. Common Stock,$200.64,-2.00,-0.987%,50886340275.00,Netherlands,2010,3352068,Technology,Semiconductors
NXPL,NextPlat Corp Common Stock,$1.02,0.0553,5.732%,26482312.00,United States,,141545,Telecommunications,Telecommunications Equipment
NXPLW,NextPlat Corp Warrants,$0.191,0.0099,5.467%,4958943.00,United States,,2777,Telecommunications,Telecommunications Equipment
NXST,Nexstar Media Group Inc. Common Stock,$176.99,-0.39,-0.22%,5399824370.00,United States,2003,2599637,Industrials,Broadcasting
NXT,Nextracker Inc. Class A Common Stock,$44.27,-0.70,-1.557%,6446554724.00,United States,2023,3499360,Industrials,Industrial Machinery/Components
NXTC,NextCure Inc. Common Stock,$0.57,-0.0444,-7.227%,15963810.00,United States,2019,61212,Health Care,Biotechnology: Pharmaceutical Preparations
NXTT,Next Technology Holding Inc. Ordinary Shares,$0.361,0.0108,3.084%,2518484.00,China,,123804,Technology,EDP Services
NXU,Nxu Inc. Class A Common Stock,$0.279,0.024,9.412%,12345824.00,United States,2022,3099255,Consumer Discretionary,Construction/Ag Equipment/Trucks
NXXT,NextNRG Inc. Common Stock,$2.67,0.05,1.908%,16582772.00,United States,2021,51513,Consumer Discretionary,Retail-Auto Dealers and Gas Stations
NYAX,Nayax Ltd. Ordinary Shares,$33.52,-1.08,-3.121%,1231047743.00,Israel,,6531,Technology,Computer Software: Prepackaged Software
NYMT,New York Mortgage Trust Inc. Common Stock,$6.79,-0.09,-1.308%,614952952.00,United States,,2236652,Real Estate,Real Estate Investment Trusts
NYMTG,New York Mortgage Trust Inc. 9.125% Senior Notes Due 2030,$24.305,0.015,0.062%,0.00,United States,,24340,Real Estate,Real Estate Investment Trusts
NYMTI,New York Mortgage Trust Inc. 9.125% Senior Notes Due 2029,$24.53,-0.0585,-0.238%,2221913884.00,United States,,12361,Real Estate,Real Estate Investment Trusts
NYMTL,New York Mortgage Trust Inc. 6.875% Series F Fixed-to-Floating Rate Cumulative Redeemable Preferred Stock $0.01 par value per share,$21.65,0.15,0.698%,1960785184.00,United States,,14578,Real Estate,Real Estate Investment Trusts
NYMTM,New York Mortgage Trust Inc. 7.875% Series E Fixed-to-Floating Rate Cumulative Redeemable Preferred Stock,$24.77,0.0027,0.011%,2243355613.00,United States,,38708,Real Estate,Real Estate Investment Trusts
NYMTN,New York Mortgage Trust Inc. 8.00% Series D Fixed-to-Floating Rate Cumulative Redeemable Preferred Stock,$22.45,-0.14,-0.62%,2033239140.00,United States,,2966,Real Estate,Real Estate Investment Trusts
NYMTZ,New York Mortgage Trust Inc. 7.000% Series G Cumulative Redeemable Preferred Stock $0.01 par value per share,$18.885,-0.055,-0.29%,1710366199.00,United States,,2871,Real Estate,Real Estate Investment Trusts
NYXH,Nyxoah SA Ordinary Shares,$11.36,-0.11,-0.959%,390443200.00,Belgium,2021,28984,Health Care,Medical/Dental Instruments
OABI,OmniAb Inc. Common Stock,$2.53,0.26,11.454%,309001401.00,United States,2021,2312374,Health Care,Biotechnology: Commercial Physical & Biological Resarch
OACC,Oaktree Acquisition Corp. III Life Sciences Class A Ordinary Share,$10.1373,-0.0227,-0.223%,0.00,United States,2024,1416,Finance,Blank Checks
OACCW,Oaktree Acquisition Corp. III Life Sciences Warrant,$0.7702,0.0046,0.601%,0.00,United States,2024,291,Finance,Blank Checks
OAKU,Oak Woods Acquisition Corporation Class A Ordinary Shares,$11.5501,0.00,0.00%,0.00,Canada,2023,2,Finance,Blank Checks
OAKUW,Oak Woods Acquisition Corporation Warrant,$0.0301,0.00,0.00%,0.00,Canada,2023,40,Finance,Blank Checks
OB,Outbrain Inc. Common Stock,$3.98,0.03,0.759%,373882832.00,United States,2021,458376,Technology,Computer Software: Programming Data Processing
OBIO,Orchestra BioMed Holdings Inc. Ordinary Shares,$4.51,0.16,3.678%,171441002.00,United States,2020,99841,Health Care, Medicinal Chemicals and Botanical Products 
OBLG,Oblong Inc. Common Stock,$3.60,0.27,8.108%,4157734.00,United States,,9398,Technology,Computer Software: Programming Data Processing
OBT,Orange County Bancorp Inc. Common Stock,$24.15,-0.27,-1.106%,274309973.00,United States,,37667,Finance,Major Banks
OCC,Optical Cable Corporation Common Stock,$3.59,0.22,6.528%,29432891.00,United States,,20009,Industrials,Telecommunications Equipment
OCCI,OFS Credit Company Inc. Common Stock,$6.65,-0.035,-0.524%,77249792.00,United States,2018,553201,Finance,Trusts Except Educational Religious and Charitable
OCCIM,OFS Credit Company Inc. 7.875% Series F Term Preferred Stock,$24.67,0.0141,0.057%,0.00,United States,,1956,,
OCCIN,OFS Credit Company Inc. 5.25% Series E Term Preferred Stock Due 2026,$23.795,0.0297,0.125%,276414855.00,United States,,790,Finance,Trusts Except Educational Religious and Charitable
OCCIO,OFS Credit Company Inc. 6.125% Series C Term Preferred Stock,$24.78,0.1276,0.518%,287857118.00,United States,,25,Finance,Trusts Except Educational Religious and Charitable
OCEA,Ocean Biomedical Inc. Common Stock,$0.0621,-0.0003,-0.481%,2165342.00,United States,2021,12448620,Health Care,Biotechnology: Pharmaceutical Preparations
OCEAW,Ocean Biomediacal Inc. Warrants,$0.0211,0.0001,0.476%,735728.00,United States,2021,14178,Health Care,Biotechnology: Pharmaceutical Preparations
OCFC,OceanFirst Financial Corp. Common Stock,$17.04,-0.13,-0.757%,997813785.00,United States,,625568,Finance,Major Banks
OCFCP,OceanFirst Financial Corp. Depositary Shares,$25.35,0.02,0.079%,1484423676.00,United States,,1376,Finance,Major Banks
OCG,Oriental Culture Holding LTD Ordinary Shares,$1.27,-0.001,-0.079%,5803900.00,China,2020,265,Consumer Discretionary,Other Consumer Services
OCGN,Ocugen Inc. Common Stock,$0.6046,0.0286,4.965%,176551949.00,United States,2014,4026721,Health Care,Biotechnology: Biological Products (No Diagnostic Substances)
OCS,Oculis Holding AG Ordinary shares,$19.57,-0.07,-0.356%,854473207.00,Switzerland,,51965,Health Care,Biotechnology: Pharmaceutical Preparations
OCSAW,Oculis Holding AG Warrants,$8.79,0.00,0.00%,383792514.00,Switzerland,,194,Health Care,Biotechnology: Pharmaceutical Preparations
OCSL,Oaktree Specialty Lending Corporation Common Stock,$15.62,-0.07,-0.446%,1284671883.00,United States,,824678,Finance,Finance: Consumer Services
OCTO,Eightco Holdings Inc. Common Stock,$1.13,0.05,4.63%,2758740.00,United States,,16946,,
OCUL,Ocular Therapeutix Inc. Common Stock,$7.51,0.07,0.941%,1194257060.00,United States,2014,1964509,Health Care,Biotechnology: Pharmaceutical Preparations
OCX,Oncocyte Corporation Common Stock,$3.40,0.10,3.03%,57239840.00,United States,,32452,Health Care,Biotechnology: In Vitro & In Vivo Diagnostic Substances
ODD,ODDITY Tech Ltd. Class A Ordinary Shares,$43.32,0.08,0.185%,2418481566.00,Israel,2023,252174,Consumer Discretionary,Package Goods/Cosmetics
ODFL,Old Dominion Freight Line Inc. Common Stock,$165.22,4.09,2.538%,35116697952.00,United States,1991,3630657,Industrials,Trucking Freight/Courier Services
ODP,The ODP Corporation Common Stock,$14.61,-0.18,-1.217%,435629964.00,United States,,1733442,Consumer Discretionary,Other Specialty Stores
ODVWZ,Osisko Development Corp. Warrant expiring 5/27/2027,$0.25,-0.07,-21.875%,34145058.00,Canada,,1240,Basic Materials,Precious Metals
ODYS,Odysight.ai Inc. Common Stock,$6.50,0.01,0.154%,98422532.00,Israel,,7228,Technology,Electronic Components
OESX,Orion Energy Systems Inc. Common Stock,$0.792,0.0383,5.082%,26098053.00,United States,2015,44502,Consumer Discretionary,Building Products
OFIX,Orthofix Medical Inc. Common Stock (DE),$16.63,-0.27,-1.598%,648944042.00,Curacao,1992,300780,Health Care,Medical/Dental Instruments
OFLX,Omega Flex Inc. Common Stock,$38.96,1.14,3.014%,393274785.00,United States,,47181,Industrials,Industrial Specialties
OFS,OFS Capital Corporation Common Stock,$9.20,-0.06,-0.648%,123262318.00,United States,,94969,Finance,Finance/Investors Services
OFSSH,OFS Capital Corporation 4.95% Notes due 2028,$22.82,0.06,0.264%,305744140.00,United States,,120,Finance,Finance Companies
OGI,Organigram Holdings Inc. Common Shares,$1.11,0.05,4.717%,140033907.00,Canada,,417871,Health Care,Biotechnology: Pharmaceutical Preparations
OKTA,Okta Inc. Class A Common Stock,$113.74,0.94,0.833%,19745623873.00,United States,2017,3499115,Technology,Computer Software: Prepackaged Software
OKUR,OnKure Therapeutics Inc. Class A Common Stock,$5.05,0.05,1.00%,67850921.00,United States,2021,19052,Health Care,Biotechnology: Pharmaceutical Preparations
OKYO,OKYO Pharma Limited Ordinary Shares,$1.35,0.09,7.143%,45684000.00,Guernsey,2022,33003,Health Care,Biotechnology: Biological Products (No Diagnostic Substances)
OLB,The OLB Group Inc. Common Stock,$1.27,0.07,5.833%,2733496.00,United States,,6791,Consumer Discretionary,Business Services
OLED,Universal Display Corporation Common Stock,$148.50,-2.88,-1.902%,7049159271.00,United States,,1898797,Technology,Electrical Products
OLLI,Ollie's Bargain Outlet Holdings Inc. Common Stock,$106.88,1.66,1.578%,6549272828.00,United States,2015,1162727,Consumer Discretionary,Department/Specialty Retail Stores
OLMA,Olema Pharmaceuticals Inc. Common Stock,$4.23,0.11,2.67%,289048865.00,United States,2020,2079395,Health Care,Biotechnology: Pharmaceutical Preparations
OLPX,Olaplex Holdings Inc. Common Stock,$1.34,-0.01,-0.741%,890590303.00,United States,2021,1905712,Consumer Discretionary,Package Goods/Cosmetics
OM,Outset Medical Inc. Common Stock,$10.05,-1.23,-10.904%,177880930.00,United States,2020,213693,Health Care,Biotechnology: Electromedical & Electrotherapeutic Apparatus
OMAB,Grupo Aeroportuario del Centro Norte S.A.B. de C.V. ADS,$79.47,-1.98,-2.431%,3836110516.00,Mexico,2006,73728,Consumer Discretionary,Aerospace
OMCC,Old Market Capital Corporation Common Stock,$6.40,0.01,0.156%,42880000.00,United States,,8480,Finance,Finance Companies
OMCL,Omnicell Inc. Common Stock ($0.001 par value),$33.94,-0.94,-2.695%,1587014511.00,United States,2001,1904278,Technology,Computer Manufacturing
OMER,Omeros Corporation Common Stock,$9.10,0.00,0.00%,527342816.00,United States,2009,953024,Health Care,Biotechnology: Pharmaceutical Preparations
OMEX,Odyssey Marine Exploration Inc. Common Stock,$0.4602,0.0301,6.998%,10000316.00,United States,,350545,Consumer Discretionary,Marine Transportation
OMH,Ohmyhome Limited Ordinary Shares,$2.49,-0.12,-4.598%,5962293.00,Singapore,2023,4043,Finance,Real Estate
ON,ON Semiconductor Corporation Common Stock,$43.78,0.58,1.343%,18449816940.00,United States,,17838866,Technology,Semiconductors
ONB,Old National Bancorp Common Stock,$21.20,-0.17,-0.796%,6762270000.00,United States,,7574937,Finance,Major Banks
ONBPO,Old National Bancorp Depositary Shares Each Representing a 1/40th Interest in a Share of Series C Preferred Stock,$24.89,0.0654,0.263%,7939287750.00,United States,,3489,Finance,Major Banks
ONBPP,Old National Bancorp Depositary Shares Each Representing a 1/40th Interest in a Share of Series A Preferred Stock,$25.10,0.0899,0.359%,8006272500.00,United States,,3384,Finance,Major Banks
ONC,BeiGene Ltd. American Depositary Shares,$251.98,-10.61,-4.041%,26891455024.00,Cayman Islands,2016,518232,Health Care,Biotechnology: Pharmaceutical Preparations
ONCO,Onconetix Inc. Common Stock,$0.128,-0.0023,-1.765%,1061726.00,United States,2022,2144456,Health Care,Biotechnology: Pharmaceutical Preparations
ONCY,Oncolytics Biotech Inc. Common Shares,$0.6301,0.0037,0.591%,48508899.00,Canada,,99729,Health Care,Biotechnology: Pharmaceutical Preparations
ONDS,Ondas Holdings Inc. Common Stock,$0.7001,0.01,1.449%,74022151.00,United States,,1467275,Technology,Radio And Television Broadcasting And Communications Equipment
ONEG,OneConstruction Group Limited Ordinary Shares,$2.94,0.49,20.00%,38220000.00,Hong Kong,2024,72218,Consumer Discretionary,Homebuilding
ONEW,OneWater Marine Inc. Class A Common Stock,$17.26,-0.28,-1.596%,281564365.00,United States,2020,313008,Consumer Discretionary,Auto & Home Supply Stores
ONFO,Onfolio Holdings Inc. Common Stock,$1.05,0.02,1.942%,5383766.00,United States,2022,5819,Technology,EDP Services
ONFOW,Onfolio Holdings Inc. Warrant,$0.27,0.00,0.00%,1384397.00,United States,2022,607,Technology,EDP Services
ONMD,OneMedNet Corp Class A Common Stock,$0.54,-0.04,-6.897%,15113211.00,United Kingdom,2021,67235,Health Care,Biotechnology: Commercial Physical & Biological Resarch
ONVO,Organovo Holdings Inc. Common Stock,$3.14,-0.5344,-14.544%,5652000.00,United States,,505384,Health Care,Biotechnology: Biological Products (No Diagnostic Substances)
OP,OceanPal Inc. Common Stock,$0.914,0.004,0.44%,6808021.00,Greece,,8703,Consumer Discretionary,Marine Transportation
OPAL,OPAL Fuels Inc. Class A Common Stock,$1.90,-0.07,-3.553%,328374177.00,United States,2021,146288,Utilities,Natural Gas Distribution
OPBK,OP Bancorp Common Stock,$12.205,-0.265,-2.125%,180776445.00,United States,2018,34453,Finance,Major Banks
OPCH,Option Care Health Inc. Common Stock,$34.58,0.29,0.846%,5716625931.00,United States,,2990931,Health Care,Medical/Nursing Services
OPEN,Opendoor Technologies Inc Common Stock,$1.20,0.01,0.84%,868221547.00,United States,,34594538,Finance,Real Estate
OPI,Office Properties Income Trust Common Shares of Beneficial Interest,$0.58,-0.0114,-1.928%,40498351.00,United States,,6882980,Finance,Real Estate
OPINL,Office Properties Income Trust 6.375% Senior Notes due 2050,$9.40,-0.335,-3.441%,656352584.00,United States,,39265,Finance,Real Estate
OPK,OPKO Health Inc. Common Stock,$1.80,-0.02,-1.099%,1208790486.00,United States,,6951477,Health Care,Biotechnology: Pharmaceutical Preparations
OPOF,Old Point Financial Corporation Common Stock,$29.90,0.00,0.00%,151823081.00,United States,,14672,Finance,Major Banks
OPRA,Opera Limited American Depositary Shares,$17.79,0.06,0.338%,1556950272.00,Norway,2018,472207,Technology,Computer Software: Prepackaged Software
OPRT,Oportun Financial Corporation Common Stock,$5.91,-0.29,-4.677%,213553559.00,United States,2019,443275,Finance,Finance: Consumer Services
OPRX,OptimizeRx Corporation Common Stock,$8.63,-0.16,-1.82%,158972419.00,United States,,341648,Consumer Discretionary,Business Services
OPTN,OptiNose Inc. Common Stock,$9.15,0.00,0.00%,92005995.00,United States,2017,283160,Health Care,Biotechnology: Pharmaceutical Preparations
OPTX,Syntec Optics Holdings Inc. Class A Common Stock,$1.46,-0.0164,-1.111%,53564868.00,United States,2022,24798,Technology,Electronic Components
OPTXW,Syntec Optics Holdings Inc. Warrant,$0.0507,-0.0137,-21.273%,1860095.00,United States,2022,1000,Technology,Electronic Components
OPXS,Optex Systems Holdings Inc. Common Stock,$6.00,-0.115,-1.881%,41380428.00,United States,,7492,Technology,Electronic Components
ORGN,Origin Materials Inc. Common Stock,$0.753,-0.022,-2.839%,112464229.00,United States,2020,856939,Industrials,Major Chemicals
ORGNW,Origin Materials Inc. Warrants,$0.056,-0.0113,-16.79%,8363874.00,United States,2020,45063,Industrials,Major Chemicals
ORGO,Organogenesis Holdings Inc. Class A Common Stock,$4.88,0.00,0.00%,618921089.00,United States,2016,2233885,Health Care,Biotechnology: Pharmaceutical Preparations
ORIC,Oric Pharmaceuticals Inc. Common Stock,$7.03,-0.48,-6.391%,499318580.00,United States,2020,2051810,Health Care,Biotechnology: Pharmaceutical Preparations
ORIS,Oriental Rise Holdings Limited Ordinary Shares,$1.22,0.12,10.909%,26535000.00,China,2024,206286,Consumer Staples,Farming/Seeds/Milling
ORKA,Oruka Therapeutics Inc. Common Stock,$12.10,0.15,1.255%,453030171.00,United States,,285491,Health Care,Biotechnology: In Vitro & In Vivo Diagnostic Substances
ORKT,Orangekloud Technology Inc. Class A Ordinary Shares,$0.7701,0.02,2.666%,17519775.00,Singapore,2024,89801,Technology,Computer Software: Prepackaged Software
ORLY,O'Reilly Automotive Inc. Common Stock,$1339.09,-4.06,-0.302%,76692954358.00,United States,1993,510380,Consumer Discretionary,Auto & Home Supply Stores
ORMP,Oramed Pharmaceuticals Inc. Common Stock,$2.33,-0.04,-1.688%,93927121.00,Israel,,16866,Health Care,Biotechnology: Pharmaceutical Preparations
ORRF,Orrstown Financial Services Inc. Common Stock,$30.50,-0.33,-1.07%,591274251.00,United States,,465889,Finance,Major Banks
OS,OneStream Inc. Class A Common Stock,$22.50,0.33,1.488%,5370637028.00,United States,2024,1454934,Technology,Computer Software: Prepackaged Software
OSBC,Old Second Bancorp Inc. Common Stock,$16.92,0.10,0.595%,762197795.00,United States,,626831,Finance,Major Banks
OSIS,OSI Systems Inc. Common Stock (DE),$193.78,-3.65,-1.849%,3255365060.00,United States,1997,337769,Technology,Semiconductors
OSPN,OneSpan Inc. Common Stock,$16.03,0.24,1.52%,611958379.00,United States,,1046513,Technology,EDP Services
OSRH,OSR Holdings Inc. Common Stock,$1.71,0.12,7.547%,30486299.00,United States,2023,44896,,
OSRHW,OSR Holdings Inc. Warrant,$0.0311,0.00,0.00%,554458.00,United States,2023,2182,,
OSS,One Stop Systems Inc. Common Stock,$2.74,0.02,0.735%,55685735.00,United States,2018,94159,Technology,Computer Manufacturing
OST,Ostin Technology Group Co. Ltd. Class A Ordinary Shares,$1.98,0.00,0.00%,3725600.00,China,2022,11243,Technology,Industrial Machinery/Components
OSUR,OraSure Technologies Inc. Common Stock,$3.44,-0.10,-2.825%,257312451.00,United States,,968592,Health Care,Medical/Dental Instruments
OSW,OneSpaWorld Holdings Limited Common Shares,$17.50,-0.05,-0.285%,1831676823.00,Bahamas,,5459647,Consumer Discretionary,Hotels/Resorts
OTEX,Open Text Corporation Common Shares,$26.38,-0.01,-0.038%,7013922340.00,Canada,1996,1622294,Technology,EDP Services
OTLK,Outlook Therapeutics Inc. Common Stock,$1.51,0.03,2.027%,48345940.00,United States,2016,683194,Health Care,Biotechnology: Biological Products (No Diagnostic Substances)
OTLY,Oatly Group AB American Depositary Shares,$10.02,0.54,5.696%,299878480.00,Sweden,2021,273176,Consumer Staples,Packaged Foods
OTRK,Ontrak Inc. Common Stock,$1.55,0.035,2.31%,6537661.00,United States,,15344,Health Care,Misc Health and Biotechnology Services
OTTR,Otter Tail Corporation Common Stock,$80.87,-1.48,-1.797%,3382630279.00,United States,,1740344,Utilities,Electric Utilities: Central
OUST,Ouster Inc. Common Stock,$11.05,2.67,31.862%,572083550.00,United States,,7939712,Industrials,Industrial Machinery/Components
OUSTW,Ouster Inc. Warrants,$0.035,0.0041,13.269%,1812029.00,United States,,45695,Industrials,Industrial Machinery/Components
OUSTZ,Ouster Inc. Warrants,$0.09,0.02,28.571%,4659504.00,United States,,129205,Industrials,Industrial Machinery/Components
OVBC,Ohio Valley Banc Corp. Common Stock,$29.48,-2.32,-7.296%,138880309.00,United States,,36762,Finance,Major Banks
OVID,Ovid Therapeutics Inc. Common Stock,$0.4251,-0.0055,-1.277%,30213985.00,United States,2017,371491,Health Care,Biotechnology: Pharmaceutical Preparations
OVLY,Oak Valley Bancorp (CA) Common Stock,$24.14,-0.19,-0.781%,201779284.00,United States,,20786,Finance,Major Banks
OXBR,Oxbridge Re Holdings Limited Ordinary Shares,$2.17,-0.17,-7.265%,13510982.00,Cayman Islands,2014,28653,Finance,Property-Casualty Insurers
OXBRW,Oxbridge Re Holdings Limited Warrant expiring 3/26/2029,$0.50,0.00,0.00%,3113130.00,Cayman Islands,2014,1,Finance,Property-Casualty Insurers
OXLC,Oxford Lane Capital Corp. Common Stock,$4.57,0.205,4.696%,793352000.00,United States,2011,8647568,Finance,Investment Managers
OXLCG,Oxford Lane Capital Corp. 7.95% Notes due 2032,$24.73,0.03,0.121%,0.00,United States,,22853,Finance,Investment Managers
OXLCI,Oxford Lane Capital Corp. 8.75% Notes due 2030,$25.408,0.158,0.626%,0.00,United States,,14846,,
OXLCL,Oxford Lane Capital Corp. 6.75% Notes due 2031,$23.4321,0.1632,0.701%,4067812560.00,United States,,5139,Finance,Finance Companies
OXLCN,Oxford Lane Capital Corp. 7.125% Series 2029 Term Preferred Stock,$23.97,0.024,0.10%,4161192000.00,United States,,1733,Finance,Investment Managers
OXLCO,Oxford Lane Capital Corp. Preferred Stock Shares 6.00% Series 2029,$22.88,-0.08,-0.348%,3971968000.00,United States,,428,Finance,Investment Managers
OXLCP,Oxford Lane Capital Corp. 6.25% Series 2027 Term Preferred Shares,$24.16,0.02,0.083%,4194176000.00,United States,,6076,Finance,Investment Managers
OXLCZ,Oxford Lane Capital Corp. 5.00% Notes due 2027,$23.86,0.035,0.147%,4142096000.00,United States,,2913,Finance,Finance Companies
OXSQ,Oxford Square Capital Corp. Common Stock,$2.59,0.00,0.00%,180754875.00,United States,2003,228820,Finance,Blank Checks
OXSQG,Oxford Square Capital Corp. 5.50% Notes due 2028,$23.2503,-0.1797,-0.767%,1482389372.00,United States,,566,Consumer Discretionary,Other Consumer Services
OZK,Bank OZK Common Stock,$44.31,0.16,0.362%,5013062009.00,United States,,2886724,Finance,Major Banks
OZKAP,Bank OZK 4.625% Series A Non-Cumulative Perpetual Preferred Stock,$17.25,0.05,0.291%,1951598277.00,United States,,8338,Finance,Major Banks
PAA,Plains All American Pipeline L.P. Common Units representing Limited Partner Interests,$19.97,-0.27,-1.334%,14054405722.00,United States,1998,10276377,Energy,Natural Gas Distribution
PACB,Pacific Biosciences of California Inc. Common Stock,$1.30,0.04,3.175%,387207896.00,United States,2010,7452196,Industrials,Biotechnology: Laboratory Analytical Instruments
PAGP,Plains GP Holdings L.P. Class A Units representing Limited Partner Interests,$21.34,-0.22,-1.02%,4219848936.00,United States,,846881,Energy,Natural Gas Distribution
PAHC,Phibro Animal Health Corporation Class A Common Stock,$21.90,0.09,0.413%,887029015.00,United States,2014,315267,Health Care,Biotechnology: Pharmaceutical Preparations
PAL,Proficient Auto Logistics Inc. Common Stock,$9.89,-0.51,-4.904%,267324534.00,United States,2024,1357197,Consumer Discretionary,Transportation Services
PALI,Palisade Bio Inc. Common Stock,$0.7108,-0.0727,-9.279%,945020.00,United States,,320325,Health Care,Biotechnology: Biological Products (No Diagnostic Substances)
PAMT,PAMT CORP Common Stock,$12.28,-0.18,-1.445%,267589280.00,United States,,31292,Industrials,Trucking Freight/Courier Services
PANL,Pangaea Logistics Solutions Ltd. Common Shares,$5.35,-0.13,-2.372%,351112138.00,United States,2013,888994,Consumer Discretionary,Marine Transportation
PANW,Palo Alto Networks Inc. Common Stock,$182.32,-1.69,-0.918%,120714072000.00,United States,,8565886,Technology,Computer peripheral equipment
PARA,Paramount Global Class B Common Stock,$11.86,-0.07,-0.587%,7954624348.00,United States,,14225930,Industrials,Broadcasting
PARAA,Paramount Global Class A Common Stock,$22.70,-0.04,-0.176%,15225124173.00,United States,,60701,Industrials,Broadcasting
PASG,Passage Bio Inc. Common Stock,$0.5011,0.0251,5.273%,31142500.00,United States,2020,183461,Health Care,Biotechnology: Biological Products (No Diagnostic Substances)
PATK,Patrick Industries Inc. Common Stock,$85.08,0.57,0.674%,2862491246.00,United States,,774600,Consumer Discretionary,Auto Parts:O.E.M.
PAVM,PAVmed Inc. Common Stock,$0.81,0.043,5.606%,8965538.00,United States,2016,154094,Health Care,Medical/Dental Instruments
PAVMZ,PAVmed Inc. Series Z Warrant,$0.0099,0.0044,80.00%,109579.00,United States,,9412,Health Care,Medical/Dental Instruments
PAVS,Paranovus Entertainment Technology Ltd. Class A Ordinary Shares,$1.35,-0.01,-0.735%,9904856.00,China,2019,645,Health Care, Medicinal Chemicals and Botanical Products 
PAX,Patria Investments Limited Class A Common Shares,$11.71,-0.13,-1.098%,1736053614.00,Cayman Islands,2021,579972,Finance,Investment Managers
PAYO,Payoneer Global Inc. Common Stock,$7.46,-0.10,-1.323%,2684511407.00,United States,,7470921,Consumer Discretionary,Business Services
PAYS,Paysign Inc. Common Stock,$2.34,-0.02,-0.847%,125303195.00,United States,,293873,Consumer Discretionary,Business Services
PAYX,Paychex Inc. Common Stock,$143.02,-2.21,-1.522%,51496220843.00,United States,1983,4764681,Consumer Discretionary,Diversified Commercial Services
PBBK,PB Bankshares Inc. Common Stock,$16.70,0.38,2.328%,42620321.00,United States,2021,3835,Finance,Banks
PBFS,Pioneer Bancorp Inc. Common Stock,$11.68,-0.27,-2.259%,303375199.00,United States,2019,62167,Finance,Banks
PBHC,Pathfinder Bancorp Inc. Common Stock (MD),$17.00,0.35,2.102%,103701207.00,United States,,4648,Finance,Major Banks
PBM,Psyence Biomedical Ltd. Common Shares,$0.6246,-0.0454,-6.776%,1894728.00,Canada,,43905,Health Care,Biotechnology: Pharmaceutical Preparations
PBMWW,Psyence Biomedical Ltd. Warrant,$0.0175,0.00,0.00%,53086.00,Canada,,5834,Health Care,Biotechnology: Pharmaceutical Preparations
PBPB,Potbelly Corporation Common Stock,$9.32,0.15,1.636%,278476977.00,United States,2013,313927,Consumer Discretionary,Restaurants
PBYI,Puma Biotechnology Inc Common Stock,$3.51,0.10,2.933%,174133904.00,United States,,569460,Health Care,Biotechnology: Pharmaceutical Preparations
PC,Premium Catering (Holdings) Limited Ordinary Shares,$0.93,0.01,1.087%,14880000.00,Singapore,2024,9784,Consumer Discretionary,Restaurants
PCAR,PACCAR Inc. Common Stock,$97.11,-1.21,-1.231%,50963580777.00,United States,,8554989,Consumer Discretionary,Auto Manufacturing
PCB,PCB Bancorp Common Stock,$18.70,-0.18,-0.953%,268918174.00,United States,2018,53239,Finance,Major Banks
PCH,PotlatchDeltic Corporation Common Stock,$44.52,-1.22,-2.667%,3507641760.00,United States,,990047,Real Estate,Real Estate Investment Trusts
PCLA,PicoCELA Inc. American Depositary Shares,$0.8905,0.0455,5.385%,21980977.00,Japan,2025,160256,Consumer Discretionary,Building Products
PCRX,Pacira BioSciences Inc. Common Stock,$24.14,0.32,1.343%,1117108458.00,United States,2011,3105825,Health Care,Biotechnology: Pharmaceutical Preparations
PCSA,Processa Pharmaceuticals Inc. Common Stock,$0.43,0.0049,1.153%,1404786.00,United States,,22757,Health Care,Biotechnology: Pharmaceutical Preparations
PCT,PureCycle Technologies Inc. Common stock,$7.77,0.14,1.835%,1393442857.00,United States,,1975291,Industrials,Major Chemicals
PCTTW,PureCycle Technologies Inc. Warrant,$2.09,0.06,2.956%,374812815.00,United States,,1509,Industrials,Major Chemicals
PCTY,Paylocity Holding Corporation Common Stock,$191.91,1.16,0.608%,10725313895.00,United States,2014,570223,Technology,Computer Software: Prepackaged Software
PCVX,Vaxcyte Inc. Common Stock,$74.66,0.20,0.269%,9613342699.00,United States,2020,1778118,Health Care,Biotechnology: Pharmaceutical Preparations
PCYO,Pure Cycle Corporation Common Stock,$10.71,0.08,0.753%,257863695.00,United States,,130330,Utilities,Water Supply
PDCO,Patterson Companies Inc. Common Stock,$31.16,-0.03,-0.096%,2756849840.00,United States,1992,2160892,Health Care,Medical Specialities
PDD,PDD Holdings Inc. American Depositary Shares,$126.64,-4.28,-3.269%,174240529746.00,China,2018,13463643,Consumer Discretionary,Business Services
PDEX,Pro-Dex Inc. Common Stock,$48.92,-0.13,-0.265%,159530224.00,United States,,14151,Health Care,Medical/Dental Instruments
PDFS,PDF Solutions Inc. Common Stock,$20.79,-0.17,-0.811%,813174966.00,United States,2001,546080,Technology,Computer Software: Prepackaged Software
PDLB,Ponce Financial Group Inc. Common Stock,$12.80,-0.10,-0.775%,306767245.00,United States,2017,86158,Finance,Savings Institutions
PDSB,PDS Biotechnology Corporation Common Stock,$1.37,0.01,0.735%,51250518.00,United States,2015,172720,Health Care,Biotechnology: Pharmaceutical Preparations
PDYN,Palladyne AI Corp. Common Stock,$7.36,-0.35,-4.54%,259216999.00,United States,,1355539,Technology,Computer Software: Prepackaged Software
PDYNW,Palladyne AI Corp Warrants,$0.3548,0.0148,4.353%,12495950.00,United States,,24859,Technology,Computer Software: Prepackaged Software
PEBK,Peoples Bancorp of North Carolina Inc. Common Stock,$27.42,-0.26,-0.939%,149603493.00,United States,,20390,Finance,Major Banks
PEBO,Peoples Bancorp Inc. Common Stock,$29.73,-0.06,-0.201%,1060475165.00,United States,,346927,Finance,Major Banks
PECO,Phillips Edison & Company Inc. Common Stock,$34.93,-0.33,-0.936%,4373236000.00,United States,2021,1198357,Real Estate,Real Estate Investment Trusts
PEGA,Pegasystems Inc. Common Stock,$72.89,0.94,1.306%,6261169217.00,United States,1996,757807,Technology,EDP Services
PENG,Penguin Solutions Inc. Ordinary Shares,$19.16,-0.59,-2.987%,1021050770.00,United States,2017,1235473,Technology,Semiconductors
PENN,PENN Entertainment Inc. Common Stock,$17.37,0.21,1.224%,2656695973.00,United States,1994,3311630,Consumer Discretionary,Hotels/Resorts
PEP,PepsiCo Inc. Common Stock,$145.45,-1.70,-1.155%,199484651437.00,United States,,11574777,Consumer Staples,Beverages (Production/Distribution)
PEPG,PepGen Inc. Common Stock,$1.77,-0.115,-6.101%,57865527.00,United States,2022,452498,Health Care,Biotechnology: Pharmaceutical Preparations
PERI,Perion Network Ltd. Ordinary Shares,$8.14,-0.01,-0.123%,390649540.00,Israel,2006,156536,Technology,EDP Services
PESI,Perma-Fix Environmental Services Inc. Common Stock,$6.96,-0.58,-7.692%,128261615.00,United States,,606646,Industrials,Environmental Services
PET,Wag! Group Co. Common Stock,$0.2463,0.0108,4.586%,12263553.00,United States,2021,108818,Consumer Discretionary,Other Consumer Services
PETS,PetMed Express Inc. Common Stock,$4.25,0.21,5.198%,87789942.00,United States,,603636,Consumer Staples,Retail-Drug Stores and Proprietary Stores
PETWW,Wag! Group Co Warrant,$0.0193,0.00,0.00%,960969.00,United States,2021,46,Consumer Discretionary,Other Consumer Services
PETZ,TDH Holdings Inc. Common Shares,$1.33,-0.03,-2.206%,13729946.00,China,2017,8409,Industrials,Steel/Iron Ore
PEV,Phoenix Motor Inc. Common Stock,$0.585,-0.0154,-2.565%,26761683.00,United States,2022,2952995,Consumer Discretionary,Construction/Ag Equipment/Trucks
PFBC,Preferred Bank Common Stock,$84.43,0.49,0.584%,1212137025.00,United States,,284917,Finance,Major Banks
PFG,Principal Financial Group Inc Common Stock,$83.26,-0.87,-1.034%,18781068853.00,United States,2001,2541605,Finance,Accident &Health Insurance
PFIS,Peoples Financial Services Corp. Common Stock,$45.00,-0.78,-1.704%,449759115.00,United States,,57631,Finance,Major Banks
PFX,PhenixFIN Corporation Common Stock,$53.3302,-0.3598,-0.67%,107715165.00,United States,,7227,Finance,Finance: Consumer Services
PFXNZ,PhenixFIN Corporation  5.25% Notes due 2028,$23.5183,0.00,0.00%,47501745.00,United States,,177,Finance,Finance: Consumer Services
PGC,Peapack-Gladstone Financial Corporation Common Stock,$28.66,-0.89,-3.012%,504306949.00,United States,,193669,Finance,Commercial Banks
PGEN,Precigen Inc. Common Stock,$1.81,0.01,0.556%,532217781.00,United States,,2346976,Health Care,Biotechnology: Pharmaceutical Preparations
PGHL,Primega Group Holdings Limited Ordinary Shares,$0.6225,-0.0398,-6.009%,14940000.00,Hong Kong,2024,565884,Consumer Discretionary,General Bldg Contractors - Nonresidential Bldgs
PGNY,Progyny Inc. Common Stock,$21.86,0.18,0.83%,1867134366.00,United States,2019,5122483,Health Care,Misc Health and Biotechnology Services
PGY,Pagaya Technologies Ltd. Class A Ordinary Shares,$11.37,0.06,0.531%,856142103.00,United States,,1256224,Finance,Finance: Consumer Services
PGYWW,Pagaya Technologies Ltd. Warrants,$0.135,-0.0001,-0.074%,10165276.00,United States,,2001,Finance,Finance: Consumer Services
PHAR,Pharming Group N.V. ADS each representing 10 ordinary shares,$8.835,-0.09,-1.008%,592893208.00,Netherlands,,5512,Health Care,Biotechnology: Pharmaceutical Preparations
PHAT,Phathom Pharmaceuticals Inc. Common Stock,$6.23,-0.03,-0.479%,433838323.00,United States,2019,1517105,Health Care,Biotechnology: Pharmaceutical Preparations
PHH,Park Ha Biological Technology Co. Ltd. Ordinary Shares,$13.48,2.45,22.212%,355526952.00,China,2002,541716,Consumer Discretionary,Package Goods/Cosmetics
PHIO,Phio Pharmaceuticals Corp. Common Stock,$1.29,-0.04,-3.008%,1361233.00,United States,,102845,Health Care,Biotechnology: Pharmaceutical Preparations
PHLT,Performant Healthcare Inc. Common Stock,$2.85,-0.06,-2.062%,223179624.00,United States,2012,289307,Consumer Discretionary,Other Consumer Services
PHUN,Phunware Inc. Common Stock,$2.95,0.06,2.076%,58670146.00,Greece,2016,286598,Technology,EDP Services
PHVS,Pharvaris N.V. Ordinary Shares,$15.40,-0.06,-0.388%,805269265.00,Netherlands,2021,23584,Health Care,Biotechnology: Pharmaceutical Preparations
PI,Impinj Inc. Common Stock,$90.25,0.20,0.222%,2575565781.00,United States,2016,589010,Technology,Industrial Machinery/Components
PIII,P3 Health Partners Inc. Class A Common Stock,$0.172,0.0021,1.236%,61717089.00,United States,2021,183061,Health Care,Medical/Nursing Services
PIIIW,P3 Health Partners Inc. Warrant,$0.013,-0.001,-7.143%,4664664.00,United States,2021,12075,Health Care,Medical/Nursing Services
PINC,Premier Inc. Class A Common Stock,$18.55,-0.16,-0.855%,1693752214.00,United States,2013,7307050,Consumer Discretionary,Other Consumer Services
PITA,Heramba Electric plc Ordinary Shares,$0.253,-0.007,-2.692%,11901982.00,Germany,,202199,Miscellaneous,Industrial Machinery/Components
PITAW,Heramba Electric plc Warrants,$0.011,-0.0028,-20.29%,517477.00,Germany,,12501,Miscellaneous,Industrial Machinery/Components
PKBK,Parke Bancorp Inc. Common Stock,$18.50,-0.28,-1.491%,219088026.00,United States,,77684,Finance,Major Banks
PKOH,Park-Ohio Holdings Corp. Common Stock,$22.00,-0.43,-1.917%,313081824.00,United States,,62190,Industrials,Industrial Specialties
PLAB,Photronics Inc. Common Stock,$21.01,-0.345,-1.616%,1335431506.00,United States,1987,2297133,Technology,Semiconductors
PLAY,Dave & Buster's Entertainment Inc. Common Stock,$19.87,0.55,2.847%,765052345.00,United States,2014,1395299,Consumer Discretionary,Restaurants
PLBC,Plumas Bancorp,$42.66,-1.74,-3.919%,252550741.00,United States,,57593,Finance,Finance Companies
PLBY,PLBY Group Inc. Common Stock,$1.20,0.04,3.448%,112496483.00,United States,2020,415334,Consumer Discretionary,Other Specialty Stores
PLCE,Children's Place Inc. (The) Common Stock,$8.80,0.55,6.667%,112432047.00,United States,1997,616664,Consumer Discretionary,Clothing/Shoe/Accessory Stores
PLL,Piedmont Lithium Inc. Common Stock,$7.11,0.08,1.138%,156018434.00,United States,,296029,Industrials,Mining & Quarrying of Nonmetallic Minerals (No Fuels)
PLMK,Plum Acquisition Corp. IV Class A Ordinary Shares,$10.09,0.02,0.199%,0.00,United States,2025,18760,,
PLMKW,Plum Acquisition Corp. IV Warrants,$0.16,0.00,0.00%,0.00,United States,2025,587,,
PLMR,Palomar Holdings Inc. Common stock,$129.32,-1.40,-1.071%,3449950077.00,United States,2019,396967,Finance,Property-Casualty Insurers
PLPC,Preformed Line Products Company Common Stock,$141.86,-6.68,-4.497%,700928983.00,United States,,77628,Industrials,Water Sewer Pipeline Comm & Power Line Construction
PLRX,Pliant Therapeutics Inc. Common Stock,$1.55,-0.03,-1.899%,94916251.00,United States,2020,3910438,Health Care,Biotechnology: Pharmaceutical Preparations
PLRZ,Polyrizon Ltd. Ordinary Shares,$0.5583,0.0027,0.486%,2341759.00,Israel,2024,97075,,
PLSE,Pulse Biosciences Inc Common Stock (DE),$16.06,-0.15,-0.925%,987957833.00,United States,2016,222228,Health Care,Medical/Dental Instruments
PLTK,Playtika Holding Corp. Common Stock,$4.01,-0.36,-8.238%,1505036484.00,Israel,2021,21343204,Technology,EDP Services
PLTR,Palantir Technologies Inc. Class A Common Stock,$90.96,3.57,4.085%,213333627786.00,United States,,116748695,Technology,Computer Software: Prepackaged Software
PLUG,Plug Power Inc. Common Stock,$1.53,-0.06,-3.774%,1415522475.00,United States,1999,56038255,Energy,Industrial Machinery/Components
PLUR,Pluri Inc. Common Stock,$4.40,-0.05,-1.124%,30787416.00,Israel,,5812,Health Care,Biotechnology: Biological Products (No Diagnostic Substances)
PLUS,ePlus inc. Common Stock,$64.15,0.29,0.454%,1707443343.00,United States,1996,1610822,Technology,Retail: Computer Software & Peripheral Equipment
PLUT,Plutus Financial Group Limited Ordinary Shares,$3.00,-0.04,-1.316%,42300000.00,Hong Kong,2025,40187,Finance,Investment Bankers/Brokers/Service
PLXS,Plexus Corp. Common Stock,$128.21,-0.88,-0.682%,3466818657.00,United States,,743498,Technology,Electrical Products
PLYA,Playa Hotels & Resorts N.V. Ordinary Shares,$13.33,0.02,0.15%,1639432679.00,Netherlands,,5269767,Consumer Discretionary,Hotels/Resorts
PMAX,Powell Max Limited Class A Ordinary Shares,$0.3799,-0.0286,-7.001%,5602710.00,Hong Kong,2024,356263,Consumer Discretionary,Other Consumer Services
PMCB,PharmaCyte  Biotech Inc. Common Stock,$1.58,-0.09,-5.389%,10844644.00,United States,,18874,Health Care,Biotechnology: Biological Products (No Diagnostic Substances)
PMEC,Primech Holdings Ltd. Ordinary Shares,$0.785,0.0049,0.628%,29869250.00,Singapore,2023,42767,Finance,Diversified Commercial Services
PMN,ProMIS Neurosciences Inc. Common Shares (ON),$0.64,-0.0219,-3.309%,20921082.00,Canada,,10562,Health Care,Biotechnology: Pharmaceutical Preparations
PMTS,CPI Card Group Inc. Common Stock,$29.40,0.43,1.484%,330470906.00,United States,,52748,Consumer Discretionary,Publishing
PMVP,PMV Pharmaceuticals Inc. Common Stock,$1.27,0.01,0.794%,65955677.00,United States,2020,51786,Health Care,Biotechnology: Pharmaceutical Preparations
PN,Skycorp Solar Group Limited Ordinary Shares,$3.91,0.16,4.267%,105570000.00,China,2025,37521,Technology,Retail: Computer Software & Peripheral Equipment
PNBK,Patriot National Bancorp Inc. Common Stock,$1.40,0.34,32.075%,5566502.00,United States,,19654325,Finance,Major Banks
PNFP,Pinnacle Financial Partners Inc. Common Stock,$105.99,0.46,0.436%,8200099819.00,United States,,1097571,Finance,Major Banks
PNFPP,Pinnacle Financial Partners Inc. Depositary shares of Pinnacle Financial Partners Inc. each representing a 1/40th Interest in a share of its 6.75% Fixed-Rate Non-Cumulative Perpetual Preferred Stock Series B,$24.81,-0.1788,-0.716%,1919468596.00,United States,,13856,Finance,Major Banks
PNRG,PrimeEnergy Resources Corporation Common Stock,$216.14,1.14,0.53%,371220450.00,United States,,12697,Energy,Oil & Gas Production
PNTG,The Pennant Group Inc. Common Stock ,$23.40,-0.73,-3.025%,805661743.00,United States,,276291,Health Care,Medical/Nursing Services
POAI,Predictive Oncology Inc. Common Stock,$1.11,0.01,0.909%,7400362.00,United States,,81027,Health Care,Industrial Specialties
POCI,Precision Optics Corporation Inc. Common stock,$4.73,0.20,4.415%,30105878.00,United States,,4358,Health Care,Biotechnology: Electromedical & Electrotherapeutic Apparatus
PODC,PodcastOne Inc. Common Stock,$1.73,0.01,0.581%,43070992.00,United States,,6706,Technology,Computer Software: Programming Data Processing
PODD,Insulet Corporation Common Stock,$268.32,2.93,1.104%,18843068225.00,United States,2007,1299507,Health Care,Medical/Dental Instruments
POET,POET Technologies Inc. Common Shares,$4.07,-0.20,-4.684%,311342411.00,Canada,,1572292,Technology,Semiconductors
POLA,Polar Power Inc. Common Stock,$2.72,0.01,0.369%,6823941.00,United States,2016,21068,Miscellaneous,Industrial Machinery/Components
POLE,Andretti Acquisition Corp. II Class A Ordinary Shares,$10.12,0.00,0.00%,0.00,United States,2024,109,,
POLEU,Andretti Acquisition Corp. II Unit,$10.20,0.03,0.295%,0.00,United States,2024,1596,,
PONY,Pony AI Inc. American Depositary Shares ,$12.71,0.21,1.68%,4447812986.00,China,2024,1010813,Technology,EDP Services
POOL,Pool Corporation Common Stock,$320.14,-0.20,-0.062%,12047017065.00,United States,1995,443302,Consumer Discretionary,Industrial Specialties
POWI,Power Integrations Inc. Common Stock,$54.88,-0.71,-1.277%,3124483040.00,United States,1997,808101,Technology,Semiconductors
POWL,Powell Industries Inc. Common Stock,$184.22,2.86,1.577%,2222563271.00,United States,,585850,Energy,Electrical Products
POWW,AMMO Inc. Common Stock,$1.44,0.04,2.857%,171009696.00,United States,,966146,Industrials,Ordnance And Accessories
POWWP,AMMO Inc. 8.75% Series A Cumulative Redeemable Perpetual Preferred Stock,$21.775,1.0364,4.997%,2585927861.00,United States,,18426,Industrials,Ordnance And Accessories
PPBI,Pacific Premier Bancorp Inc,$21.62,-0.13,-0.598%,2084984782.00,United States,,2214765,Finance,Major Banks
PPBT,Purple Biotech Ltd. American Depositary Shares,$2.735,-0.025,-0.906%,7242827.00,Israel,2015,9975,Health Care,Biotechnology: Pharmaceutical Preparations
PPC,Pilgrim's Pride Corporation Common Stock,$49.23,-2.70,-5.199%,11673526152.00,United States,,9453969,Consumer Staples,Meat/Poultry/Fish
PPIH,Perma-Pipe International Holdings Inc. Common Stock,$13.76,-0.30,-2.134%,109840136.00,United States,,13450,Industrials,Pollution Control Equipment
PPSI,Pioneer Power Solutions Inc. Common Stock,$3.49,0.02,0.576%,38433635.00,United States,,28945,Industrials,Electrical Products
PPTA,Perpetua Resources Corp. Common Shares,$11.20,-0.26,-2.269%,722517723.00,Canada,,4820141,Basic Materials,Precious Metals
PRAA,PRA Group Inc. Common Stock,$20.37,-0.04,-0.196%,804809737.00,United States,2002,619200,Finance,Finance: Consumer Services
PRAX,Praxis Precision Medicines Inc. Common Stock,$37.12,-0.57,-1.512%,748459840.00,United States,2020,268652,Health Care,Biotechnology: Pharmaceutical Preparations
PRCH,Porch Group Inc. Common Stock,$6.80,0.40,6.25%,816435071.00,United States,2020,4359407,Technology,Computer Software: Prepackaged Software
PRCT,PROCEPT BioRobotics Corporation Common Stock,$58.10,0.23,0.397%,3184966470.00,United States,2021,666215,Health Care,Medical/Dental Instruments
PRDO,Perdoceo Education Corporation Common Stock,$24.58,0.10,0.408%,1620172880.00,United States,,3755844,Real Estate,Other Consumer Services
PRE,Prenetics Global Limited Class A Ordinary Share,$4.06,-0.24,-5.581%,49553112.00,Hong Kong,,7489,Finance,Blank Checks
PRENW,Prenetics Global Limited Warrant,$0.0097,-0.0003,-3.00%,118390.00,Hong Kong,,124732,Finance,Blank Checks
PRFX,PainReform Ltd. Ordinary Shares,$2.58,-0.18,-6.522%,1436062.00,Israel,2020,14696,Health Care,Biotechnology: Pharmaceutical Preparations
PRGS,Progress Software Corporation Common Stock (DE),$54.43,0.21,0.387%,2360611193.00,United States,1991,2121610,Technology,Computer Software: Prepackaged Software
PRLD,Prelude Therapeutics Incorporated Common Stock,$0.7106,-0.0259,-3.517%,39192883.00,United States,2020,140127,Health Care,Biotechnology: Pharmaceutical Preparations
PRME,Prime Medicine Inc. Common Stock,$1.95,-0.06,-2.985%,255763642.00,United States,2022,1330480,Health Care,Biotechnology: Biological Products (No Diagnostic Substances)
PROF,Profound Medical Corp. Common Stock,$6.81,-0.13,-1.873%,166721296.00,Canada,,58320,Health Care,Medical/Dental Instruments
PROK,ProKidney Corp. Class A Ordinary Shares,$0.9602,0.0178,1.889%,281048283.00,United States,2021,824560,Health Care,Biotechnology: Biological Products (No Diagnostic Substances)
PROP,Prairie Operating Co. Common Stock,$5.58,0.17,3.142%,149873616.00,United States,,215963,Finance,Finance: Consumer Services
PROV,Provident Financial Holdings Inc. Common Stock,$13.86,-0.15,-1.071%,92733254.00,United States,,9044,Finance,Savings Institutions
PRPH,ProPhase Labs Inc. Common Stock (DE),$0.3088,-0.0798,-20.535%,7372300.00,United States,,1144673,Health Care,Biotechnology: Pharmaceutical Preparations
PRPL,Purple Innovation Inc. Common Stock,$0.8754,0.0217,2.542%,94289750.00,United States,2015,682528,Consumer Discretionary,Home Furnishings
PRPO,Precipio Inc.  Common Stock,$6.78,-0.0036,-0.053%,10050218.00,United States,,6557,Industrials,Biotechnology: Laboratory Analytical Instruments
PRQR,ProQR Therapeutics N.V. Ordinary Shares,$1.65,0.02,1.227%,173600670.00,Netherlands,2014,629073,Health Care,Biotechnology: Pharmaceutical Preparations
PRSO,Peraso Inc. Common Stock,$0.85,0.0438,5.433%,2915465.00,United States,,38596,Technology,Semiconductors
PRTA,Prothena Corporation plc Ordinary Shares,$12.97,0.10,0.777%,698135957.00,United States,,869554,Health Care,Biotechnology: Pharmaceutical Preparations
PRTC,PureTech Health plc American Depositary Shares,$16.7088,0.00,0.00%,400044278.00,United States,,382,Health Care,Biotechnology: Pharmaceutical Preparations
PRTG,Portage Biotech Inc. Common Stock,$4.15,-0.20,-4.598%,4351748.00,Canada,,2851,Energy,Oil & Gas Production
PRTH,Priority Technology Holdings Inc. Common Stock,$7.89,-0.14,-1.743%,627406756.00,United States,2016,799389,Consumer Discretionary,Business Services
PRTS,CarParts.com Inc. Common Stock,$0.9602,-0.0299,-3.02%,55115137.00,United States,2007,428596,Consumer Discretionary,Auto & Home Supply Stores
PRVA,Privia Health Group Inc. Common Stock,$23.34,0.05,0.215%,2812777691.00,United States,2021,1471819,Health Care,Medical/Nursing Services
PRZO,ParaZero Technologies Ltd. Ordinary Shares,$0.82,-0.081,-8.99%,9151200.00,Israel,2023,743390,Industrials,Military/Government/Technical
PSEC,Prospect Capital Corporation Common Stock,$4.22,-0.04,-0.939%,1868383664.00,United States,2004,2905310,Finance,Finance: Consumer Services
PSHG,Performance Shipping Inc. Common Shares,$1.55,-0.01,-0.641%,19033498.00,Greece,,20649,Consumer Discretionary,Marine Transportation
PSIG,PS International Group Ltd. Ordinary Shares,$0.46,-0.0092,-1.961%,11170151.00,Hong Kong,,191702,Consumer Discretionary,Oil Refining/Marketing
PSIX,Power Solutions International Inc. Common Stock,$30.54,-1.46,-4.563%,702408273.00,United States,,612698,Industrials,Industrial Machinery/Components
PSMT,PriceSmart Inc. Common Stock,$83.71,-0.49,-0.582%,2566744900.00,United States,,1758156,Consumer Discretionary,Department/Specialty Retail Stores
PSNL,Personalis Inc. Common Stock,$3.56,-0.05,-1.385%,314217238.00,United States,2019,652052,Health Care,Medical Specialities
PSNY,Polestar Automotive Holding UK PLC Class A ADS,$1.07,-0.01,-0.926%,2284675008.00,Sweden,,4071967,Consumer Discretionary,Auto Manufacturing
PSNYW,Polestar Automotive Holding UK PLC Class C-1 ADS (ADW),$0.198,0.0056,2.911%,422771637.00,Sweden,,211363,Consumer Discretionary,Auto Manufacturing
PSTV,PLUS THERAPEUTICS Inc. Common Stock ,$1.18,-0.20,-14.493%,6957673.00,United States,,26190082,Health Care,Medical/Dental Instruments
PT,Pintec Technology Holdings Limited American Depositary Shares,$1.015,-0.005,-0.49%,16187180.00,China,2018,933,Technology,Computer Software: Programming Data Processing
PTC,PTC Inc. Common Stock,$159.84,-0.06,-0.038%,19232514953.00,United States,,1544374,Technology,Computer Software: Prepackaged Software
PTCT,PTC Therapeutics Inc. Common Stock,$57.14,0.51,0.901%,4506595688.00,United States,2013,1038038,Health Care,Biotechnology: Pharmaceutical Preparations
PTEN,Patterson-UTI Energy Inc. Common Stock,$8.38,-0.03,-0.357%,3237950689.00,United States,1993,30315983,Energy,Oil & Gas Production
PTGX,Protagonist Therapeutics Inc. Common Stock,$52.65,-0.40,-0.754%,3231882816.00,United States,2016,3695676,Health Care,Biotechnology: Pharmaceutical Preparations
PTHL,Pheton Holdings Ltd Class A Ordinary Shares,$4.24,0.22,5.473%,61480000.00,China,2024,33445,Health Care,Biotechnology: Electromedical & Electrotherapeutic Apparatus
PTIX,Protagenic Therapeutics Inc. Common Stock,$0.279,0.0232,9.07%,1895755.00,United States,,117141,Health Care,Biotechnology: Pharmaceutical Preparations
PTLE,PTL LTD Ordinary Shares,$1.30,-0.09,-6.475%,16250000.00,Singapore,2024,200313,Energy,Oil Refining/Marketing
PTLO,Portillo's Inc. Class A Common Stock,$12.08,-0.28,-2.265%,901198526.00,United States,2021,1259238,Consumer Discretionary,Restaurants
PTMN,Portman Ridge Finance Corporation Common Stock,$15.31,-0.37,-2.36%,140824059.00,United States,2006,63689,Finance,Finance: Consumer Services
PTON,Peloton Interactive Inc. Class A Common Stock,$6.96,0.44,6.748%,2714152892.00,United States,2019,25942035,Consumer Discretionary,Recreational Games/Products/Toys
PTPI,Petros Pharmaceuticals Inc. Common Stock,$0.073,-0.003,-3.947%,731086.00,United States,,3389041,Health Care,Biotechnology: Pharmaceutical Preparations
PTVE,Pactiv Evergreen Inc. Common stock,$17.93,0.02,0.112%,3238705475.00,United States,2020,1063092,Consumer Discretionary,Containers/Packaging
PUBM,PubMatic Inc. Class A Common Stock,$9.75,0.02,0.206%,473141107.00,United States,2020,1033901,Technology,Computer Software: Programming Data Processing
PULM,Pulmatrix Inc. Common Stock,$7.47,-0.13,-1.711%,27282569.00,United States,2014,9860,Health Care,Biotechnology: Pharmaceutical Preparations
PVBC,Provident Bancorp Inc. (MD) Common Stock,$11.47,-0.17,-1.46%,203363593.00,United States,2015,63688,Finance,Banks
PVLA,Palvella Therapeutics Inc. Common Stock,$28.14,0.71,2.588%,37151554.00,United States,,455224,Health Care,Biotechnology: Pharmaceutical Preparations
PWM,Prestige Wealth Inc. Class A Ordinary Shares,$0.4805,-0.0395,-7.596%,15203961.00,Hong Kong,2023,229079,Finance,Finance: Consumer Services
PWOD,Penns Woods Bancorp Inc. Common Stock,$28.03,-0.38,-1.338%,213388970.00,United States,,18181,Finance,Major Banks
PWP,Perella Weinberg Partners Class A Common Stock,$19.65,0.13,0.666%,1705481507.00,United States,2020,1400260,Finance,Finance: Consumer Services
PXLW,Pixelworks Inc.  Common Stock,$0.7491,0.0116,1.573%,45607066.00,United States,2000,308392,Technology,Semiconductors
PXS,Pyxis Tankers Inc. Common Stock,$3.28,-0.02,-0.606%,34579554.00,Greece,,7607,Consumer Discretionary,Marine Transportation
PXSAW,Pyxis Tankers Inc. Warrant,$0.0303,-0.0051,-14.407%,319439.00,Greece,,47899,Consumer Discretionary,Marine Transportation
PYCR,Paycor HCM Inc. Common Stock,$22.39,0.01,0.045%,4069873916.00,United States,2021,1831063,Technology,Computer Software: Prepackaged Software
PYPD,PolyPid Ltd. Ordinary Shares,$2.81,-0.0401,-1.407%,28636440.00,Israel,2020,3531,Health Care,Biotechnology: Pharmaceutical Preparations
PYPL,PayPal Holdings Inc. Common Stock,$70.19,0.52,0.746%,69434927706.00,United States,,14603808,Consumer Discretionary,Business Services
PYXS,Pyxis Oncology Inc. Common Stock,$1.21,0.09,8.036%,74524402.00,United States,2021,915226,Health Care,Biotechnology: Pharmaceutical Preparations
PZZA,Papa John's International Inc. Common Stock,$44.72,-0.73,-1.606%,1460601619.00,United States,1993,937485,Consumer Discretionary,Restaurants
QCOM,QUALCOMM Incorporated Common Stock,$156.82,-1.13,-0.715%,173442920000.00,United States,1991,10949252,Technology,Radio And Television Broadcasting And Communications Equipment
QCRH,QCR Holdings Inc. Common Stock,$71.77,-0.91,-1.252%,1212996899.00,United States,,145726,Finance,Major Banks
QDEL,QuidelOrtho Corporation Common Stock,$35.93,0.77,2.19%,2423354326.00,United States,,1330332,Health Care,Biotechnology: In Vitro & In Vivo Diagnostic Substances
QETA,Quetta Acquisition Corporation Common Stock,$10.77,0.02,0.186%,0.00,United States,2023,737,Finance,Blank Checks
QFIN,Qifu Technology Inc. American Depositary Shares,$44.89,-1.13,-2.455%,6969373383.00,China,2018,2008347,Finance,Finance: Consumer Services
QH,Quhuo Limited American Depository Shares,$1.51,0.0038,0.252%,9313108.00,China,2020,39432,Consumer Discretionary,Business Services
QIPT,Quipt Home Medical Corp. Common Shares,$2.37,0.065,2.82%,102126317.00,United States,,488715,Health Care,Misc Health and Biotechnology Services
QLGN,Qualigen Therapeutics Inc. Common Stock,$3.22,0.08,2.548%,2371308.00,United States,2015,7136,Health Care,Biotechnology: Pharmaceutical Preparations
QLYS,Qualys Inc. Common Stock,$127.915,-0.945,-0.733%,4666041414.00,United States,2012,832958,Technology,Computer Software: Prepackaged Software
QMCO,Quantum Corporation Common Stock,$16.72,0.27,1.641%,97547807.00,United States,,2638270,Technology,Electronic Components
QMMM,QMMM Holdings Limited Ordinary Shares,$1.26,-0.06,-4.545%,21679991.00,Hong Kong,2024,367936,Consumer Discretionary,Advertising
QNCX,Quince Therapeutics Inc. Common Stock,$1.38,0.01,0.73%,60722267.00,United States,2019,98446,Health Care,Biotechnology: Biological Products (No Diagnostic Substances)
QNRX,Quoin Pharmaceuticals Ltd. American Depositary Shares,$0.30,0.01,3.448%,6175749.00,Israel,2016,236352,Health Care,Medical/Dental Instruments
QNST,QuinStreet Inc. Common Stock,$18.58,0.32,1.752%,1049186588.00,United States,2010,736900,Consumer Discretionary,Business Services
QNTM,Quantum Biopharma Ltd. Class B Subordinate Voting Shares,$5.66,-1.09,-16.148%,7360717.00,Canada,,232242,Health Care,Biotechnology: Pharmaceutical Preparations
QQQX,Nuveen NASDAQ 100 Dynamic Overwrite Fund Shares of Beneficial Interest,$23.98,-0.08,-0.333%,0.00,United States,,84557,Finance,Finance Companies
QRHC,Quest Resource Holding Corporation Common Stock,$2.82,-0.12,-4.082%,58110034.00,United States,,117208,Utilities,Environmental Services
QRVO,Qorvo Inc. Common Stock,$71.80,-0.56,-0.774%,6705892538.00,United States,,11976373,Technology,Semiconductors
QSEAU,Quartzsea Acquisition Corporation Units,$10.05,-0.01,-0.099%,0.00,United States,2025,122772,Finance,Blank Checks
QSG,QuantaSing Group Limited American Depositary Shares,$2.74,0.12,4.58%,140049628.00,China,2023,134403,Real Estate,Other Consumer Services
QSI,Quantum-Si Incorporated Class A Common Stock,$1.455,0.045,3.191%,266468125.00,United States,2020,8654396,Industrials,Industrial Machinery/Components
QSIAW,Quantum-Si Incorporated Warrant,$0.43,-0.0195,-4.338%,78750030.00,United States,2020,12252,Industrials,Industrial Machinery/Components
QTRX,Quanterix Corporation Common Stock,$7.22,-0.02,-0.276%,279964222.00,United States,2017,705141,Industrials,Biotechnology: Laboratory Analytical Instruments
QTTB,Q32 Bio Inc. Common Stock,$2.07,-0.01,-0.481%,25249063.00,United States,2018,75488,Health Care,Biotechnology: Pharmaceutical Preparations
QUBT,Quantum Computing Inc. Common Stock,$7.39,0.00,0.00%,732249058.00,United States,,28250031,Technology,Computer Software: Prepackaged Software
QUIK,QuickLogic Corporation Common Stock,$5.62,-0.06,-1.056%,82653745.00,United States,1999,211903,Technology,Semiconductors
QURE,uniQure N.V. Ordinary Shares,$13.70,-0.23,-1.651%,740853256.00,Netherlands,2014,3002488,Health Care,Biotechnology: Pharmaceutical Preparations
QVCGA,QVC Group Inc. Series A Common Stock,$0.1963,0.0251,14.661%,78241715.00,United States,,11920434,Consumer Discretionary,Catalog/Specialty Distribution
QVCGB,QVC Group Inc. Series B Common Stock,$6.62,0.49,7.993%,2638615144.00,United States,,37287,Consumer Discretionary,Catalog/Specialty Distribution
QVCGP,QVC Group Inc. 8.0% Fixed Rate Cumulative Redeemable Preferred Stock,$28.22,-0.02,-0.071%,11247993861.00,United States,,34714,Consumer Discretionary,Catalog/Specialty Distribution
RADX,Radiopharm Theranostics Limited American Depositary Shares,$5.70,-0.12,-2.062%,12385876309.00,Australia,,48336,,
RAIL,FreightCar America Inc. Common Stock,$6.24,-0.19,-2.955%,118936877.00,United States,2005,186898,Industrials,Railroads
RAIN,Rain Enhancement Technologies Holdco Inc. Class A Common Stock,$2.14,0.04,1.905%,14180413.00,United States,,27476,Technology,Industrial Machinery/Components
RAINW,Rain Enhancement Technologies Holdco Inc. Warrants,$0.1255,0.0225,21.845%,831608.00,United States,,23753,Technology,Industrial Machinery/Components
RAND,Rand Capital Corporation Common Stock,$19.9189,0.4689,2.411%,59155428.00,United States,,8189,Finance,Finance: Consumer Services
RANGU,Range Capital Acquisition Corp. Units,$10.1987,-0.0313,-0.306%,0.00,United States,2024,4955,,
RANI,Rani Therapeutics Holdings Inc. Class A Common Stock,$1.55,0.05,3.333%,88797457.00,United States,2021,82026,Health Care,Biotechnology: Pharmaceutical Preparations
RAPP,Rapport Therapeutics Inc. Common Stock,$9.72,-0.40,-3.953%,354745368.00,United States,2024,1486025,Health Care,Biotechnology: Pharmaceutical Preparations
RAPT,RAPT Therapeutics Inc. Common Stock,$1.31,0.11,9.167%,172928945.00,United States,2019,4667642,Health Care,Biotechnology: Pharmaceutical Preparations
RARE,Ultragenyx Pharmaceutical Inc. Common Stock,$39.18,0.29,0.746%,3624194117.00,United States,2014,934971,Health Care,Biotechnology: Pharmaceutical Preparations
RAVE,Rave Restaurant Group Inc. Common Stock,$2.75,-0.02,-0.722%,40456807.00,United States,,8755,Consumer Discretionary,Food Distributors
RAY,Raytech Holding Limited Ordinary Shares,$1.14,0.07,6.542%,20078915.00,Hong Kong,2024,207315,Consumer Discretionary,Consumer Electronics/Appliances
RAYA,Erayak Power Solution Group Inc. Class A Ordinary Shares,$1.21,0.00,0.00%,15064500.00,China,2022,646,Consumer Discretionary,Metal Fabrications
RBB,RBB Bancorp Common Stock,$16.65,-0.42,-2.46%,295206515.00,United States,2017,109382,Finance,Major Banks
RBBN,Ribbon Communications Inc. Common Stock,$4.01,0.00,0.00%,704653577.00,United States,,671410,Technology,EDP Services
RBCAA,Republic Bancorp Inc. Class A Common Stock,$63.87,-0.579,-0.898%,1244859704.00,United States,1998,64326,Finance,Major Banks
RBKB,Rhinebeck Bancorp Inc. Common Stock,$10.49,0.08,0.768%,116308997.00,United States,2019,1999,Finance,Banks
RCAT,Red Cat Holdings Inc. Common Stock,$5.42,0.19,3.633%,434471438.00,United States,,2991114,Technology,Computer Software: Prepackaged Software
RCEL,Avita Medical Inc. Common Stock,$8.96,-0.32,-3.448%,236163576.00,United States,,249780,Health Care,Medical/Dental Instruments
RCKT,Rocket Pharmaceuticals Inc. Common Stock,$8.43,0.11,1.322%,898888379.00,United States,2015,3252073,Health Care,Biotechnology: Pharmaceutical Preparations
RCKTW,Rocket Pharmaceuticals Inc. Warrant,$0.0462,0.0003,0.654%,4926292.00,United States,,20961,Health Care,Biotechnology: Pharmaceutical Preparations
RCKY,Rocky Brands Inc. Common Stock,$17.85,-0.27,-1.49%,133204768.00,United States,1993,56299,Consumer Discretionary,Shoe Manufacturing
RCMT,RCM Technologies Inc. Common Stock,$15.14,-0.23,-1.496%,114891056.00,United States,,71410,Consumer Discretionary,Professional Services
RCON,Recon Technology Ltd. Class A Ordinary Shares,$1.66,0.02,1.22%,25046012.00,China,2009,7331,Energy,Oilfield Services/Equipment
RCT,RedCloud Holdings plc Ordinary Shares,$4.50,0.00,0.00%,294149291.00,United Kingdom,2025,1038084,Consumer Discretionary,Other Specialty Stores
RDAC,Rising Dragon Acquisition Corp. Ordinary Shares,$10.20,0.00,0.00%,0.00,China,2024,1,,
RDCM,Radcom Ltd. Ordinary Shares,$12.18,-0.16,-1.297%,186448176.00,Israel,1997,46726,Technology,Computer peripheral equipment
RDFN,Redfin Corporation Common Stock,$11.04,-0.15,-1.34%,1395337762.00,United States,2017,5015268,Finance,Real Estate
RDGT,Ridgetech Inc. Ordinary Shares,$0.9368,0.0442,4.952%,6233539.00,China,,28607,Consumer Staples,Retail-Drug Stores and Proprietary Stores
RDHL,Redhill Biopharma Ltd. American Depositary Shares,$2.99,0.19,6.786%,3828812.00,Israel,,108582,Health Care,Biotechnology: Pharmaceutical Preparations
RDI,Reading International Inc Class A Common Stock,$1.40,-0.07,-4.762%,31396658.00,United States,,16233,Consumer Discretionary,Movies/Entertainment
RDIB,Reading International Inc Class B Common Stock,$8.29,-1.02,-10.956%,185913065.00,United States,,6929,Consumer Discretionary,Movies/Entertainment
RDNT,RadNet Inc. Common Stock,$49.25,-0.46,-0.925%,3646554464.00,United States,,1320014,Health Care,Medical Specialities
RDUS,Radius Recycling Inc. Class A Common Stock,$29.05,0.06,0.207%,817913905.00,United States,,2139535,Consumer Discretionary,Industrial Specialties
RDVT,Red Violet Inc. Common Stock ,$38.64,0.05,0.13%,538588393.00,United States,,79676,Technology,Computer Software: Prepackaged Software
RDWR,Radware Ltd. Ordinary Shares,$22.99,0.37,1.636%,958657159.00,Israel,1999,830455,Consumer Discretionary,Business Services
RDZN,Roadzen Inc. Ordinary Shares,$1.14,0.02,1.786%,84577724.00,United States,2022,412184,Finance,Specialty Insurers
RDZNW,Roadzen Inc. Warrants,$0.059,-0.008,-11.94%,4377268.00,United States,2022,1000,Finance,Specialty Insurers
REAL,The RealReal Inc. Common Stock,$6.23,-0.07,-1.111%,693066368.00,United States,2019,3951656,Consumer Discretionary,Other Specialty Stores
REAX,The Real Brokerage Inc. Common Shares,$4.47,0.06,1.361%,883888860.00,Canada,,947689,Finance,Real Estate
REBN,Reborn Coffee Inc. Common Stock,$4.34,-0.40,-8.439%,15938928.00,United States,2022,116304,Consumer Discretionary,Restaurants
RECT,Rectitude Holdings Ltd Ordinary Shares,$3.98,0.15,3.916%,57710000.00,Singapore,2024,4600,Consumer Discretionary,Industrial Machinery/Components
REE,REE Automotive Ltd. Class A Ordinary Shares,$3.87,-0.13,-3.25%,43471052.00,Israel,,140043,Consumer Discretionary,Auto Manufacturing
REFI,Chicago Atlantic Real Estate Finance Inc. Common Stock,$15.39,-0.01,-0.065%,321555351.00,United States,2021,139126,Real Estate,Real Estate Investment Trusts
REFR,Research Frontiers Incorporated Common Stock,$1.21,-0.04,-3.20%,40714347.00,United States,,42491,Miscellaneous,Multi-Sector Companies
REG,Regency Centers Corporation Common Stock,$71.50,-0.54,-0.75%,12967614446.00,United States,1993,1509093,Real Estate,Real Estate Investment Trusts
REGCO,Regency Centers Corporation 5.875% Series B Cumulative Redeemable Preferred Stock,$22.91,-0.04,-0.174%,4155077580.00,United States,,118,Real Estate,Real Estate Investment Trusts
REGCP,Regency Centers Corporation 6.25% Series A Cumulative Redeemable Preferred Stock,$23.85,0.00,0.00%,4325560902.00,United States,,87,Real Estate,Real Estate Investment Trusts
REGN,Regeneron Pharmaceuticals Inc. Common Stock,$658.48,-4.14,-0.625%,71988116603.00,United States,1991,1869340,Health Care,Biotechnology: Pharmaceutical Preparations
REKR,Rekor Systems Inc. Common Stock,$1.00,-0.01,-0.99%,93825324.00,United States,,3018200,Telecommunications,Telecommunications Equipment
RELI,Reliance Global Group Inc. Common Stock,$1.34,-0.01,-0.741%,3845624.00,United States,,34591,Finance,Specialty Insurers
RELL,Richardson Electronics Ltd. Common Stock,$12.04,-0.42,-3.371%,173479640.00,United States,1983,106804,Technology,Electronic Components
RELY,Remitly Global Inc. Common Stock,$20.33,-0.25,-1.215%,4078348035.00,United States,2021,1810015,Consumer Discretionary,Business Services
RENB,Renovaro Inc. Common Stock,$0.7005,0.0088,1.272%,111181615.00,United States,,1650185,Health Care,Biotechnology: Pharmaceutical Preparations
RENE,Cartesian Growth Corporation II Class A Ordinary Shares,$11.83,0.00,0.00%,0.00,United States,2022,60,Finance,Blank Checks
RENEW,Cartesian Growth Corporation II Warrant,$0.0505,0.00,0.00%,0.00,United States,2022,80,Finance,Blank Checks
RENT,Rent the Runway Inc. Class A Common Stock,$5.14,-1.41,-21.527%,19954585.00,United States,2021,183922,Consumer Discretionary,Other Specialty Stores
REPL,Replimune Group Inc. Common Stock,$10.82,-0.78,-6.724%,833299930.00,United States,2018,2998876,Health Care,Biotechnology: Biological Products (No Diagnostic Substances)
RETO,ReTo Eco-Solutions Inc. Class A Shares,$5.07,0.07,1.40%,9811788.00,China,2017,33524,Industrials,Industrial Machinery/Components
REVB,Revelation Biosciences Inc. Common Stock,$2.84,-0.07,-2.405%,2570848.00,United States,2020,16965,Health Care,Biotechnology: Pharmaceutical Preparations
REVBW,Revelation Biosciences Inc. Warrant,$0.0127,-0.0001,-0.781%,11496.00,United States,2020,28274,Health Care,Biotechnology: Pharmaceutical Preparations
REYN,Reynolds Consumer Products Inc. Common Stock,$23.67,0.03,0.127%,4974751665.00,United States,2020,1496812,Consumer Discretionary,Containers/Packaging
RFAI,RF Acquisition Corp II Ordinary Shares,$10.37,-0.03,-0.288%,0.00,Singapore,2024,1419,,
RFIL,RF Industries Ltd. Common Stock,$4.97,0.305,6.538%,53029289.00,United States,,145086,Technology,Electrical Products
RGC,Regencell Bioscience Holdings Limited Ordinary Shares,$58.63,13.63,30.289%,762944334.00,Hong Kong,2021,969488,Health Care, Medicinal Chemicals and Botanical Products 
RGCO,RGC Resources Inc. Common Stock,$21.45,0.77,3.723%,220869899.00,United States,,49860,Utilities,Oil & Gas Production
RGEN,Repligen Corporation Common Stock,$140.02,0.68,0.488%,7861920811.00,United States,1986,623146,Health Care,Biotechnology: Biological Products (No Diagnostic Substances)
RGLD,Royal Gold Inc. Common Stock,$157.01,1.72,1.108%,10324760298.00,United States,,1404866,Industrials,Precious Metals
RGLS,Regulus Therapeutics Inc. Common Stock,$1.37,0.01,0.735%,90753436.00,United States,2012,264580,Health Care,Biotechnology: Pharmaceutical Preparations
RGNX,REGENXBIO Inc. Common Stock,$8.24,-0.12,-1.435%,412709777.00,United States,2015,2493912,Health Care,Biotechnology: Biological Products (No Diagnostic Substances)
RGP,Resources Connection Inc. Common Stock,$6.77,-0.08,-1.168%,224026794.00,United States,,521092,Consumer Discretionary,Business Services
RGS,Regis Corporation Common Stock,$17.70,-0.51,-2.801%,43116828.00,United States,1991,22603,Consumer Discretionary,Other Consumer Services
RGTI,Rigetti Computing Inc. Common Stock,$9.07,0.08,0.89%,2592460386.00,United States,,58440004,Technology,EDP Services
RGTIW,Rigetti Computing Inc. Warrants,$2.97,-0.02,-0.669%,848909300.00,United States,,187749,Technology,EDP Services
RHLD,Resolute Holdings Management Common Stock ,$35.39,0.16,0.454%,300334227.00,United States,,67603,Finance,Finance: Consumer Services
RIBB,Ribbon Acquisition Corp Class A Ordinary Shares,$9.975,0.005,0.05%,0.00,Japan,2025,5176,,
RIBBR,Ribbon Acquisition Corp Rights,$0.17,0.00,0.00%,0.00,Japan,2025,7900,,
RIBBU,Ribbon Acquisition Corp Unit,$10.19,0.02,0.197%,0.00,Japan,2025,200,,
RICK,RCI Hospitality Holdings Inc. Common Stock,$45.14,-0.45,-0.987%,400250738.00,United States,1995,72605,Consumer Discretionary,Restaurants
RIGL,Rigel Pharmaceuticals Inc. Common Stock,$20.20,-0.17,-0.835%,360831752.00,United States,2000,674225,Health Care,Biotechnology: Pharmaceutical Preparations
RILY,B. Riley Financial Inc. Common Stock,$4.11,-0.16,-3.747%,125342941.00,United States,,954293,Finance,Investment Managers
RILYG,B. Riley Financial Inc. 5.00% Senior Notes due 2026,$12.54,0.03,0.24%,382433208.00,United States,,10689,Finance,Investment Managers
RILYK,B. Riley Financial Inc. 5.50% Senior Notes Due 2026,$20.69,-0.7601,-3.544%,630984296.00,United States,,16975,Finance,Investment Managers
RILYL,B. Riley Financial Inc. Depositary Shares each representing 1/1000th in a share of 7.375% Series B Cumulative Perpetual Preferred Stock par value $0.0001,$4.2001,0.0201,0.481%,128090727.00,United States,,10362,Finance,Investment Managers
RILYN,B. Riley Financial Inc. 6.50% Senior Notes Due 2026,$13.39,-0.08,-0.594%,408355714.00,United States,,6768,Finance,Investment Managers
RILYP,B. Riley Financial Inc. Depositary Shares each representing a 1/1000th fractional interest in a share of Series A Cumulative Perpetual Preferred Stock,$3.95,0.05,1.282%,120463411.00,United States,,3853,Finance,Investment Managers
RILYT,B. Riley Financial Inc. 6.00% Senior Notes Due 2028,$10.03,-0.02,-0.199%,305885572.00,United States,,74662,Finance,Investment Managers
RILYZ,B. Riley Financial Inc. 5.25% Senior Notes due 2028,$9.90,-0.05,-0.503%,301920953.00,United States,,171892,Finance,Investment Managers
RIME,Algorhythm Holdings Inc. Common Stock,$2.21,-0.09,-3.913%,5263776.00,United States,,114596,Consumer Staples,Diversified Electronic Products
RIOT,Riot Platforms Inc. Common Stock ,$7.95,0.19,2.448%,2784149911.00,United States,,25519356,Finance,Finance: Consumer Services
RITR,Reitar Logtech Holdings Limited Ordinary shares,$3.20,-0.10,-3.03%,262800000.00,Hong Kong,2024,15701,Finance,Real Estate
RIVN,Rivian Automotive Inc. Class A Common Stock,$11.60,0.72,6.618%,13116287794.00,United States,2021,36684645,Consumer Discretionary,Auto Manufacturing
RKDA,Arcadia Biosciences Inc. Common Stock,$3.15,-0.15,-4.545%,4299561.00,United States,2015,3067,Consumer Staples,Farming/Seeds/Milling
RKLB,Rocket Lab USA Inc. Common Stock,$18.94,0.41,2.213%,8590144099.00,United States,2020,16743564,Industrials,Military/Government/Technical
RLAY,Relay Therapeutics Inc. Common Stock,$3.06,-0.19,-5.846%,518736858.00,United States,2020,3426818,Health Care,Biotechnology: Biological Products (No Diagnostic Substances)
RLMD,Relmada Therapeutics Inc. Common Stock,$0.2963,-0.0062,-2.05%,8940616.00,United States,,155881,Health Care,Biotechnology: Pharmaceutical Preparations
RLYB,Rallybio Corporation Common Stock,$0.67,-0.03,-4.286%,27880066.00,United States,2021,35467,Health Care,Biotechnology: Pharmaceutical Preparations
RMBI,Richmond Mutual Bancorporation Inc. Common Stock,$12.85,-0.01,-0.078%,140175382.00,United States,2019,27681,Finance,Major Banks
RMBL,RumbleOn Inc. Class B Common Stock,$3.33,-0.13,-3.757%,125833371.00,United States,,177002,Technology,EDP Services
RMBS,Rambus Inc. Common Stock,$56.72,-0.10,-0.176%,6060892342.00,United States,1997,1223144,Technology,Semiconductors
RMCF,Rocky Mountain Chocolate Factory Inc. Common Stock,$1.24,-0.01,-0.80%,9532254.00,United States,,22850,Consumer Staples,Specialty Foods
RMCO,Royalty Management Holding Corporation Class A Common Stock,$1.15,0.1103,10.609%,17172856.00,United States,2023,38003,Miscellaneous,Multi-Sector Companies
RMNI,Rimini Street Inc. (DE) Common Stock,$3.89,-0.105,-2.628%,355141440.00,United States,2015,719842,Consumer Discretionary,Business Services
RMR,The RMR Group Inc. Class A Common Stock,$16.89,-0.16,-0.938%,537856780.00,United States,,294348,Consumer Discretionary,Professional Services
RMSG,Real Messenger Corporation Ordinary Shares,$2.21,0.09,4.245%,20600069.00,United States,,3602,Technology,Computer Software: Programming Data Processing
RMSGW,Real Messenger Corporation Warrants,$0.04,0.0069,20.846%,372852.00,United States,,2520,Technology,Computer Software: Programming Data Processing
RMTI,Rockwell Medical Inc. Common Stock,$1.35,-0.05,-3.571%,43630388.00,United States,1998,656386,Health Care,Biotechnology: Pharmaceutical Preparations
RNA,Avidity Biosciences Inc. Common Stock,$30.84,0.01,0.032%,3707347363.00,United States,2020,1849469,Health Care,Biotechnology: Pharmaceutical Preparations
RNAC,Cartesian Therapeutics Inc. Common Stock,$16.05,0.12,0.753%,415808971.00,United States,2016,125425,Health Care,Biotechnology: Pharmaceutical Preparations
RNAZ,TransCode Therapeutics Inc. Common Stock,$1.12,0.35,45.455%,779781.00,United States,2021,216222049,Health Care,Biotechnology: Pharmaceutical Preparations
RNTX,Rein Therapeutics Inc. Common Stock,$1.91,-0.02,-1.036%,41381947.00,United States,2017,7122,Health Care,Biotechnology: Pharmaceutical Preparations
RNW,ReNew Energy Global plc Class A Ordinary Shares,$6.18,-0.06,-0.962%,3019137938.00,United Kingdom,,826246,Utilities,Electric Utilities: Central
RNXT,RenovoRx Inc. Common Stock,$0.96,-0.0318,-3.206%,23041285.00,United States,2021,201927,Health Care,Biotechnology: Pharmaceutical Preparations
ROAD,Construction Partners Inc. Class A Common Stock,$73.83,-2.33,-3.059%,4130744350.00,United States,2018,932278,Industrials,Military/Government/Technical
ROCK,Gibraltar Industries Inc. Common Stock,$60.89,-3.255,-5.074%,1848366854.00,United States,1993,1244355,Industrials,Steel/Iron Ore
ROIV,Roivant Sciences Ltd. Common Shares,$10.79,-0.18,-1.641%,7699198652.00,United Kingdom,,15739844,Health Care,Biotechnology: Pharmaceutical Preparations
ROKU,Roku Inc. Class A Common Stock,$78.29,4.47,6.055%,11425991460.00,United States,2017,5833409,Telecommunications,Cable & Other Pay Television Services
ROMA,Roma Green Finance Limited Ordinary Shares,$0.77,0.0096,1.262%,11981200.00,Hong Kong,2024,14352,Consumer Discretionary,Professional Services
ROOT,Root Inc. Class A Common Stock,$160.26,7.62,4.992%,2435952000.00,United States,2020,914538,Finance,Property-Casualty Insurers
ROP,Roper Technologies Inc. Common Stock,$572.18,-3.27,-0.568%,61443667741.00,United States,1992,879815,Industrials,Industrial Machinery/Components
ROST,Ross Stores Inc. Common Stock,$123.54,-1.06,-0.851%,40759452997.00,United States,1985,6659868,Consumer Discretionary,Clothing/Shoe/Accessory Stores
RPAY,Repay Holdings Corporation Class A Common Stock,$5.74,-0.04,-0.692%,528702319.00,United States,2018,759631,Consumer Discretionary,Business Services
RPD,Rapid7 Inc. Common Stock,$28.29,-0.06,-0.212%,1809678851.00,United States,2015,2233037,Technology,Computer Software: Prepackaged Software
RPID,Rapid Micro Biosystems Inc. Class A Common Stock,$2.59,0.14,5.714%,111983027.00,United States,2021,277678,Industrials,Biotechnology: Laboratory Analytical Instruments
RPRX,Royalty Pharma plc Class A Ordinary Shares ,$33.70,0.20,0.597%,19426471728.00,United States,2020,7065502,Health Care,Biotechnology: Pharmaceutical Preparations
RPTX,Repare Therapeutics Inc. Common Shares,$1.12,0.00,0.00%,47611993.00,Canada,2020,176094,Health Care,Biotechnology: Pharmaceutical Preparations
RR,Richtech Robotics Inc. Class B Common Stock,$2.26,0.12,5.607%,258778545.00,United States,2023,11642958,Industrials,Industrial Machinery/Components
RRBI,Red River Bancshares Inc. Common Stock,$50.94,-1.13,-2.17%,345253848.00,United States,2019,17374,Consumer Discretionary,Hotels/Resorts
RRGB,Red Robin Gourmet Burgers Inc. Common Stock,$4.12,-0.21,-4.85%,71966071.00,United States,2002,354495,Consumer Discretionary,Restaurants
RRR,Red Rock Resorts Inc. Class A Common Stock,$44.25,-0.68,-1.513%,4692450540.00,United States,2016,693404,Consumer Discretionary,Hotels/Resorts
RSLS,ReShape Lifesciences Inc. Common Stock,$0.664,-0.032,-4.598%,473220.00,United States,2016,127925,Health Care,Medical/Dental Instruments
RSSS,Research Solutions Inc Common Stock,$2.79,-0.06,-2.105%,91084647.00,United States,,88145,Consumer Discretionary,Business Services
RSVR,Reservoir Media Inc. Common Stock,$7.30,-0.19,-2.537%,476197666.00,United States,2021,110715,Consumer Discretionary,Services-Misc. Amusement & Recreation
RSVRW,Reservoir Media Inc. Warrant,$0.9192,0.00,0.00%,59961766.00,United States,2021,25,Consumer Discretionary,Services-Misc. Amusement & Recreation
RTC,Baijiayun Group Ltd. Class A Ordinary Shares,$0.315,0.0151,5.035%,6494247.00,China,2006,714808,Technology,Computer Software: Prepackaged Software
RUM,Rumble Inc. Class A Common Stock,$7.74,0.00,0.00%,3014869808.00,United States,2021,4812717,Technology,Computer Software: Programming Data Processing
RUMBW,Rumble Inc. Warrant,$2.57,0.04,1.581%,1001061422.00,United States,2021,7946,Technology,Computer Software: Programming Data Processing
RUN,Sunrun Inc. Common Stock,$6.59,-0.12,-1.788%,1490721936.00,United States,2015,14128000,Miscellaneous,Industrial Machinery/Components
RUSHA,Rush Enterprises Inc. Common Stock Cl A,$53.43,-0.59,-1.092%,4234144289.00,United States,,830036,Consumer Discretionary,Retail-Auto Dealers and Gas Stations
RUSHB,Rush Enterprises Inc. Class B,$55.70,-0.24,-0.429%,4414034005.00,United States,,97114,Consumer Discretionary,Retail-Auto Dealers and Gas Stations
RVMD,Revolution Medicines Inc. Common Stock,$38.11,-0.38,-0.987%,7085156854.00,United States,2020,2499661,Health Care,Biotechnology: Biological Products (No Diagnostic Substances)
RVMDW,Revolution Medicines Inc. Warrant,$0.0977,0.0297,43.676%,18163732.00,United States,,115,,
RVPH,Reviva Pharmaceuticals Holdings Inc. Common Stock ,$1.04,-0.06,-5.455%,34778847.00,United States,2020,1159734,Health Care,Biotechnology: Pharmaceutical Preparations
RVPHW,Reviva Pharmaceuticals Holdings Inc. Warrants,$0.0499,-0.0101,-16.833%,1668716.00,United States,2018,79448,Health Care,Biotechnology: Pharmaceutical Preparations
RVSB,Riverview Bancorp Inc Common Stock,$5.40,0.01,0.186%,113271480.00,United States,,103228,Finance,Savings Institutions
RVSN,Rail Vision Ltd. Ordinary Share,$0.4729,-0.0068,-1.418%,9510475.00,Israel,2022,375739,Industrials,Railroads
RVSNW,Rail Vision Ltd. Warrant,$0.11,0.0077,7.527%,2212206.00,Israel,2022,3281,Industrials,Railroads
RVYL,Ryvyl Inc. Common Stock,$1.16,0.01,0.87%,8578406.00,United States,,20998,Consumer Discretionary,Professional Services
RWAY,Runway Growth Finance Corp. Common Stock,$10.59,-0.11,-1.028%,396061997.00,United States,2021,772032,Finance,Finance: Consumer Services
RWAYL,Runway Growth Finance Corp. 7.50% Notes due 2027,$25.01,-0.005,-0.02%,935364546.00,United States,,2953,Finance,Finance: Consumer Services
RWAYZ,Runway Growth Finance Corp. 8.00% Notes due 2027,$25.19,0.01,0.04%,942096478.00,United States,,1562,Finance,Finance: Consumer Services
RXRX,Recursion Pharmaceuticals Inc. Class A Common Stock,$6.68,0.20,3.086%,2685297669.00,United States,2021,18068479,Health Care,Biotechnology: Biological Products (No Diagnostic Substances)
RXST,RxSight Inc. Common Stock,$24.84,-0.06,-0.241%,1005785063.00,United States,2021,594203,Health Care,Ophthalmic Goods
RXT,Rackspace Technology Inc. Common Stock,$1.87,0.00,0.00%,425553815.00,United States,2020,715470,Technology,Computer Software: Programming Data Processing
RYAAY,Ryanair Holdings plc American Depositary Shares,$46.18,-0.68,-1.451%,25375786145.00,Ireland,1997,1095972,Consumer Discretionary,Air Freight/Delivery Services
RYTM,Rhythm Pharmaceuticals Inc. Common Stock,$52.04,-2.19,-4.038%,3290162753.00,United States,2017,902542,Health Care,Biotechnology: Pharmaceutical Preparations
RZLT,Rezolute Inc. Common Stock (NV),$3.05,-0.04,-1.294%,184633046.00,United States,,519252,Health Care,Biotechnology: Pharmaceutical Preparations
RZLV,Rezolve AI Limited Ordinary Shares,$1.65,0.13,8.553%,284101569.00,United Kingdom,,2070914,Technology,Computer Software: Programming Data Processing
RZLVW,Rezolve AI Limited Warrants,$0.3275,0.0275,9.167%,56389857.00,United Kingdom,,22674,Technology,Computer Software: Programming Data Processing
SABR,Sabre Corporation Common Stock,$3.50,0.07,2.041%,1351022113.00,United States,2014,7620714,Technology,Computer Software: Programming Data Processing
SABS,SAB Biotherapeutics Inc. Common Stock,$1.72,0.13,8.176%,15874351.00,United States,2021,42484,Health Care,Biotechnology: Biological Products (No Diagnostic Substances)
SABSW,SAB Biotherapeutics Inc. Warrant,$0.025,-0.0001,-0.398%,230732.00,United States,2021,2101,Health Care,Biotechnology: Biological Products (No Diagnostic Substances)
SAFT,Safety Insurance Group Inc. Common Stock,$76.52,-0.61,-0.791%,1135404296.00,United States,2002,219045,Finance,Property-Casualty Insurers
SAG,SAG Holdings Limited Ordinary Shares,$0.8459,-0.3241,-27.701%,8353263.00,Singapore,2024,2340433,Consumer Discretionary,Motor Vehicles
SAGE,Sage Therapeutics Inc. Common Stock,$8.10,0.09,1.124%,497995671.00,United States,2014,1038579,Health Care,Biotechnology: Pharmaceutical Preparations
SAGT,SAGTEC GLOBAL LIMITED Ordinary shares,$2.85,-0.20,-6.557%,35767500.00,Malaysia,2025,65666,Technology,Computer Software: Prepackaged Software
SAIA,Saia Inc. Common Stock,$362.90,10.62,3.015%,9663510956.00,United States,,539211,Industrials,Trucking Freight/Courier Services
SAIC,Science Applications International Corporation Common Stock,$105.90,-0.08,-0.075%,5055369798.00,United States,,1180460,Technology,EDP Services
SAIH,SAIHEAT Limited Class A Ordinary Shares,$5.63,-0.23,-3.925%,9546403.00,Singapore,2021,10651,Technology,EDP Services
SAIHW,SAIHEAT Limited Warrant,$0.1235,0.0149,13.72%,209410.00,Singapore,2021,32488,Technology,EDP Services
SAIL,SailPoint Inc. Common Stock,$20.25,0.37,1.861%,11067849396.00,United States,2025,4988810,Technology,Computer Software: Prepackaged Software
SAMG,Silvercrest Asset Management Group Inc. Class A Common Stock,$16.28,-0.37,-2.222%,221962383.00,United States,2013,112142,Finance,Investment Managers
SANA,Sana Biotechnology Inc. Common Stock,$2.31,0.05,2.212%,519807517.00,United States,2021,4938352,Health Care,Biotechnology: Biological Products (No Diagnostic Substances)
SANG,Sangoma Technologies Corporation Common Shares,$4.75,0.12,2.592%,159303999.00,Canada,,4219,Technology,Computer Software: Programming Data Processing
SANM,Sanmina Corporation Common Stock,$78.31,-0.01,-0.013%,4254215731.00,United States,1993,770972,Technology,Electrical Products
SANW,S&W Seed Company Common Stock (NV),$8.13,0.46,5.997%,17439923.00,United States,,7236,Consumer Staples,Farming/Seeds/Milling
SASR,Sandy Spring Bancorp Inc. Common Stock,$28.82,-0.23,-0.792%,1300946818.00,United States,,559598,Finance,Major Banks
SATL,Satellogic Inc. Class A Ordinary Shares,$3.79,-0.21,-5.25%,342252103.00,Uruguay,,508273,Technology,Radio And Television Broadcasting And Communications Equipment
SATLW,Satellogic Inc. Warrant,$0.53,0.03,6.00%,47861112.00,Uruguay,,1243,Technology,Radio And Television Broadcasting And Communications Equipment
SATS,EchoStar  Corporation Common Stock,$26.46,-0.04,-0.151%,7579275853.00,United States,,23901948,Consumer Discretionary,Telecommunications Equipment
SAVA,Cassava Sciences Inc. Common Stock,$2.84,0.08,2.899%,137194425.00,United States,,1661889,Health Care,Biotechnology: Pharmaceutical Preparations
SBAC,SBA Communications Corporation Class A Common Stock,$221.64,0.67,0.303%,23851842015.00,United States,1999,1208709,Real Estate,Real Estate Investment Trusts
SBC,SBC Medical Group Holdings Incorporated Common Stock,$3.74,0.04,1.081%,385297852.00,United States,2022,10716,Health Care,Medical/Nursing Services
SBCF,Seacoast Banking Corporation of Florida Common Stock,$25.96,-0.12,-0.46%,2222491051.00,United States,,1159249,Finance,Major Banks
SBET,SharpLink Gaming Inc. Common Stock,$0.2985,-0.0125,-4.019%,2060562.00,Israel,,158060,Technology,Computer Software: Prepackaged Software
SBFG,SB Financial Group Inc. Common Stock,$20.99,0.21,1.011%,137167929.00,United States,,22408,Finance,Major Banks
SBFM,Sunshine Biopharma Inc. Common Stock,$2.28,0.05,2.242%,6175017.00,Canada,,35602,Health Care,Biotechnology: Pharmaceutical Preparations
SBFMW,Sunshine Biopharma Inc. Warrant,$0.245,0.065,36.111%,663544.00,Canada,,7208,Health Care,Biotechnology: Pharmaceutical Preparations
SBGI,Sinclair Inc. Class A Common Stock,$16.96,0.20,1.193%,1127319837.00,United States,1995,1388870,Industrials,Broadcasting
SBLK,Star Bulk Carriers Corp. Common Shares,$16.58,-0.57,-3.324%,1941974464.00,Greece,,3086505,Consumer Discretionary,Marine Transportation
SBRA,Sabra Health Care REIT Inc. Common Stock,$17.26,-0.07,-0.404%,4106343394.00,United States,,3671077,Real Estate,Real Estate Investment Trusts
SBT,Sterling Bancorp Inc. Common Stock,$4.80,-0.07,-1.437%,251034806.00,United States,2017,428317,Finance,Savings Institutions
SBUX,Starbucks Corporation Common Stock,$97.07,-2.21,-2.226%,110261813000.00,United States,1992,11366025,Consumer Discretionary,Restaurants
SCHL,Scholastic Corporation Common Stock,$21.22,2.42,12.872%,596306318.00,United States,1992,2291359,Consumer Discretionary,Books
SCKT,Socket Mobile Inc. Common Stock,$1.20,0.05,4.348%,9126324.00,United States,,14947,Technology,Computer Manufacturing
SCLX,Scilex Holding Company Common Stock,$0.2801,-0.0002,-0.071%,68151939.00,United States,2021,1589096,Health Care,Biotechnology: Biological Products (No Diagnostic Substances)
SCLXW,Scilex Holding Company Warrant,$0.11,0.015,15.789%,26764417.00,United States,2021,652,Health Care,Biotechnology: Biological Products (No Diagnostic Substances)
SCNI,Scinai Immunotherapeutics Ltd. American Depositary Shares,$3.40,0.00,0.00%,2846854.00,Israel,2015,5393,Health Care,Biotechnology: Biological Products (No Diagnostic Substances)
SCNX,Scienture Holdings Inc. Common Stock,$2.01,0.32,18.935%,17239358.00,United States,,2602686,Health Care,Other Pharmaceuticals
SCOR,comScore Inc. Common Stock,$7.24,-0.02,-0.275%,35570677.00,United States,2018,4805,Consumer Discretionary,Business Services
SCPH,scPharmaceuticals Inc. Common Stock,$3.00,-0.01,-0.332%,150851775.00,United States,2017,571835,Health Care,Biotechnology: Pharmaceutical Preparations
SCSC,ScanSource Inc. Common Stock,$35.33,-1.32,-3.602%,828966974.00,United States,,2271758,Technology,Retail: Computer Software & Peripheral Equipment
SCVL,Shoe Carnival Inc. Common Stock,$21.52,-0.92,-4.10%,584800943.00,United States,1993,1109926,Consumer Discretionary,Clothing/Shoe/Accessory Stores
SCWO,374Water Inc. Common Stock,$0.34,-0.0001,-0.029%,45277137.00,United States,,312146,Consumer Discretionary,Metal Fabrications
SCYX,SCYNEXIS Inc. Common Stock,$1.04,0.00,0.00%,40540307.00,United States,2014,88763,Health Care,Biotechnology: Pharmaceutical Preparations
SDA,SunCar Technology Group Inc. Class A Ordinary Shares,$4.69,0.27,6.109%,420716722.00,Hong Kong,2021,127546,Consumer Discretionary,Automotive Aftermarket
SDGR,Schrodinger Inc. Common Stock,$21.80,-0.48,-2.154%,1592236967.00,United States,2020,1486776,Health Care,Biotechnology: Pharmaceutical Preparations
SDOT,Sadot Group Inc. Common Stock,$2.89,-0.075,-2.53%,16951226.00,United States,2020,14941,Consumer Discretionary,Restaurants
SDST,Stardust Power Inc. Common Stock,$0.6599,-0.0099,-1.478%,31633059.00,United States,2021,237166,Industrials,Major Chemicals
SDSTW,Stardust Power Inc. Warrant,$0.088,-0.002,-2.222%,4218380.00,United States,2021,2133,Industrials,Major Chemicals
SEAT,Vivid Seats Inc. Class A Common Stock,$2.81,-0.20,-6.645%,587071438.00,United States,,2289643,Consumer Discretionary,Services-Misc. Amusement & Recreation
SEATW,Vivid Seats Inc. Warrant,$0.2875,0.0875,43.75%,60065138.00,United States,,3461,Consumer Discretionary,Services-Misc. Amusement & Recreation
SEDG,SolarEdge Technologies Inc. Common Stock,$17.03,-0.09,-0.526%,1001066299.00,Israel,2015,2660484,Technology,Semiconductors
SEED,Origin Agritech Limited Common Stock,$1.91,0.06,3.243%,13751996.00,China,,12312,Consumer Staples,Farming/Seeds/Milling
SEER,Seer Inc. Class A Common Stock,$1.88,-0.02,-1.053%,112390226.00,United States,2020,214435,Industrials,Biotechnology: Laboratory Analytical Instruments
SEIC,SEI Investments Company Common Stock,$75.84,-0.17,-0.224%,9627921976.00,United States,1981,3108947,Finance,Investment Bankers/Brokers/Service
SELF,Global Self Storage Inc. Common Stock,$5.00,-0.15,-2.913%,56324705.00,United States,,18723,Real Estate,Real Estate Investment Trusts
SELX,Semilux International Ltd. Ordinary Shares,$1.3065,0.0065,0.50%,48900145.00,Taiwan,,1686,Technology,Semiconductors
SENEA,Seneca Foods Corp. Class A Common Stock,$87.85,1.11,1.28%,604385071.00,United States,,109479,Consumer Staples,Packaged Foods
SENEB,Seneca Foods Corp. Class B Common Stock,$90.70,4.91,5.723%,623992327.00,United States,,4267,Consumer Staples,Packaged Foods
SEPN,Septerna Inc. Common Stock,$5.92,-0.23,-3.74%,262864233.00,United States,2024,325267,Health Care,Biotechnology: Pharmaceutical Preparations
SERA,Sera Prognostics Inc. Class A Common Stock,$3.79,-0.14,-3.562%,142744900.00,United States,2021,350781,Health Care,Medical Specialities
SERV,Serve Robotics Inc. Common Stock,$7.01,0.08,1.154%,398996764.00,United States,,4291139,Consumer Discretionary,Industrial Specialties
SEVN,Seven Hills Realty Trust Common Stock,$12.48,-0.27,-2.118%,185986607.00,United States,,105535,Real Estate,Real Estate Investment Trusts
SEZL,Sezzle Inc. Common Stock,$235.93,3.97,1.712%,1331183356.00,United States,,102126,Consumer Discretionary,Business Services
SFBC,Sound Financial Bancorp Inc. Common Stock,$51.30,0.49,0.964%,131639340.00,United States,,1763,Finance,Savings Institutions
SFD,Smithfield Foods Inc. Common Stock,$19.05,-0.60,-3.053%,7571788870.00,United States,2025,2041951,Consumer Staples,Meat/Poultry/Fish
SFHG,Samfine Creation Holdings Group Limited Ordinary Share,$0.74,-0.0401,-5.14%,14800000.00,Hong Kong,2024,167506,Consumer Discretionary,Publishing
SFIX,Stitch Fix Inc. Class A Common Stock,$3.66,0.14,3.977%,471396464.00,United States,2017,4151360,Consumer Discretionary,Catalog/Specialty Distribution
SFM,Sprouts Farmers Market Inc. Common Stock,$142.39,2.62,1.875%,14037572543.00,United States,2013,2133702,Consumer Staples,Food Chains
SFNC,Simmons First National Corporation Class A Common Stock,$20.39,-0.11,-0.537%,2565207116.00,United States,,2465098,Finance,Major Banks
SFST,Southern First Bancshares Inc. Common Stock,$33.23,-0.44,-1.307%,271734072.00,United States,,38152,Finance,Major Banks
SFWL,Shengfeng Development Limited Class A Ordinary Shares,$1.01,0.00,0.00%,83322488.00,China,2023,14539,Industrials,Trucking Freight/Courier Services
SGA,Saga Communications Inc. Class A Common Stock (FL),$12.60,0.03,0.239%,78894661.00,United States,,7935,Consumer Discretionary,Broadcasting
SGBX,Safe & Green Holdings Corp. Common Stock,$0.45,-0.0124,-2.682%,1976725.00,United States,2017,130677,Consumer Discretionary,RETAIL: Building Materials
SGC,Superior Group of Companies Inc. Common Stock,$10.80,-0.03,-0.277%,177958134.00,United States,,104230,Consumer Discretionary,Apparel
SGD,Safe and Green Development Corporation Common Stock,$1.50,0.14,10.294%,2230308.00,United States,,104332,Finance,Real Estate
SGHT,Sight Sciences Inc. Common Stock,$2.89,-0.05,-1.701%,148351486.00,United States,2021,308779,Health Care,Medical/Dental Instruments
SGLY,Singularity Future Technology Ltd. Common Stock,$1.68,0.9899,143.443%,7061867.00,United States,2008,30758246,Consumer Discretionary,Oil Refining/Marketing
SGMA,SigmaTron International Inc. Common Stock,$1.36,0.16,13.333%,8322232.00,United States,1994,100814,Technology,Electrical Products
SGML,Sigma Lithium Corporation Common Shares,$11.68,0.05,0.43%,1306142350.00,Canada,,774655,Basic Materials,Metal Mining
SGMO,Sangamo Therapeutics Inc. Common Stock,$0.8666,0.0275,3.277%,194733702.00,United States,2000,9513037,Health Care,Biotechnology: Biological Products (No Diagnostic Substances)
SGMT,Sagimet Biosciences Inc. Series A Common Stock,$3.99,-0.06,-1.481%,128459427.00,United States,2023,227637,Health Care,Biotechnology: Pharmaceutical Preparations
SGRP,SPAR Group Inc. Common Stock,$1.37,0.01,0.735%,32126090.00,United States,,51525,Consumer Discretionary,Business Services
SGRY,Surgery Partners Inc. Common Stock,$24.21,-0.18,-0.738%,3089512933.00,United States,2015,1232193,Health Care,Hospital/Nursing Management
SHBI,Shore Bancshares Inc Common Stock,$13.74,-0.14,-1.009%,458258733.00,United States,,344092,Finance,Major Banks
SHC,Sotera Health Company Common Stock,$11.90,-0.07,-0.585%,3373332770.00,United States,2020,1623348,Health Care,Misc Health and Biotechnology Services
SHEN,Shenandoah Telecommunications Co Common Stock,$12.78,0.33,2.651%,697851900.00,United States,,1067398,Telecommunications,Telecommunications Equipment
SHFS,SHF Holdings Inc. Class A Common Stock,$0.3061,0.0434,16.521%,17041605.00,United States,2021,401358,Finance,Finance: Consumer Services
SHFSW,SHF Holdings Inc. Warrants,$0.03,0.0015,5.263%,1670200.00,United States,2021,212076,Finance,Finance: Consumer Services
SHIM,Shimmick Corporation Common Stock,$1.76,0.09,5.389%,59482583.00,United States,2023,28313,Industrials,Military/Government/Technical
SHIP,Seanergy Maritime Holdings Corp. Common Stock,$7.07,-0.19,-2.617%,145726303.00,Greece,,259868,Consumer Discretionary,Marine Transportation
SHLS,Shoals Technologies Group Inc. Class A Common Stock,$3.31,0.00,0.00%,552752361.00,United States,2021,6925838,Technology,Semiconductors
SHLT,SHL Telemedicine Ltd American Depositary Shares,$2.50,-0.10,-3.846%,40981885.00,Israel,,565,Health Care,Medical/Nursing Services
SHMD,SCHMID Group N.V. Class A Ordinary Shares,$2.95,-0.02,-0.673%,126775843.00,Cayman Islands,,10042,Technology,Industrial Machinery/Components
SHMDW,SCHMID Group N.V. Warrants,$0.28,-0.0049,-1.72%,12032961.00,Cayman Islands,,1020,Technology,Industrial Machinery/Components
SHOO,Steven Madden Ltd. Common Stock,$25.03,-0.97,-3.731%,1811764762.00,United States,1993,4421682,Consumer Discretionary,Shoe Manufacturing
SHOT,Safety Shot Inc. Common Stock,$0.467,-0.005,-1.059%,28551613.00,United States,2020,413234,Consumer Discretionary,Package Goods/Cosmetics
SHOTW,Safety Shot Inc. Warrant,$0.1594,-0.0035,-2.149%,9745454.00,United States,2020,1961,Consumer Discretionary,Package Goods/Cosmetics
SHPH,Shuttle Pharmaceuticals Holdings Inc. Common Stock,$0.4212,0.0156,3.846%,1717050.00,United States,2022,130899,Health Care,Biotechnology: Pharmaceutical Preparations
SHYF,The Shyft Group Inc. Common Stock,$8.97,-0.52,-5.479%,313342480.00,United States,,503845,Consumer Discretionary,Auto Manufacturing
SIBN,SI-BONE Inc. Common Stock,$14.66,-0.30,-2.005%,622362681.00,United States,2018,633310,Health Care,Medical/Dental Instruments
SIDU,Sidus Space Inc. Class A Common Stock,$1.58,-0.09,-5.389%,6606524.00,United States,2021,535447,Telecommunications,Telecommunications Equipment
SIEB,Siebert Financial Corp. Common Stock,$2.65,0.01,0.379%,106320480.00,United States,,27829,Finance,Investment Bankers/Brokers/Service
SIFY,Sify Technologies Limited American Depositary Shares,$4.36,-0.13,-2.895%,314887501.00,India,,40634,Technology,Computer Software: Programming Data Processing
SIGA,SIGA Technologies Inc. Common Stock,$5.61,-0.03,-0.532%,400761160.00,United States,,668529,Health Care,Biotechnology: Pharmaceutical Preparations
SIGI,Selective Insurance Group Inc. Common Stock,$88.71,-0.39,-0.438%,5394013235.00,United States,,913462,Finance,Property-Casualty Insurers
SIGIP,Selective Insurance Group Inc. Depositary Shares each representing a 1/1000th interest in a share of 4.60% Non-Cumulative Preferred Stock Series B,$18.6349,0.0349,0.188%,1133095449.00,United States,,1338,Finance,Property-Casualty Insurers
SILC,Silicom Ltd Ordinary Shares,$14.52,-0.26,-1.759%,93008194.00,Israel,,39405,Telecommunications,Computer Communications Equipment
SILO,Silo Pharma Inc. Common Stock,$1.39,0.02,1.46%,6233394.00,United States,,20878,Consumer Discretionary,Apparel
SIMA,SIM Acquisition Corp. I Class A Ordinary Shares,$10.17,-0.01,-0.098%,0.00,United States,2024,2700,Miscellaneous,Industrial Machinery/Components
SIMAW,SIM Acquisition Corp. I Warrant,$0.1343,0.0043,3.308%,0.00,United States,2024,490,Finance,Blank Checks
SIMO,Silicon Motion Technology Corporation American Depositary Shares,$55.80,-0.12,-0.215%,1879434396.00,Taiwan,2005,435924,Technology,Semiconductors
SINT,SiNtx Technologies Inc. Common Stock,$3.00,0.12,4.167%,7545537.00,United States,2014,28759,Health Care,Medical/Dental Instruments
SION,Sionna Therapeutics Inc. Common Stock,$13.69,-0.19,-1.369%,557949585.00,United States,2025,984035,Health Care,Biotechnology: Pharmaceutical Preparations
SIRI,SiriusXM Holdings Inc. Common Stock,$23.47,0.43,1.866%,7950900075.00,United States,,8210552,Consumer Discretionary,Broadcasting
SISI,Shineco Inc. Common Stock,$1.06,-0.02,-1.852%,18210635.00,China,2016,61744,Health Care, Medicinal Chemicals and Botanical Products 
SITM,SiTime Corporation Common Stock,$178.26,1.01,0.57%,4206549354.00,United States,2019,377420,Technology,Semiconductors
SJ,Scienjoy Holding Corporation Class A Ordinary Shares ,$0.92,-0.0215,-2.284%,38126664.00,China,2019,6822,Technology,EDP Services
SJW,SJW Group Common Stock,$51.41,-0.73,-1.40%,1731044720.00,United States,,545560,Utilities,Water Supply
SKBL,Skyline Builders Group Holding Limited Class A Ordinary Shares,$11.10,0.35,3.256%,333000000.00,Hong Kong,2025,1139452,Consumer Discretionary,Engineering & Construction
SKGR,SK Growth Opportunities Corporation Class A Common Stock,$11.71,-0.02,-0.171%,0.00,United States,2022,27004,Finance,Blank Checks
SKGRW,SK Growth Opportunities Corporation Warrant,$0.5973,0.0464,8.423%,0.00,United States,2022,106761,Finance,Blank Checks
SKIN,The Beauty Health Company Class A Common Stock,$1.31,0.00,0.00%,164071181.00,United States,2020,745053,Health Care,Medical/Dental Instruments
SKK,SKK Holdings Limited Ordinary Shares,$0.859,-0.05,-5.501%,13421875.00,Singapore,2024,61281,Industrials,Water Sewer Pipeline Comm & Power Line Construction
SKWD,Skyward Specialty Insurance Group Inc. Common Stock,$49.75,-0.10,-0.201%,1996363423.00,United States,2023,470615,Finance,Property-Casualty Insurers
SKYE,Skye Bioscience Inc. Common Stock,$2.25,0.36,19.048%,68261153.00,United States,,670793,Health Care,Biotechnology: Pharmaceutical Preparations
SKYQ,Sky Quarry Inc. Common Stock,$0.714,-0.0123,-1.694%,13423629.00,United States,2024,9459,Industrials,Environmental Services
SKYT,SkyWater Technology Inc. Common Stock,$7.85,-0.02,-0.254%,376761362.00,United States,2021,557487,Technology,Semiconductors
SKYW,SkyWest Inc. Common Stock,$91.12,0.73,0.808%,3674871149.00,United States,1986,2060307,Consumer Discretionary,Air Freight/Delivery Services
SKYX,SKYX Platforms Corp. Common Stock,$1.29,-0.03,-2.273%,132227185.00,United States,2022,256297,Consumer Discretionary,Building Products
SLAB,Silicon Laboratories Inc. Common Stock,$123.57,-1.22,-0.978%,4010795518.00,United States,2000,418844,Technology,Semiconductors
SLDB,Solid Biosciences Inc. Common Stock,$4.60,-0.10,-2.128%,356467611.00,United States,2018,1038522,Health Care,Biotechnology: Biological Products (No Diagnostic Substances)
SLDP,Solid Power Inc. Class A Common Stock,$1.11,0.01,0.909%,202011164.00,United States,2021,2028149,Miscellaneous,Industrial Machinery/Components
SLDPW,Solid Power Inc. Warrant,$0.2019,0.0019,0.95%,36744193.00,United States,2021,3288,Miscellaneous,Industrial Machinery/Components
SLE,Super League Enterprise Inc. Common Stock,$0.368,0.0217,6.266%,4766557.00,United States,2019,152291,Consumer Discretionary,Services-Misc. Amusement & Recreation
SLGL,Sol-Gel Technologies Ltd. Ordinary Shares,$0.52,-0.057,-9.879%,14485962.00,Israel,2018,5886,Health Care,Biotechnology: Pharmaceutical Preparations
SLM,SLM Corporation Common Stock,$29.70,-0.17,-0.569%,6249576821.00,United States,,22118212,Finance,Finance: Consumer Services
SLMBP,SLM Corporation Floating Rate Non-Cumulative Preferred Stock Series B,$74.9305,-0.1531,-0.204%,15767135219.00,United States,,989,Finance,Finance: Consumer Services
SLN,Silence Therapeutics Plc American Depository Share,$3.56,-0.14,-3.784%,166608000.00,United Kingdom,,154808,Health Care,Biotechnology: Pharmaceutical Preparations
SLNG,Stabilis Solutions Inc. Common Stock,$5.20,0.14,2.767%,96700765.00,United States,,7197,Utilities,Oil/Gas Transmission
SLNH,Soluna Holdings Inc. Common Stock,$0.95,-0.05,-5.00%,7954151.00,United States,,198745,Technology,EDP Services
SLNHP,Soluna Holdings Inc 9.0% Series A Cumulative Perpetual Preferred Stock ,$6.14,0.46,8.099%,51408937.00,United States,,3368,Technology,EDP Services
SLNO,Soleno Therapeutics Inc. Common Stock,$49.11,0.71,1.467%,2252051561.00,United States,2014,1382807,Health Care,Biotechnology: Electromedical & Electrotherapeutic Apparatus
SLP,Simulations Plus Inc. Common Stock,$25.56,0.88,3.566%,513562639.00,United States,,418798,Technology,EDP Services
SLRC,SLR Investment Corp. Common Stock,$16.89,-0.11,-0.647%,921427768.00,United States,2010,148215,Finance,Finance/Investors Services
SLRN,ACELYRIN INC. Common Stock,$2.75,-0.02,-0.722%,276952096.00,United States,2023,1392082,Health Care,Biotechnology: Pharmaceutical Preparations
SLRX,Salarius Pharmaceuticals Inc. Common Stock,$0.9531,0.0572,6.385%,1373567.00,United States,2015,20852,Health Care,Biotechnology: Pharmaceutical Preparations
SLS,SELLAS Life Sciences Group Inc. Common Stock,$1.20,-0.01,-0.826%,84458375.00,United States,,572516,Health Care,Biotechnology: Pharmaceutical Preparations
SLXN,Silexion Therapeutics Corp Ordinary Shares,$1.14,0.03,2.703%,9592661.00,Israel,,340858,Health Care,Biotechnology: Biological Products (No Diagnostic Substances)
SLXNW,Silexion Therapeutics Corp Warrant,$0.0551,-0.0099,-15.231%,463645.00,Israel,,13065,Health Care,Biotechnology: Biological Products (No Diagnostic Substances)
SMBC,Southern Missouri Bancorp Inc. Common Stock,$52.97,-0.66,-1.231%,597351536.00,United States,,47843,Finance,Banks
SMCI,Super Micro Computer Inc. Common Stock,$42.15,3.05,7.801%,25015238987.00,United States,2020,64539596,Technology,Computer Manufacturing
SMID,Smith-Midland Corporation Common Stock,$33.54,0.55,1.667%,177916485.00,United States,,24912,Industrials,Building Materials
SMLR,Semler Scientific Inc. Common Stock,$39.22,0.40,1.03%,376374181.00,United States,,817201,Health Care,Biotechnology: Electromedical & Electrotherapeutic Apparatus
SMMT,Summit Therapeutics Inc. Common Stock ,$19.75,0.31,1.595%,14569174154.00,United States,2015,3299624,Health Care,Biotechnology: Pharmaceutical Preparations
SMPL,The Simply Good Foods Company Common Stock,$33.32,-0.07,-0.21%,3366401034.00,United States,,629614,Consumer Staples,Packaged Foods
SMSI,Smith Micro Software Inc. Common Stock,$0.799,0.014,1.783%,14201313.00,United States,1995,73153,Technology,Computer Software: Prepackaged Software
SMTC,Semtech Corporation Common Stock,$39.62,-1.02,-2.51%,2998555032.00,United States,,3375576,Technology,Semiconductors
SMTI,Sanara MedTech Inc. Common Stock,$33.60,-0.34,-1.002%,293703010.00,United States,,27114,Health Care,Industrial Specialties
SMTK,SmartKem Inc. Common Stock,$3.26,0.24,7.947%,5804339.00,United Kingdom,,166724,Technology,Semiconductors
SMX,SMX (Security Matters) Public Limited Company Class A Ordinary Shares,$2.38,-0.15,-5.929%,2848241.00,Ireland,,43928,Technology,Industrial Machinery/Components
SMXT,Solarmax Technology Inc. Common Stock,$1.30,0.115,9.705%,58869213.00,United States,2024,409398,Consumer Discretionary,Engineering & Construction
SMXWW,SMX (Security Matters) Public Limited Company Warrant,$0.0389,-0.0009,-2.261%,46553.00,Ireland,,10535,Technology,Industrial Machinery/Components
SNAL,Snail Inc. Class A Common Stock,$1.61,0.00,0.00%,59495911.00,United States,2022,8624,Technology,Computer Software: Prepackaged Software
SNBR,Sleep Number Corporation Common Stock,$6.95,-0.36,-4.925%,155603550.00,United States,,812807,Consumer Discretionary,Home Furnishings
SNCR,Synchronoss Technologies Inc. Common Stock,$12.52,0.35,2.876%,143866293.00,United States,2018,155490,Technology,EDP Services
SNCRL,Synchronoss Technologies Inc. 8.375% Senior Notes due 2026,$24.80,-0.20,-0.80%,284974766.00,United States,,9080,Health Care,Biotechnology: Pharmaceutical Preparations
SNCY,Sun Country Airlines Holdings Inc. Common Stock,$12.81,-0.10,-0.775%,680953519.00,United States,2021,2274334,Consumer Discretionary,Air Freight/Delivery Services
SND,Smart Sand Inc. Common Stock,$2.45,0.00,0.00%,105048052.00,United States,2016,163236,Industrials,Mining & Quarrying of Nonmetallic Minerals (No Fuels)
SNDK,Sandisk Corporation Common Stock,$53.96,-2.25,-4.003%,6198021024.00,United States,,6372291,Technology,Electronic Components
SNDL,SNDL Inc. Common Shares,$1.58,0.01,0.637%,418858000.00,Canada,2019,1289704,Health Care, Medicinal Chemicals and Botanical Products 
SNDX,Syndax Pharmaceuticals Inc. Common Stock,$13.71,-0.39,-2.766%,1179394442.00,United States,2016,2077177,Health Care,Biotechnology: Pharmaceutical Preparations
SNES,SenesTech Inc. Common Stock,$2.17,-0.05,-2.252%,3790838.00,United States,2016,28555,Industrials,Agricultural Chemicals
SNEX,StoneX Group Inc. Common Stock,$117.33,-0.67,-0.568%,3764488934.00,United States,,719309,Finance,Investment Bankers/Brokers/Service
SNFCA,Security National Financial Corporation Class A Common Stock,$12.82,-0.06,-0.466%,311211718.00,United States,,34632,Finance,Finance: Consumer Services
SNGX,Soligenix Inc. Common Stock,$2.39,0.01,0.42%,5997703.00,United States,,72545,Health Care,Biotechnology: Pharmaceutical Preparations
SNOA,Sonoma Pharmaceuticals Inc. Common Stock,$3.48,-0.14,-3.867%,5622862.00,United States,2007,118404,Health Care,Biotechnology: Pharmaceutical Preparations
SNPS,Synopsys Inc. Common Stock,$448.60,-1.39,-0.309%,69362566094.00,United States,1992,3362302,Technology,Computer Software: Prepackaged Software
SNPX,Synaptogenix Inc. Common Stock,$2.59,-0.0428,-1.626%,3511038.00,United States,,18875,Health Care,Biotechnology: Pharmaceutical Preparations
SNRE,Sunrise Communications AG American Depositary Shares representing Class A shares,$47.81,0.70,1.486%,4577186831.00,Switzerland,,639764,Telecommunications,Cable & Other Pay Television Services
SNSE,Sensei Biotherapeutics Inc. Common Stock,$0.49,0.03,6.522%,12324176.00,United States,2021,258300,Health Care,Biotechnology: Pharmaceutical Preparations
SNT,Senstar Technologies Corporation Common Shares,$3.45,-0.02,-0.576%,80419500.00,Canada,,30805,Telecommunications,Telecommunications Equipment
SNTG,Sentage Holdings Inc. Class A Ordinary Shares,$1.81,-0.03,-1.63%,5077638.00,China,2021,4802,Finance,Finance: Consumer Services
SNTI,Senti Biosciences Inc. Common Stock,$3.68,0.17,4.843%,16886214.00,United States,2021,19270,Health Care,Biotechnology: Biological Products (No Diagnostic Substances)
SNWV,SANUWAVE Health Inc. Common Stock,$37.61,5.61,17.531%,320969419.00,United States,,182871,Health Care,Medical/Dental Instruments
SNY,Sanofi ADS,$56.90,-0.89,-1.54%,143743365650.00,France,,1950466,Health Care,Biotechnology: Pharmaceutical Preparations
SNYR,Synergy CHC Corp. Common Stock,$3.24,0.12,3.846%,30954001.00,United States,2024,7199,Health Care,Other Pharmaceuticals
SOBR,SOBR Safe Inc. Common Stock,$0.6396,0.0827,14.85%,589679.00,United States,,851304,Consumer Discretionary,Newspapers/Magazines
SOFI,SoFi Technologies Inc. Common Stock  ,$12.87,0.23,1.82%,14112472567.00,United States,,40043913,Finance,Finance: Consumer Services
SOGP,Sound Group Inc. American Depositary Shares,$2.201,-0.063,-2.783%,10840970.00,China,2020,40607,Technology,Computer Software: Programming Data Processing
SOHO,Sotherly Hotels Inc. Common Stock,$0.77,-0.0279,-3.497%,15283857.00,United States,,45788,Real Estate,Real Estate Investment Trusts
SOHOB,Sotherly Hotels Inc. 8.0% Series B Cumulative Redeemable Perpetual Preferred Stock,$17.75,0.85,5.03%,352322679.00,United States,,1105,Real Estate,Real Estate Investment Trusts
SOHON,Sotherly Hotels Inc. 8.25% Series D Cumulative Redeemable Perpetual Preferred Stock,$17.04,0.00,0.00%,338229772.00,United States,,514,Real Estate,Real Estate Investment Trusts
SOHU,Sohu.com Limited American Depositary Shares,$13.91,0.035,0.252%,418209714.00,China,,74703,Technology,EDP Services
SOND,Sonder Holdings Inc. Class A Common Stock,$2.24,-0.03,-1.322%,25951800.00,United States,2021,23673,Consumer Discretionary,Hotels/Resorts
SONM,Sonim Technologies Inc. Common Stock,$2.25,0.06,2.74%,10961188.00,United States,2019,9236,Utilities,Telecommunications Equipment
SONN,Sonnet BioTherapeutics Holdings Inc. Common Stock,$1.38,-0.05,-3.497%,4230667.00,United States,,66902,Health Care,Biotechnology: Pharmaceutical Preparations
SONO,Sonos Inc. Common Stock,$11.71,0.01,0.085%,1394457984.00,United States,2018,2896629,Consumer Staples,Consumer Electronics/Appliances
SOPA,Society Pass Incorporated Common Stock,$1.16,-0.01,-0.855%,4228999.00,United States,2021,46434,Consumer Discretionary,Business Services
SOPH,SOPHiA GENETICS SA Ordinary Shares,$3.02,0.02,0.667%,201829834.00,Switzerland,2021,20718,Health Care,Biotechnology: Biological Products (No Diagnostic Substances)
SOTK,Sono-Tek Corporation Common Stock,$3.69,0.11,3.073%,58121755.00,United States,,13293,Technology,Industrial Machinery/Components
SOUN,SoundHound AI Inc Class A Common Stock,$9.86,0.27,2.815%,3933762086.00,United States,,26203015,Technology,Computer Software: Prepackaged Software
SOUNW,SoundHound AI Inc. Warrant,$4.1801,-0.0599,-1.413%,1667699685.00,United States,2021,82188,Technology,Computer Software: Prepackaged Software
SOWG,Sow Good Inc. Common Stock,$1.54,-1.21,-44.00%,15777898.00,United States,,698019,Consumer Staples,Packaged Foods
SPAI,Safe Pro Group Inc. Common Stock,$2.92,-0.01,-0.341%,40177588.00,United States,2024,47651,Health Care,Industrial Specialties
SPCB,SuperCom Ltd. Ordinary Shares (Israel),$7.07,-0.25,-3.415%,7151673.00,Israel,,66236,Technology,Semiconductors
SPFI,South Plains Financial Inc. Common Stock,$32.58,-0.34,-1.033%,537102379.00,United States,2019,96564,Finance,Major Banks
SPHL,Springview Holdings Ltd Class A Ordinary Shares,$0.5879,-0.0671,-10.244%,12492875.00,Singapore,2024,235023,Consumer Discretionary,Homebuilding
SPKL,Spark I Acquisition Corp. Class A Ordinary Share,$10.7839,0.0329,0.306%,0.00,United States,2023,933,,
SPKLW,Spark I Acquisition Corp. Warrant,$0.173,0.00,0.00%,0.00,United States,2023,40,,
SPNS,Sapiens International Corporation N.V. Common Shares (Cayman Islands),$27.03,-0.03,-0.111%,1506469315.00,Curacao,1992,258549,Technology,Computer Software: Prepackaged Software
SPOK,Spok Holdings Inc. Common Stock,$15.89,-0.02,-0.126%,324458307.00,United States,,137963,Telecommunications,Telecommunications Equipment
SPPL,SIMPPLE LTD. Ordinary Shares,$0.54,0.0159,3.034%,8762019.00,Singapore,2023,66211,Consumer Discretionary,Diversified Commercial Services
SPRB,Spruce Biosciences Inc. Common Stock,$0.3366,0.0006,0.179%,13902455.00,United States,2020,112742,Health Care,Biotechnology: Pharmaceutical Preparations
SPRC,SciSparc Ltd. Ordinary Shares,$0.326,-0.013,-3.835%,3530010.00,Israel,,207712,Health Care,Biotechnology: Pharmaceutical Preparations
SPRO,Spero Therapeutics Inc. Common Stock,$0.8222,0.0446,5.736%,44824835.00,United States,2017,130637,Health Care,Biotechnology: Pharmaceutical Preparations
SPRY,ARS Pharmaceuticals Inc. Common Stock,$12.36,-1.95,-13.627%,1201212471.00,United States,2020,4452789,Health Care,Biotechnology: Pharmaceutical Preparations
SPSC,SPS Commerce Inc. Common Stock,$130.13,1.85,1.442%,4915509409.00,United States,2010,658142,Technology,Computer Software: Prepackaged Software
SPT,Sprout Social Inc Class A Common Stock,$25.17,0.08,0.319%,1453786051.00,United States,2019,780680,Technology,Computer Software: Prepackaged Software
SPTN,SpartanNash Company Common Stock,$19.62,-0.27,-1.357%,662465925.00,United States,,850729,Consumer Discretionary,Food Distributors
SPWH,Sportsman's Warehouse Holdings Inc. Common Stock,$0.9976,0.0356,3.701%,37866185.00,United States,2014,1252611,Consumer Discretionary,Other Specialty Stores
SQFT,Presidio Property Trust Inc. Class A Common Stock,$0.595,-0.005,-0.833%,8570563.00,United States,2020,26082,Real Estate,Real Estate Investment Trusts
SQFTP,Presidio Property Trust Inc. 9.375% Series D Cumulative Redeemable Perpetual Preferred Stock $0.01 par value per share,$14.84,-0.05,-0.336%,213759931.00,United States,,2583,Real Estate,Real Estate Investment Trusts
SQFTW,Presidio Property Trust Inc. Series A Common Stock Purchase Warrants,$0.0341,0.00,0.00%,491187.00,United States,,98,Real Estate,Real Estate Investment Trusts
SRAD,Sportradar Group AG Class A Ordinary Shares,$22.32,0.02,0.09%,6654959524.00,Switzerland,2021,1448824,Technology,Computer Software: Programming Data Processing
SRBK,SR Bancorp Inc. Common stock,$11.79,0.19,1.638%,108929343.00,United States,2023,17454,Finance,Banks
SRCE,1st Source Corporation Common Stock,$61.50,-0.17,-0.276%,1510036745.00,United States,,743678,Finance,Major Banks
SRDX,Surmodics Inc. Common Stock,$30.38,0.40,1.334%,434312419.00,United States,1998,152129,Health Care,Medical/Dental Instruments
SRM,SRM Entertainment Inc. Common Stock,$0.437,0.036,8.978%,6064020.00,United States,2023,404598,Consumer Discretionary,Recreational Games/Products/Toys
SRPT,Sarepta Therapeutics Inc. Common Stock (DE),$74.10,0.65,0.885%,7190076609.00,United States,,2592706,Health Care,Biotechnology: Pharmaceutical Preparations
SRRK,Scholar Rock Holding Corporation Common Stock,$33.05,-0.59,-1.754%,3129067017.00,United States,2018,2661058,Health Care,Biotechnology: Biological Products (No Diagnostic Substances)
SRTS,Sensus Healthcare Inc. Common Stock,$4.71,-0.03,-0.633%,77693315.00,United States,2016,66229,Health Care,Medical/Dental Instruments
SRZN,Surrozen Inc. Common Stock,$12.45,0.663,5.625%,40459985.00,United States,,2480,Health Care,Biotechnology: Biological Products (No Diagnostic Substances)
SRZNW,Surrozen Inc. Warrant,$0.0294,0.0024,8.889%,95544.00,United States,,4049,Health Care,Biotechnology: Biological Products (No Diagnostic Substances)
SSBI,Summit State Bank Common Stock,$9.94,0.67,7.228%,66330912.00,United States,2006,15297,Finance,Major Banks
SSBK,Southern States Bancshares Inc. Common Stock,$32.56,0.26,0.805%,323066181.00,United States,2021,26975,Finance,Savings Institutions
SSKN,Strata Skin Sciences Inc. Common Stock,$2.68,0.02,0.752%,11178711.00,United States,2005,5071,Health Care,Medical/Dental Instruments
SSNC,SS&C Technologies Holdings Inc. Common Stock,$82.35,0.01,0.012%,20298140876.00,United States,2010,3080599,Technology,Computer Software: Prepackaged Software
SSP,E.W. Scripps Company (The) Class A Common Stock,$3.26,0.24,7.947%,282645273.00,United States,,4093334,Industrials,Broadcasting
SSRM,SSR Mining Inc. Common Stock,$10.88,-0.23,-2.07%,2198805383.00,Canada,,4804684,Industrials,Precious Metals
SSSS,SuRo Capital Corp. Common Stock,$5.815,-0.065,-1.105%,136954060.00,United States,2011,60980,Finance,Finance: Consumer Services
SSSSL,SuRo Capital Corp. 6.00% Notes due 2026,$24.5015,-0.1716,-0.695%,577055873.00,United States,,354,Finance,Finance: Consumer Services
SSTI,SoundThinking Inc. Common Stock,$17.88,-0.66,-3.56%,225082916.00,United States,2017,174229,Technology,Computer Software: Prepackaged Software
SSYS,Stratasys Ltd. Ordinary Shares (Israel),$10.19,-0.27,-2.581%,731463777.00,United States,1994,600862,Technology,Computer peripheral equipment
STAA,STAAR Surgical Company Common Stock,$17.72,-0.20,-1.116%,874045592.00,United States,,1641818,Health Care,Ophthalmic Goods
STAI,ScanTech AI Systems Inc. Common stock,$2.81,-0.07,-2.431%,12570344.00,United States,,895410,Industrials,Electrical Products
STAK,STAK Inc. Ordinary Shares,$3.64,0.21,6.122%,40950000.00,China,2025,33311,Industrials,Metal Fabrications
STBA,S&T Bancorp Inc. Common Stock,$37.03,-0.21,-0.564%,1416805830.00,United States,,794263,Finance,Major Banks
STBX,Starbox Group Holdings Ltd. Class A Ordinary Shares,$0.2056,-0.011,-5.078%,1549632.00,Malaysia,2022,537179,Consumer Discretionary,Advertising
STEC,Santech Holdings Limited American Depositary Shares,$1.46,0.0299,2.091%,40880000.00,China,2021,18816,Finance,Investment Managers
STEP,StepStone Group Inc. Class A Common Stock,$53.87,-1.33,-2.409%,6247680344.00,United States,2020,2077199,Finance,Investment Managers
STFS,Star Fashion Culture Holdings Limited Class A Ordinary Shares,$0.94,0.00,0.00%,10199000.00,China,2024,43113,Consumer Discretionary,Advertising
STGW,Stagwell Inc. Class A Common Stock,$6.10,0.00,0.00%,1626648503.00,Canada,,889346,Consumer Discretionary,Advertising
STHO,Star Holdings Shares of Beneficial Interest,$8.21,0.03,0.367%,109353522.00,United States,,191271,Real Estate,Real Estate
STI,Solidion Technology Inc. Common Stock,$0.1444,-0.0041,-2.761%,17798007.00,United States,2022,2559773,Miscellaneous,Industrial Machinery/Components
STIM,Neuronetics Inc. Common Stock,$4.86,-0.08,-1.619%,147488869.00,United States,2018,413100,Health Care,Medical/Dental Instruments
STKH,Steakholder Foods Ltd. American Depositary Shares,$1.27,-0.05,-3.788%,3473602.00,Israel,2021,6302,Consumer Staples,Packaged Foods
STKL,SunOpta Inc. Common Stock,$5.21,-0.16,-2.98%,608740761.00,Canada,,1137418,Industrials,Farming/Seeds/Milling
STKS,The ONE Group Hospitality Inc. Common Stock,$2.80,0.11,4.089%,86914439.00,United States,,114991,Consumer Discretionary,Restaurants
STLD,Steel Dynamics Inc.,$122.67,-3.97,-3.135%,18420616163.00,United States,1996,6338135,Industrials,Steel/Iron Ore
STNE,StoneCo Ltd. Class A Common Shares,$11.10,-0.08,-0.716%,3429190699.00,Brazil,2018,9174052,Technology,EDP Services
STOK,Stoke Therapeutics Inc. Common Stock,$8.15,-0.18,-2.161%,440733573.00,United States,2019,1407246,Health Care,Biotechnology: Pharmaceutical Preparations
STRA,Strategic Education Inc. Common Stock,$82.37,0.34,0.414%,2018261452.00,United States,1996,466859,Real Estate,Other Consumer Services
STRK,MicroStrategy Incorporated 8.00% Series A Perpetual Strike Preferred Stock,$85.00,2.00,2.41%,21874907845.00,United States,,749545,Technology,Computer Software: Prepackaged Software
STRL,Sterling Infrastructure Inc. Common Stock,$126.63,0.70,0.556%,3875269287.00,United States,,837863,Industrials,Military/Government/Technical
STRM,Streamline Health Solutions Inc. Common Stock,$3.17,0.02,0.635%,13545965.00,United States,,11440,Technology,EDP Services
STRO,Sutro Biopharma Inc. Common Stock,$0.7669,-0.0291,-3.656%,64247305.00,United States,2018,1777171,Health Care,Biotechnology: Biological Products (No Diagnostic Substances)
STRR,Star Equity Holdings Inc. Common Stock,$2.42,0.1362,5.964%,7788598.00,United States,2004,22894,Health Care,Biotechnology: Electromedical & Electrotherapeutic Apparatus
STRRP,Star Equity Holdings Inc. Series A Cumulative Perpetual Preferred Stock,$8.90,0.00,0.00%,28644018.00,United States,,73,Health Care,Biotechnology: Electromedical & Electrotherapeutic Apparatus
STRS,Stratus Properties Inc. Common Stock,$18.15,-0.06,-0.329%,146764548.00,United States,,19699,Real Estate,Homebuilding
STRT,STRATTEC SECURITY CORPORATION Common Stock,$42.67,-0.87,-1.998%,178028499.00,United States,,11408,Consumer Discretionary,Auto Parts:O.E.M.
STSS,Sharps Technology Inc. Common Stock,$0.2177,-0.0384,-14.994%,391380.00,United States,2022,3303341,Health Care,Medical/Dental Instruments
STSSW,Sharps Technology Inc. Warrant,$0.0195,-0.0048,-19.753%,35057.00,United States,2022,40832,Finance,Finance: Consumer Services
STTK,Shattuck Labs Inc. Common Stock,$1.20,0.04,3.448%,57287650.00,United States,2020,186977,Health Care,Biotechnology: Pharmaceutical Preparations
STX,Seagate Technology Holdings PLC Ordinary Shares (Ireland),$88.27,-0.11,-0.124%,18687411580.00,Ireland,2002,2576141,Technology,Electronic Components
SUGP,SU Group Holdings Limited Ordinary Shares,$0.8001,-0.0299,-3.602%,11079385.00,Hong Kong,2024,17667,Consumer Discretionary,Diversified Commercial Services
SUNE,SUNation Energy Inc. Common Stock,$0.4485,-0.0005,-0.111%,813912.00,United States,,67549367,Utilities,Telecommunications Equipment
SUNS,Sunrise Realty Trust Inc. Common Stock,$11.25,-0.12,-1.055%,150991808.00,United States,,764280,Real Estate,Real Estate Investment Trusts
SUPN,Supernus Pharmaceuticals Inc. Common Stock,$32.15,-0.17,-0.526%,1792140504.00,United States,2012,2250617,Health Care,Biotechnology: Pharmaceutical Preparations
SURG,SurgePays Inc. Common Stock,$1.34,-0.01,-0.741%,27016473.00,United States,,27105,Consumer Discretionary,Advertising
SUUN,SolarBank Corporation Common Stock,$3.22,-1.23,-27.64%,99825129.00,Canada,,655042,Utilities,Power Generation
SVC,Service Properties Trust Common Stock,$2.81,-0.13,-4.422%,468248669.00,United States,,3694814,Real Estate,Real Estate Investment Trusts
SVCO,Silvaco Group Inc. Common Stock,$5.14,-0.03,-0.58%,147376131.00,United States,2024,133569,Technology,Computer Software: Prepackaged Software
SVII,Spring Valley Acquisition Corp. II Class A Ordinary Shares,$11.52,-0.01,-0.087%,0.00,United States,2022,108,Finance,Blank Checks
SVIIW,Spring Valley Acquisition Corp. II Warrant,$0.085,-0.005,-5.556%,0.00,United States,2022,10439,Finance,Blank Checks
SVRA,Savara Inc. Common Stock,$2.82,-0.04,-1.399%,483965422.00,United States,,4844053,Health Care,Biotechnology: Pharmaceutical Preparations
SVRE,SaverOne 2014 Ltd. American Depositary Shares,$4.3694,-0.1443,-3.197%,2458342.00,Israel,2022,6346,Technology,EDP Services
SWAG,Stran & Company Inc. Common Stock,$0.999,-0.001,-0.10%,18589800.00,United States,2021,11783,Consumer Discretionary,Advertising
SWBI,Smith & Wesson Brands Inc. Common Stock,$9.51,-0.01,-0.105%,418465706.00,United States,,726578,Industrials,Ordnance And Accessories
SWIM,Latham Group Inc. Common Stock,$6.22,-0.06,-0.955%,720130421.00,United States,2021,773556,Industrials,Plastic Products
SWIN,Solowin Holdings Class A Ordinary Share,$1.695,-0.155,-8.378%,27086100.00,Hong Kong,2023,82979,Finance,Investment Bankers/Brokers/Service
SWKH,SWK Holdings Corporation Common Stock,$17.25,-0.25,-1.429%,211023097.00,United States,,21289,Finance,Diversified Financial Services
SWKHL,SWK Holdings Corporation 9.00% Senior Notes due 2027,$25.03,-0.01,-0.04%,306197572.00,United States,,8802,,
SWKS,Skyworks Solutions Inc. Common Stock,$67.25,-1.14,-1.667%,10809833730.00,United States,,13009352,Technology,Semiconductors
SWTX,SpringWorks Therapeutics Inc. Common Stock,$49.89,-1.19,-2.33%,3738549557.00,United States,2019,2442010,Health Care,Biotechnology: Biological Products (No Diagnostic Substances)
SWVL,Swvl Holdings Corp Class A Common Shares,$4.28,-0.21,-4.677%,36465600.00,United Arab Emirates,,7427,Consumer Discretionary,Business Services
SWVLW,Swvl Holdings Corp Warrant,$0.0156,0.0001,0.645%,132912.00,United Arab Emirates,,38678,Consumer Discretionary,Business Services
SXTC,China SXT Pharmaceuticals Inc. Ordinary Shares,$2.63,-0.14,-5.054%,1335525.00,China,2019,12681,Health Care,Biotechnology: Pharmaceutical Preparations
SXTP,60 Degrees Pharmaceuticals Inc. Common Stock,$1.77,-0.21,-10.606%,2607052.00,United States,2023,25895,Health Care,Biotechnology: Pharmaceutical Preparations
SXTPW,60 Degrees Pharmaceuticals Inc. Warrant,$0.0263,0.00,0.00%,38738.00,United States,2023,646,Health Care,Biotechnology: Pharmaceutical Preparations
SY,So-Young International Inc. American Depository Shares,$1.03,0.0598,6.164%,100990642.00,China,2019,337701,Technology,EDP Services
SYBT,Stock Yards Bancorp Inc. Common Stock,$69.07,0.27,0.392%,2033251786.00,United States,,217360,Finance,Major Banks
SYBX,Synlogic Inc. Common Stock,$1.30,0.00,0.00%,15204942.00,United States,2015,6589,Health Care,Biotechnology: Pharmaceutical Preparations
SYM,Symbotic Inc. Class A Common Stock,$22.39,0.74,3.418%,13174092402.00,United States,2021,1585964,Industrials,Industrial Machinery/Components
SYNA,Synaptics Incorporated Common Stock $0.001 Par Value,$64.10,-0.64,-0.989%,2511860611.00,United States,2002,722289,Technology,Semiconductors
SYPR,Sypris Solutions Inc. Common Stock,$1.63,0.02,1.242%,37525876.00,United States,,14839,Industrials,Industrial Machinery/Components
SYRA,Syra Health Corp. Class A Common Stock,$0.325,0.0006,0.185%,3676577.00,United States,2023,325028,Consumer Discretionary,Diversified Commercial Services
SYRE,Spyre Therapeutics Inc. Common Stock,$18.17,0.02,0.11%,1095206943.00,United States,2016,1303169,Health Care,Biotechnology: Pharmaceutical Preparations
SYT,SYLA Technologies Co. Ltd. American Depositary Shares,$2.00,-0.04,-1.961%,53108600.00,Japan,2023,1435,Finance,Real Estate
SYTA,Siyata Mobile Inc. Common Shares,$2.12,0.045,2.169%,2049400.00,Canada,2020,285991,Telecommunications,Telecommunications Equipment
SYTAW,Siyata Mobile Inc. Warrant,$0.065,0.0008,1.246%,62835.00,Canada,2020,9269,Telecommunications,Telecommunications Equipment
TACT,TransAct Technologies Incorporated Common Stock,$3.94,0.05,1.285%,39440807.00,United States,1996,27102,Technology,Computer peripheral equipment
TAIT,Taitron Components Incorporated Class A Common Stock,$2.65,0.0984,3.856%,15956127.00,United States,1995,10560,Technology,Electronic Components
TALK,Talkspace Inc. Common Stock,$2.80,0.03,1.083%,471624306.00,United States,2020,1520704,Health Care,Medical/Nursing Services
TALKW,Talkspace Inc. Warrant,$0.0933,-0.0076,-7.532%,15715196.00,United States,2020,17814,Health Care,Medical/Nursing Services
TANH,Tantech Holdings Ltd. Common Shares,$2.275,-0.28,-10.959%,2704773.00,China,2015,67882,Industrials,Major Chemicals
TAOP,Taoping Inc. Ordinary Shares ,$0.2715,-0.0101,-3.587%,1227180.00,Hong Kong,,174841,Technology,Computer Software: Prepackaged Software
TARA,Protara Therapeutics Inc.  Common Stock,$4.60,-0.02,-0.433%,169130339.00,United States,2014,836802,Health Care,Biotechnology: Biological Products (No Diagnostic Substances)
TARS,Tarsus Pharmaceuticals Inc. Common Stock,$49.97,0.06,0.12%,1917707585.00,United States,2020,595518,Health Care,Biotechnology: Biological Products (No Diagnostic Substances)
TASK,TaskUs Inc. Class A Common Stock,$13.38,-0.16,-1.182%,1204157130.00,United States,2021,256766,Technology,EDP Services
TATT,TAT Technologies Ltd. Ordinary Shares,$25.00,0.22,0.888%,252565300.00,Israel,,40318,Industrials,Aerospace
TAVI,Tavia Acquisition Corp. Ordinary Shares,$10.05,0.01,0.10%,0.00,United States,2024,117,Finance,Blank Checks
TAVIU,Tavia Acquisition Corp. Unit,$10.2301,0.0402,0.395%,0.00,United States,2024,1976,Finance,Blank Checks
TAYD,Taylor Devices Inc. Common Stock,$31.71,-0.56,-1.735%,99449187.00,United States,,35412,Industrials,Industrial Machinery/Components
TBBK,The Bancorp Inc Common Stock,$54.93,0.51,0.937%,2640330088.00,United States,2004,1452852,Finance,Major Banks
TBCH,Turtle Beach Corporation Common Stock,$14.56,0.36,2.535%,290779464.00,United States,,448665,Telecommunications,Telecommunications Equipment
TBH,Brag House Holdings Inc. Common Stock,$6.29,0.51,8.824%,65275469.00,United States,2025,2222890,Consumer Discretionary,Services-Misc. Amusement & Recreation
TBLA,Taboola.com Ltd. Ordinary Shares,$2.92,-0.06,-2.013%,989517476.00,Israel,,2630908,Technology,Computer Software: Programming Data Processing
TBLD,Thornburg Income Builder Opportunities Trust Common Stock,$17.78,-0.04,-0.224%,570415880.00,United States,2021,41333,Finance,Investment Managers
TBMC,Trailblazer Merger Corporation I Class A Common Stock,$11.25,0.00,0.00%,0.00,United States,2023,85,Finance,Blank Checks
TBMCR,Trailblazer Merger Corporation I Rights,$0.268,0.00,0.00%,0.00,United States,2023,20,Finance,Blank Checks
TBNK,Territorial Bancorp Inc. Common Stock,$8.15,-0.04,-0.488%,71982512.00,United States,2009,38573,Finance,Savings Institutions
TBPH,Theravance Biopharma Inc. Ordinary Shares,$9.39,0.03,0.321%,464529375.00,Cayman Islands,,268235,Health Care,Biotechnology: Pharmaceutical Preparations
TBRG,TruBridge Inc. Common Stock,$27.74,-0.26,-0.929%,412499293.00,United States,2002,190828,Technology,EDP Services
TC,Token Cat Limited American Depositary Shares,$0.7803,0.0253,3.351%,1335305.00,China,2018,136454,Consumer Discretionary,Business Services
TCBI,Texas Capital Bancshares Inc. Common Stock,$75.88,0.27,0.357%,3491464695.00,United States,2003,758358,Finance,Major Banks
TCBIO,Texas Capital Bancshares Inc. Depositary Shares 5.75% Fixed Rate Non-Cumulative Perpetual Preferred Stock Series B,$20.30,-0.15,-0.733%,934063433.00,United States,,15145,Finance,Major Banks
TCBK,TriCo Bancshares Common Stock,$40.39,-0.08,-0.198%,1331675466.00,United States,,282785,Finance,Major Banks
TCBS,Texas Community Bancshares Inc. Common Stock,$16.45,0.0725,0.443%,51252475.00,United States,2021,949,Finance,Banks
TCBX,Third Coast Bancshares Inc. Common Stock,$33.40,-0.55,-1.62%,460550763.00,United States,2021,94021,Finance,Banks
TCMD,Tactile Systems Technology Inc. Common Stock,$13.29,-0.40,-2.922%,313446976.00,United States,2016,416842,Health Care,Medical/Dental Instruments
TCOM,Trip.com Group Limited American Depositary Shares,$64.23,-0.30,-0.465%,41537011359.00,China,2003,4119731,Consumer Discretionary,Business Services
TCPC,BlackRock TCP Capital Corp. Common Stock,$7.73,0.01,0.13%,657647506.00,United States,2012,612241,Finance,Finance/Investors Services
TCRT,Alaunos Therapeutics Inc. Common Stock,$1.49,0.03,2.055%,2385865.00,United States,,1954,Health Care,Biotechnology: Pharmaceutical Preparations
TCRX,TScan Therapeutics Inc. Common Stock,$1.67,0.06,3.727%,94506347.00,United States,2021,490596,Health Care,Biotechnology: Biological Products (No Diagnostic Substances)
TCTM,TCTM Kids IT Education Inc. American Depositary Shares,$0.378,-0.0018,-0.474%,4079542.00,China,2014,470503,Real Estate,Other Consumer Services
TCX,Tucows Inc. Class A Common Stock,$17.01,-0.09,-0.526%,187664288.00,Canada,,53787,Technology,EDP Services
TDAC,Translational Development Acquisition Corp. Ordinary Shares,$10.12,0.06,0.596%,0.00,United States,2025,13741,,
TDACW,Translational Development Acquisition Corp. Warrants,$0.1635,0.00,0.00%,0.00,United States,2025,60,,
TDTH,Trident Digital Tech Holdings Ltd American Depository Shares,$1.3765,0.1965,16.653%,88846930.00,Singapore,2024,366605,Consumer Discretionary,Business Services
TDUP,ThredUp Inc. Class A Common Stock,$2.56,0.12,4.918%,297458412.00,United States,2021,1491365,Consumer Discretionary,Catalog/Specialty Distribution
TEAM,Atlassian Corporation Class A Common Stock,$227.34,1.18,0.522%,37281999706.00,Australia,2015,2518446,Technology,Computer Software: Prepackaged Software
TECH,Bio-Techne Corp Common Stock,$60.61,0.27,0.447%,9581694467.00,United States,,2581240,Health Care,Biotechnology: Biological Products (No Diagnostic Substances)
TECTP,Tectonic Financial Inc. 9.00% Fixed-to-Floating Rate Series B Non-Cumulative Perpetual Preferred Stock,$10.41,-0.15,-1.42%,73464203.00,United States,2019,1635,Finance,Major Banks
TECX,Tectonic Therapeutic Inc. Common Stock,$21.15,-1.03,-4.644%,312019372.00,United States,2018,348517,Health Care,Biotechnology: Biological Products (No Diagnostic Substances)
TELA,TELA Bio Inc. Common Stock,$1.47,-0.87,-37.179%,57901011.00,United States,2019,2932529,Health Care,Medical/Dental Instruments
TELO,Telomir Pharmaceuticals Inc. Common Stock,$4.56,0.48,11.765%,135717780.00,United States,2024,670839,Health Care,Biotechnology: Pharmaceutical Preparations
TEM,Tempus AI Inc. Class A Common Stock,$51.35,3.31,6.89%,8843122145.00,United States,2024,9929833,Technology,Computer Software: Programming Data Processing
TENB,Tenable Holdings Inc. Common Stock,$36.25,0.12,0.332%,4360963414.00,United States,2018,1942412,Technology,Computer Software: Prepackaged Software
TENX,Tenax Therapeutics Inc. Common Stock,$6.57,0.14,2.177%,22396512.00,United States,,109652,Health Care,Biotechnology: Pharmaceutical Preparations
TER,Teradyne Inc. Common Stock,$87.51,-0.67,-0.76%,14152009213.00,United States,,5930707,Industrials,Electrical Products
TERN,Terns Pharmaceuticals Inc. Common Stock,$3.35,0.21,6.688%,284545164.00,United States,2021,1792886,Health Care,Biotechnology: Pharmaceutical Preparations
TFIN,Triumph Financial Inc. Common Stock,$61.59,0.15,0.244%,1442453875.00,United States,2014,452133,Finance,Major Banks
TFINP,Triumph Financial Inc. Depositary Shares Each Representing a 1/40th Interest in a Share of 7.125% Series C Fixed-Rate Non-Cumulative Perpetual Preferred Stock,$21.9499,-0.0301,-0.137%,514072387.00,United States,,1939,Finance,Major Banks
TFSL,TFS Financial Corporation Common Stock,$12.13,-0.12,-0.98%,3406096734.00,United States,2007,409606,Finance,Savings Institutions
TGL,Treasure Global Inc. Common Stock,$0.11,-0.0045,-3.93%,5767000.00,United States,2022,842626,Consumer Discretionary,Business Services
TGTX,TG Therapeutics Inc. Common Stock,$42.99,1.10,2.626%,6752464019.00,United States,,4651254,Health Care,Biotechnology: Pharmaceutical Preparations
TH,Target Hospitality Corp. Common Stock,$5.98,0.03,0.504%,591668137.00,United States,2018,1121398,Consumer Discretionary,Hotels/Resorts
THAR,Tharimmune Inc. Common Stock,$1.44,-0.11,-7.097%,2139893.00,United States,2022,16630,Health Care,Biotechnology: Pharmaceutical Preparations
THCH,TH International Limited Ordinary shares,$2.99,-0.055,-1.806%,99247641.00,China,,27799,Consumer Discretionary,Restaurants
THFF,First Financial Corporation Common Stock,$49.35,-0.70,-1.399%,584969682.00,United States,,827199,Finance,Major Banks
THRD,Third Harmonic Bio Inc. Common Stock,$3.50,-0.05,-1.408%,157704446.00,United States,2022,458936,Health Care,Biotechnology: Pharmaceutical Preparations
THRM,Gentherm Inc Common Stock,$30.08,-0.29,-0.955%,1793189872.00,United States,,674109,Consumer Discretionary,Auto Parts:O.E.M.
THRY,Thryv Holdings Inc. Common Stock,$15.12,0.05,0.332%,655771773.00,United States,,751496,Consumer Discretionary,Advertising
THTX,Theratechnologies Inc. Common Shares,$1.58,-0.04,-2.469%,72648430.00,Canada,,142096,Health Care,Biotechnology: Pharmaceutical Preparations
TIGO,Millicom International Cellular S.A. Common Stock,$29.94,-1.19,-3.823%,5152563372.00,Luxembourg,,2096230,Telecommunications,Telecommunications Equipment
TIGR,UP Fintech Holding Ltd American Depositary Share representing fifteen Class A Ordinary Shares,$8.86,0.00,0.00%,1480849910.00,China,2019,6507752,Finance,Investment Bankers/Brokers/Service
TIL,Instil Bio Inc. Common Stock,$17.89,-1.82,-9.234%,116748118.00,United States,2021,147393,Health Care,Biotechnology: Biological Products (No Diagnostic Substances)
TILE,Interface Inc. Common Stock,$19.74,-0.02,-0.101%,1151099410.00,United States,,2042422,Consumer Discretionary,Home Furnishings
TIPT,Tiptree Inc. Common Stock,$23.08,-0.43,-1.829%,859941621.00,United States,,226470,Finance,Property-Casualty Insurers
TIRX,TIAN RUIXIANG Holdings Ltd Class A Ordinary Shares,$1.52,0.14,10.145%,15461320.00,China,2021,548921,Finance,Specialty Insurers
TITN,Titan Machinery Inc. Common Stock,$17.045,0.415,2.495%,394177420.00,United States,2007,672706,Consumer Discretionary,Other Specialty Stores
TIVC,Tivic Health Systems Inc. Common Stock,$3.55,0.12,3.499%,1977002.00,United States,2021,37294,Health Care,Biotechnology: Electromedical & Electrotherapeutic Apparatus
TKLF,Tokyo Lifestyle Co. Ltd. American Depositary Shares,$3.428,0.048,1.42%,14473088.00,Japan,2022,3680,Consumer Discretionary,Other Specialty Stores
TKNO,Alpha Teknova Inc. Common Stock,$5.86,0.17,2.988%,313139683.00,United States,2021,161582,Health Care,Biotechnology: In Vitro & In Vivo Diagnostic Substances
TLF,Tandy Leather Factory Inc. Common Stock,$2.96,-0.04,-1.333%,25149880.00,United States,,6571,Consumer Discretionary,Apparel
TLN,Talen Energy Corporation Common Stock,$214.81,1.85,0.869%,9873077887.00,United States,,1268418,Utilities,Electric Utilities: Central
TLPH,Talphera Inc. Common Stock,$0.6347,0.0187,3.036%,10808445.00,United States,2011,33472,Health Care,Biotechnology: Pharmaceutical Preparations
TLRY,Tilray Brands Inc. Common Stock ,$0.65,0.0015,0.231%,609475877.00,United States,2018,34372427,Health Care, Medicinal Chemicals and Botanical Products 
TLS,Telos Corporation Common Stock,$2.73,0.04,1.487%,198067288.00,United States,2020,411991,Technology,EDP Services
TLSA,Tiziana Life Sciences Ltd. Common Shares,$1.11,-0.18,-13.953%,114427396.00,United Kingdom,2018,1111394,Health Care,Biotechnology: Pharmaceutical Preparations
TLSI,TriSalus Life Sciences Inc. Common Stock,$5.64,0.26,4.833%,171981293.00,United States,2021,83747,Health Care,Medical Specialities
TLX,Telix Pharmaceuticals Limited American Depositary Shares,$17.79,0.26,1.483%,5954748588.00,Australia,,24302,Health Care,Biotechnology: Pharmaceutical Preparations
TMC,TMC the metals company Inc. Common Stock,$1.82,0.05,2.825%,590158027.00,Canada,,1903139,Basic Materials,Metal Mining
TMCI,Treace Medical Concepts Inc. Common Stock,$8.25,0.03,0.365%,516604481.00,United States,2021,439682,Health Care,Medical/Dental Instruments
TMCWW,TMC the metals company Inc. Warrants,$0.226,-0.0001,-0.044%,73283359.00,Canada,,18832,Basic Materials,Metal Mining
TMDX,TransMedics Group Inc. Common Stock,$69.05,0.21,0.305%,2324386165.00,United States,2019,991765,Health Care,Biotechnology: Electromedical & Electrotherapeutic Apparatus
TMUS,T-Mobile US Inc. Common Stock,$255.84,-1.19,-0.463%,292104028520.00,United States,,9207192,Telecommunications,Telecommunications Equipment
TNDM,Tandem Diabetes Care Inc. Common Stock,$20.29,-0.36,-1.743%,1348742689.00,United States,2013,1365119,Health Care,Medical/Dental Instruments
TNFA,TNF Pharmaceuticals Inc. Common Stock,$0.377,0.0125,3.429%,1038660.00,United States,2014,78971,Health Care,Biotechnology: In Vitro & In Vivo Diagnostic Substances
TNGX,Tango Therapeutics Inc.,$1.76,-0.02,-1.124%,190269886.00,United States,2020,1141395,Health Care,Biotechnology: Pharmaceutical Preparations
TNMG,TNL Mediagene Ordinary Shares,$1.04,0.0632,6.47%,25602405.00,Taiwan,,39488,,
TNON,Tenon Medical Inc. Common Stock,$1.00,-0.11,-9.91%,3136589.00,United States,2022,154436,Health Care,Medical/Dental Instruments
TNONW,Tenon Medical Inc. Warrant,$0.0193,-0.0004,-2.03%,60536.00,United States,,28599,Health Care,Medical/Dental Instruments
TNXP,Tonix Pharmaceuticals Holding Corp. Common Stock,$23.03,4.84,26.608%,148195309.00,United States,,3486269,Health Care,Biotechnology: Pharmaceutical Preparations
TNYA,Tenaya Therapeutics Inc. Common Stock,$0.6366,-0.0185,-2.824%,55755112.00,United States,2021,2578217,Health Care,Biotechnology: Biological Products (No Diagnostic Substances)
TOI,The Oncology Institute Inc. Common Stock,$0.9962,0.0362,3.771%,75271951.00,United States,2020,200981,Health Care,Medical/Nursing Services
TOIIW,The Oncology Institute Inc. Warrant,$0.023,-0.0001,-0.433%,1737859.00,United States,2020,2184,Health Care,Medical/Nursing Services
TOMZ,TOMI Environmental Solutions Inc. Common Stock,$0.9091,0.0791,9.53%,18195823.00,United States,,322651,Industrials,Major Chemicals
TOP,TOP Financial Group Limited Class A Ordinary Shares,$1.27,0.02,1.60%,47024469.00,Hong Kong,2022,41360,Finance,Investment Bankers/Brokers/Service
TORO,Toro Corp. Common Stock,$2.3901,0.0101,0.424%,45360295.00,Cyprus,,43764,Consumer Discretionary,Marine Transportation
TOUR,Tuniu Corporation American Depositary Shares,$1.04,-0.02,-1.887%,128800044.00,China,2014,156615,Consumer Discretionary,Transportation Services
TOWN,TowneBank Common Stock,$34.47,-0.27,-0.777%,2572059365.00,United States,,555589,Finance,Major Banks
TOYO,TOYO Co. Ltd Ordinary Shares,$3.0801,0.0201,0.657%,143519548.00,Japan,,2072,Consumer Discretionary,Miscellaneous manufacturing industries
TPCS,TechPrecision Corporation Common stock,$2.46,-0.13,-5.019%,23769812.00,United States,,45542,Industrials,Metal Fabrications
TPG,TPG Inc. Class A Common Stock,$50.00,-0.49,-0.97%,18473533150.00,United States,2022,2593028,Finance,Investment Managers
TPGXL,TPG Operating Group II L.P. 6.950% Fixed-Rate Junior Subordinated Notes due 2064,$25.6788,-0.0662,-0.257%,9368288111.00,United States,,24056,,
TPIC,TPI Composites Inc. Common Stock,$0.835,-0.0517,-5.831%,39753629.00,United States,2016,2320687,Industrials,Industrial Machinery/Components
TPST,Tempest Therapeutics Inc. Common Stock,$0.8218,0.0117,1.444%,35865055.00,United States,,250300,Health Care,Biotechnology: Pharmaceutical Preparations
TRAW,Traws Pharma Inc. Common Stock,$2.84,-0.04,-1.389%,8592573.00,United States,2013,137276,Health Care,Biotechnology: Pharmaceutical Preparations
TRDA,Entrada Therapeutics Inc. Common Stock,$10.49,0.08,0.768%,394367669.00,United States,2021,205190,Health Care,Biotechnology: Pharmaceutical Preparations
TREE,LendingTree Inc. Common Stock,$51.68,0.29,0.564%,692182282.00,United States,,219794,Finance,Finance: Consumer Services
TRI,Thomson Reuters Corporation Common Shares,$170.01,-0.08,-0.047%,76490309265.00,United States,,308873,Consumer Discretionary,Publishing
TRIB,Trinity Biotech plc American Depositary Shares,$0.7077,0.0327,4.844%,6698744.00,Ireland,1992,18775,Health Care,Biotechnology: In Vitro & In Vivo Diagnostic Substances
TRIN,Trinity Capital Inc. Common Stock,$16.14,-0.01,-0.062%,1014094002.00,United States,2021,854254,Finance,Finance: Consumer Services
TRINI,Trinity Capital Inc. 7.875% Notes Due 2029,$25.25,0.01,0.04%,1586485351.00,United States,,5708,Finance,Finance: Consumer Services
TRINZ,Trinity Capital Inc. 7.875% Notes due 2029,$25.17,-0.0199,-0.079%,1581458863.00,United States,,15160,Finance,Finance: Consumer Services
TRIP,TripAdvisor Inc. Common Stock,$14.89,-0.09,-0.601%,2090283945.00,United States,,1988090,Technology,Computer Software: Programming Data Processing
TRMB,Trimble Inc. Common Stock,$70.54,-0.14,-0.198%,17338171489.00,United States,1990,3050146,Industrials,Industrial Machinery/Components
TRMD,TORM plc Class A Common Stock,$18.32,-0.89,-4.633%,1791953414.00,United Kingdom,,728994,Consumer Discretionary,Marine Transportation
TRMK,Trustmark Corporation Common Stock,$34.01,0.06,0.177%,2066626867.00,United States,,1083485,Finance,Major Banks
TRML,Tourmaline Bio Inc. Common Stock,$17.15,0.27,1.60%,440505107.00,United States,2021,825448,Health Care,Biotechnology: Biological Products (No Diagnostic Substances)
TRNR,Interactive Strength Inc. Common Stock,$1.26,-0.02,-1.563%,1890267.00,United States,2023,1943904,Technology,Consumer Electronics/Appliances
TRNS,Transcat Inc. Common Stock,$69.07,-0.90,-1.286%,643005093.00,United States,,92924,Industrials,Electrical Products
TROO,TROOPS Inc. Ordinary Shares ,$0.8066,-0.0303,-3.621%,81948945.00,China,,118058,Technology,Radio And Television Broadcasting And Communications Equipment
TROW,T. Rowe Price Group Inc. Common Stock,$92.83,-0.21,-0.226%,20667159150.00,United States,1986,5915262,Finance,Investment Bankers/Brokers/Service
TRS,TriMas Corporation Common Stock,$24.25,-0.75,-3.00%,984142552.00,United States,2007,680034,Industrials,Industrial Specialties
TRSG,Tungray Technologies Inc Class A Ordinary Shares,$1.02,-0.2242,-18.02%,15300000.00,Singapore,2024,20601,Industrials,Industrial Machinery/Components
TRST,TrustCo Bank Corp NY Common Stock,$30.31,-0.36,-1.174%,576488592.00,United States,,230425,Finance,Major Banks
TRUE,TrueCar Inc. Common Stock,$1.78,0.02,1.136%,155315741.00,United States,2014,1389967,Technology,Computer Software: Programming Data Processing
TRUG,TruGolf Holdings Inc. Class A Common Stock,$0.3916,-0.0104,-2.587%,4655335.00,United States,2021,385848,Consumer Discretionary,Recreational Games/Products/Toys
TRUP,Trupanion Inc. Common Stock,$37.00,0.22,0.598%,1572154568.00,United States,,487452,Health Care,Medical Specialities
TRVG,trivago N.V. American Depositary Shares,$5.40,0.68,14.407%,1898297235.00,Germany,2016,256410,Technology,EDP Services
TRVI,Trevi Therapeutics Inc. Common Stock,$6.47,-0.14,-2.118%,625534022.00,United States,2019,3742647,Health Care,Biotechnology: Pharmaceutical Preparations
TSAT,Telesat Corporation Class A Common Shares and Class B Variable Voting Shares ,$20.89,-0.65,-3.018%,1054383059.00,Canada,,34594,Industrials,Metal Fabrications
TSBK,Timberland Bancorp Inc. Common Stock,$30.09,0.10,0.333%,239379581.00,United States,,41428,Finance,Banks
TSBX,Turnstone Biologics Corp. Common Stock,$0.4099,-0.0099,-2.358%,9480353.00,United States,2023,25551,Health Care,Biotechnology: Biological Products (No Diagnostic Substances)
TSCO,Tractor Supply Company Common Stock,$52.46,0.62,1.196%,27885024552.00,United States,1994,6332723,Consumer Discretionary,RETAIL: Building Materials
TSEM,Tower Semiconductor Ltd. Ordinary Shares,$38.25,-0.40,-1.035%,4239046841.00,Israel,1994,302123,Technology,Semiconductors
TSHA,Taysha Gene Therapies Inc. Common Stock,$1.64,-0.06,-3.529%,336202676.00,United States,2020,5304703,Health Care,Biotechnology: Biological Products (No Diagnostic Substances)
TSLA,Tesla Inc. Common Stock,$248.71,12.45,5.27%,799979952272.00,United States,2010,132728684,Consumer Discretionary,Auto Manufacturing
TSSI,TSS Inc. Common Stock,$9.38,0.28,3.077%,210793701.00,United States,,849506,Consumer Discretionary,Professional Services
TSVT,2seventy bio Inc. Common Stock ,$4.95,0.00,0.00%,255362679.00,United States,,665247,Health Care,Biotechnology: Pharmaceutical Preparations
TTAN,ServiceTitan Inc. Class A Common Stock,$94.46,0.34,0.361%,8495916786.00,United States,2024,1155532,Technology,Computer Software: Prepackaged Software
TTD,The Trade Desk Inc. Class A Common Stock,$56.31,0.46,0.824%,27934746645.00,United States,2016,9045625,Technology,Computer Software: Programming Data Processing
TTEC,TTEC Holdings Inc. Common Stock,$3.64,0.16,4.598%,173838567.00,United States,1996,1448735,Consumer Discretionary,Professional Services
TTEK,Tetra Tech Inc. Common Stock,$29.04,-0.22,-0.752%,7783767966.00,United States,1991,4631785,Consumer Discretionary,Military/Government/Technical
TTGT,TechTarget Inc. Common Stock,$14.35,0.09,0.631%,1025367942.00,United States,,362368,Telecommunications,Telecommunications Equipment
TTMI,TTM Technologies Inc. Common Stock,$22.77,0.14,0.619%,2325013778.00,United States,2000,1831571,Technology,Electrical Products
TTNP,Titan Pharmaceuticals Inc. Common Stock,$4.19,0.5402,14.801%,3830640.00,United States,,164955,Health Care,Biotechnology: Biological Products (No Diagnostic Substances)
TTSH,Tile Shop Holdings Inc. Common Stock,$6.51,0.00,0.00%,290722916.00,United States,,162097,Consumer Discretionary,Home Furnishings
TTWO,Take-Two Interactive Software Inc. Common Stock,$213.47,3.84,1.832%,37676538360.00,United States,1997,3631979,Technology,Computer Software: Prepackaged Software
TURB,Turbo Energy S.A. American Depositary Shares,$2.289,-0.0225,-0.973%,25218233.00,Spain,2023,11780,Miscellaneous,Industrial Machinery/Components
TURN,180 Degree Capital Corp. Common Stock,$3.92,0.05,1.292%,39200553.00,United States,,96536,Finance,Finance/Investors Services
TUSK,Mammoth Energy Services Inc. Common Stock,$2.18,0.05,2.347%,104917664.00,United States,2016,182219,Energy,Oilfield Services/Equipment
TVGN,Tevogen Bio Holdings Inc. Common Stock,$1.14,-0.03,-2.564%,199558422.00,United States,2022,465507,Health Care,Biotechnology: Biological Products (No Diagnostic Substances)
TVGNW,Tevogen Bio Holdings Inc. Warrant,$0.0544,-0.0024,-4.225%,9522788.00,United States,2022,712802,Health Care,Biotechnology: Biological Products (No Diagnostic Substances)
TVTX,Travere Therapeutics Inc. Common Stock,$20.53,-0.30,-1.44%,1821828628.00,United States,,4455998,Health Care,Biotechnology: Pharmaceutical Preparations
TW,Tradeweb Markets Inc. Class A Common Stock,$142.41,-0.59,-0.413%,33633068390.00,United States,2019,1472833,Finance,Investment Bankers/Brokers/Service
TWFG,TWFG Inc. Class A Common Stock,$30.11,-0.04,-0.133%,1685658217.00,United States,2024,83462,Finance,Specialty Insurers
TWG,Top Wealth Group Holding Limited Ordinary Shares,$0.1653,-0.007,-4.063%,4793700.00,Hong Kong,2024,328669,Consumer Staples,Packaged Foods
TWIN,Twin Disc Incorporated Common Stock,$8.22,0.09,1.107%,116278986.00,United States,,68772,Industrials,Industrial Machinery/Components
TWNP,Twin Hospitality Group Inc. Class A Common Stock,$7.02,0.08,1.153%,352181262.00,United States,,55807,Consumer Discretionary,Restaurants
TWST,Twist Bioscience Corporation Common Stock,$42.89,0.84,1.998%,2558437480.00,United States,2018,1319967,Health Care,Biotechnology: Biological Products (No Diagnostic Substances)
TXG,10x Genomics Inc. Class A Common Stock,$10.39,0.44,4.422%,1270716128.00,United States,2019,3434946,Industrials,Biotechnology: Laboratory Analytical Instruments
TXMD,TherapeuticsMD Inc. Common Stock,$0.89,0.0495,5.889%,38906544.00,United States,,73047,Health Care,Biotechnology: Pharmaceutical Preparations
TXN,Texas Instruments Incorporated Common Stock,$179.00,-1.68,-0.93%,162949601809.00,United States,,11822921,Technology,Semiconductors
TXRH,Texas Roadhouse Inc. Common Stock,$169.88,-0.87,-0.51%,11288635063.00,United States,2004,1548547,Consumer Discretionary,Restaurants
TYGO,Tigo Energy Inc. Common Stock,$1.03,0.1054,11.40%,62565457.00,United States,2021,58740,Technology,Semiconductors
TYRA,Tyra Biosciences Inc. Common Stock,$10.69,-0.25,-2.285%,540945974.00,United States,2021,343690,Health Care,Biotechnology: Pharmaceutical Preparations
TZOO,Travelzoo Common Stock,$13.66,-0.15,-1.086%,153608571.00,United States,,130447,Consumer Discretionary,Advertising
TZUP,Thumzup Media Corporation Common Stock,$4.085,0.135,3.418%,38507261.00,United States,,269297,Technology,EDP Services
UAL,United Airlines Holdings Inc. Common Stock,$74.87,0.83,1.121%,24507913157.00,United States,,14825959,Consumer Discretionary,Air Freight/Delivery Services
UBCP,United Bancorp Inc. Common Stock,$13.10,0.48,3.803%,78158242.00,United States,,19777,Finance,Major Banks
UBFO,United Security Bancshares Common Stock,$8.95,-0.09,-0.996%,155038684.00,United States,,22329,Finance,Major Banks
UBSI,United Bankshares Inc. Common Stock,$34.38,-0.33,-0.951%,4923633717.00,United States,,3629559,Finance,Major Banks
UBX,Unity Biotechnology Inc. Common Stock,$1.825,0.125,7.353%,30783456.00,United States,2018,53497,Health Care,Biotechnology: Pharmaceutical Preparations
UBXG,U-BX Technology Ltd. Ordinary Shares,$4.20,0.3799,9.945%,7796250.00,China,2024,8529,Technology,Computer Software: Programming Data Processing
UCAR,U Power Limited Class A Ordinary Shares,$2.82,0.27,10.588%,9531600.00,China,2023,114437,Consumer Discretionary,Auto Parts:O.E.M.
UCL,uCloudlink Group Inc. American Depositary Shares,$1.28,0.03,2.40%,47934170.00,Hong Kong,2020,24438,Consumer Discretionary,Telecommunications Equipment
UCTT,Ultra Clean Holdings Inc. Common Stock,$24.25,-0.43,-1.742%,1094458227.00,United States,2004,637330,Technology,Semiconductors
UDMY,Udemy Inc. Common Stock,$8.51,0.00,0.00%,1257305440.00,United States,2021,945586,Real Estate,Other Consumer Services
UEIC,Universal Electronics Inc. Common Stock,$6.44,-0.16,-2.424%,84439045.00,United States,1993,78119,Consumer Staples,Consumer Electronics/Appliances
UFCS,United Fire Group Inc. Common Stock,$28.76,-0.28,-0.964%,729971307.00,United States,,336566,Finance,Property-Casualty Insurers
UFG,Uni-Fuels Holdings Limited Class A Ordinary Shares,$5.43,0.22,4.223%,174303000.00,Singapore,2025,360311,Energy,Oil Refining/Marketing
UFPI,UFP Industries Inc. Common Stock,$107.50,-0.40,-0.371%,6521244873.00,United States,1993,1860048,Basic Materials,Forest Products
UFPT,UFP Technologies Inc. Common Stock,$198.85,-13.77,-6.476%,1527228649.00,United States,1993,175223,Health Care,Medical/Dental Instruments
UG,United-Guardian Inc. Common Stock,$9.61,-0.30,-3.027%,44151406.00,United States,,47730,Consumer Discretionary,Package Goods/Cosmetics
UGRO,urban-gro Inc. Common Stock,$0.60,-0.0476,-7.35%,7617934.00,United States,,101840,Consumer Discretionary,Industrial Specialties
UHG,United Homes Group Inc Class A Common Stock,$3.39,-0.19,-5.307%,198662095.00,United States,2021,745255,Consumer Discretionary,Homebuilding
UHGWW,United Homes Group Inc. Warrant,$0.73,0.0095,1.319%,42779743.00,United States,2021,906,Consumer Discretionary,Homebuilding
UK,Ucommune International Ltd Ordinary Shares,$1.11,-0.0434,-3.763%,695932.00,United States,2019,19307,Consumer Discretionary,Business Services
UKOMW,Ucommune International Ltd Warrant expiring 11/17/2025,$0.01,0.0023,29.87%,6270.00,United States,2019,2001,Consumer Discretionary,Business Services
ULBI,Ultralife Corporation Common Stock,$5.47,-0.04,-0.726%,90949307.00,United States,1992,63488,Miscellaneous,Industrial Machinery/Components
ULCC,Frontier Group Holdings Inc. Common Stock,$5.47,-0.05,-0.906%,1243049153.00,United States,2021,2701093,Consumer Discretionary,Air Freight/Delivery Services
ULH,Universal Logistics Holdings Inc. Common Stock,$26.47,-0.22,-0.824%,696619619.00,United States,2005,71826,Industrials,Trucking Freight/Courier Services
ULTA,Ulta Beauty Inc. Common Stock,$350.57,9.68,2.84%,16256820647.00,United States,2007,1730442,Consumer Discretionary,Other Specialty Stores
ULY,Urgent.ly Inc. Common Stock,$5.07,0.24,4.969%,6311643.00,United States,,185286,Technology,EDP Services
UMBF,UMB Financial Corporation Common Stock,$102.35,-0.32,-0.312%,7429705840.00,United States,,1791458,Finance,Major Banks
UMBFP,UMB Financial Corporation Depositary Shares each representing a 1/400th of 7.00% Fixed-Rate Reset Non-Cumulative Perpetual Preferred Stock,$25.31,-0.03,-0.118%,1837282411.00,United States,,11621,,
UNB,Union Bankshares Inc. Common Stock,$31.49,0.09,0.287%,142478174.00,United States,,18960,Finance,Major Banks
UNCY,Unicycive Therapeutics Inc. Common Stock,$0.68,0.031,4.777%,77058033.00,United States,2021,1994011,Health Care,Biotechnology: Pharmaceutical Preparations
UNIT,Uniti Group Inc. Common Stock,$4.99,0.00,0.00%,1218703893.00,United States,,5338392,Real Estate,Real Estate Investment Trusts
UNTY,Unity Bancorp Inc. Common Stock,$42.14,0.53,1.274%,423827138.00,United States,,66481,Finance,Major Banks
UOKA,MDJM LTD Ordinary Share,$0.1675,-0.0002,-0.119%,1955599.00,China,2019,1272641,Finance,Real Estate
UONE,Urban One Inc. Class A Common Stock,$1.40,-0.0138,-0.976%,67067445.00,United States,,21847,Consumer Discretionary,Broadcasting
UONEK,Urban One Inc. Class D Common Stock,$0.6901,-0.0009,-0.13%,33059460.00,United States,,7555,Consumer Discretionary,Broadcasting
UPB,Upstream Bio Inc. Common Stock,$7.62,-0.43,-5.342%,408743620.00,United States,2024,742316,Health Care,Biotechnology: Pharmaceutical Preparations
UPBD,Upbound Group Inc. Common Stock,$24.81,0.18,0.731%,1424678797.00,United States,,1004649,Consumer Discretionary,Diversified Commercial Services
UPC,Universe Pharmaceuticals Inc. Ordinary Shares,$0.0881,-0.0009,-1.011%,138881.00,China,2021,1447162,Health Care,Biotechnology: Pharmaceutical Preparations
UPLD,Upland Software Inc. Common Stock,$3.40,0.06,1.796%,95772108.00,United States,2014,181737,Technology,Computer Software: Prepackaged Software
UPST,Upstart Holdings Inc. Common stock,$51.96,2.26,4.547%,4869223352.00,United States,2020,4447806,Finance,Finance: Consumer Services
UPWK,Upwork Inc. Common Stock,$13.57,0.12,0.892%,1838186976.00,United States,2018,2789828,Technology,EDP Services
UPXI,Upexi Inc. Common Stock,$2.33,-0.20,-7.905%,3077753.00,United States,2021,24642,Health Care, Medicinal Chemicals and Botanical Products 
URBN,Urban Outfitters Inc. Common Stock,$49.13,0.18,0.368%,4533574611.00,United States,1993,2587219,Consumer Discretionary,Clothing/Shoe/Accessory Stores
URGN,UroGen Pharma Ltd. Ordinary Shares,$12.13,0.11,0.915%,559124490.00,Israel,2017,468344,Health Care,Biotechnology: Pharmaceutical Preparations
UROY,Uranium Royalty Corp. Common Stock,$1.93,-0.02,-1.026%,257832790.00,Canada,,2157708,Finance,Investment Bankers/Brokers/Service
USAR,USA Rare Earth Inc. Class A Common Stock,$11.10,-0.90,-7.50%,93854374.00,United States,2023,388158,Basic Materials,Metal Mining
USARW,USA Rare Earth Inc. Warrant,$1.13,-0.07,-5.833%,9554544.00,United States,2023,105388,Basic Materials,Metal Mining
USAU,U.S. Gold Corp. Common Stock,$10.36,-1.14,-9.913%,129356162.00,United States,,676690,Basic Materials,Metal Mining
USCB,USCB Financial Holdings Inc. Class A Common Stock,$18.85,-0.34,-1.772%,377999521.00,United States,2021,85461,Finance,Major Banks
USEA,United Maritime Corporation Common Stock,$1.50,-0.09,-5.66%,13518684.00,Greece,,61458,Consumer Discretionary,Marine Transportation
USEG,U.S. Energy Corp. Common Stock (DE),$1.37,-0.04,-2.837%,46334796.00,United States,,354557,Energy,Oil & Gas Production
USGO,U.S. GoldMining Inc. Common stock,$9.91,-0.26,-2.557%,123326065.00,United States,2023,17431,Basic Materials,Precious Metals
USGOW,U.S. GoldMining Inc. Warrant,$1.53,0.03,2.00%,19040250.00,United States,2023,1185,Basic Materials,Precious Metals
USIO,Usio Inc. Common Stock,$1.51,0.04,2.721%,40966804.00,United States,,63339,Finance,Investment Bankers/Brokers/Service
USLM,United States Lime & Minerals Inc. Common Stock,$93.02,-1.32,-1.399%,2662306723.00,United States,,166416,Industrials,Mining & Quarrying of Nonmetallic Minerals (No Fuels)
UTHR,United Therapeutics Corporation Common Stock,$312.99,-0.61,-0.195%,14057062279.00,United States,1999,1155389,Health Care,Biotechnology: Pharmaceutical Preparations
UTMD,Utah Medical Products Inc. Common Stock,$56.81,-0.60,-1.045%,192677932.00,United States,,41241,Health Care,Medical/Dental Instruments
UTSI,UTStarcom Holdings Corp. Ordinary Shares,$2.40,0.00,0.00%,21873048.00,China,2000,317,Telecommunications,Telecommunications Equipment
UVSP,Univest Financial Corporation Common Stock,$28.64,-0.08,-0.279%,830607915.00,United States,,211295,Finance,Major Banks
UXIN,Uxin Limited ADS,$4.03,-0.08,-1.946%,757420675.00,China,2018,11641,Consumer Discretionary,Business Services
VABK,Virginia National Bankshares Corporation Common Stock,$35.77,-0.16,-0.445%,192117522.00,United States,,16907,Finance,Major Banks
VACH,Voyager Acquisition Corp Class A Ordinary Shares,$10.20,0.00,0.00%,0.00,United States,2024,101,,
VACHU,Voyager Acquisition Corp Unit,$10.26,-0.04,-0.388%,0.00,United States,2024,1336,,
VACHW,Voyager Acquisition Corp Warrants,$0.1567,0.0067,4.467%,0.00,United States,2024,1255,Finance,Blank Checks
VALN,Valneva SE American Depositary Shares,$7.17,-0.08,-1.103%,498000029.00,France,2021,17733,Health Care,Biotechnology: Biological Products (No Diagnostic Substances)
VALU,Value Line Inc. Common Stock,$37.97,0.83,2.235%,357432949.00,United States,1983,8531,Finance,Investment Managers
VANI,Vivani Medical Inc. Common Stock (DE),$1.09,-0.01,-0.909%,64565811.00,United States,2014,33109,Health Care,Biotechnology: Electromedical & Electrotherapeutic Apparatus
VBFC,Village Bank and Trust Financial Corp. Common Stock,$80.15,0.12,0.15%,120250888.00,United States,,1338,Finance,Major Banks
VBNK,VersaBank Common Shares,$10.11,-0.22,-2.13%,262886053.00,Canada,,89356,Finance,Commercial Banks
VBTX,Veritex Holdings Inc. Common Stock,$24.52,0.04,0.163%,1335589075.00,United States,2014,643746,Finance,Major Banks
VC,Visteon Corporation Common Stock,$80.28,-1.76,-2.145%,2174021175.00,United States,,853737,Consumer Discretionary,Auto Parts:O.E.M.
VCEL,Vericel Corporation Common Stock,$46.26,-0.92,-1.95%,2311592216.00,United States,,830229,Health Care,Biotechnology: Biological Products (No Diagnostic Substances)
VCIC,Vine Hill Capital Investment Corp. Class A Ordinary Shares,$10.18,0.02,0.197%,0.00,United States,2024,859,,
VCICU,Vine Hill Capital Investment Corp. Unit,$10.27,-0.06,-0.581%,0.00,United States,2024,450,,
VCICW,Vine Hill Capital Investment Corp. Warrant,$0.2231,0.00,0.00%,0.00,United States,2024,12,Finance,Blank Checks
VCIG,VCI Global Limited Ordinary Share,$0.7294,-0.1006,-12.12%,2253384.00,Malaysia,2023,926707,Consumer Discretionary,Diversified Commercial Services
VCSA,Vacasa Inc. Class A Common Stock,$5.49,0.09,1.667%,125547110.00,United States,,149012,Finance,Diversified Commercial Services
VCTR,Victory Capital Holdings Inc. Class A Common Stock,$59.87,-0.38,-0.631%,3811443222.00,United States,2018,685047,Finance,Investment Managers
VCYT,Veracyte Inc. Common Stock,$31.82,-0.02,-0.063%,2480202645.00,United States,2013,1810011,Health Care,Medical Specialities
VECO,Veeco Instruments Inc. Common Stock,$21.16,-0.47,-2.173%,1225922523.00,United States,1994,1361175,Technology,Industrial Machinery/Components
VEEA,Veea Inc. Common Stock,$1.68,-0.01,-0.592%,59953752.00,United States,2021,13385,Finance,Blank Checks
VEEAW,Veea Inc. Warrant,$0.0701,-0.0049,-6.533%,2501642.00,United States,2021,10000,Finance,Blank Checks
VEEE,Twin Vee PowerCats Co. Common Stock,$0.35,0.00,0.00%,3332000.00,United States,2021,212508,Industrials,Marine Transportation
VEON,VEON Ltd. ADS,$45.95,0.915,2.032%,3398812461.00,Netherlands,,71779,Telecommunications,Telecommunications Equipment
VERA,Vera Therapeutics Inc. Class A Common Stock,$27.08,-0.62,-2.238%,1726303693.00,United States,2021,1141530,Health Care,Biotechnology: Pharmaceutical Preparations
VERB,Verb Technology Company Inc. Common Stock,$5.46,0.34,6.641%,5422168.00,United States,,13668,Consumer Discretionary,Other Consumer Services
VERI,Veritone Inc. Common Stock,$2.76,0.05,1.845%,105547263.00,United States,2017,453430,Technology,EDP Services
VERO,Venus Concept Inc. Common Stock,$3.10,0.425,15.888%,2044670.00,United States,2017,59175,Health Care,Medical/Dental Instruments
VERU,Veru Inc. Common Stock,$0.5166,0.0118,2.338%,75621933.00,United States,,1016892,Health Care,Biotechnology: Pharmaceutical Preparations
VERV,Verve Therapeutics Inc. Common Stock,$5.55,0.01,0.181%,492816512.00,United States,2021,1163502,Health Care,Biotechnology: Pharmaceutical Preparations
VERX,Vertex Inc. Class A Common Stock,$35.71,-0.45,-1.244%,5648717715.00,United States,2020,1845551,Technology,Computer Software: Prepackaged Software
VFF,Village Farms International Inc. Common Shares,$0.7036,0.0236,3.471%,79040313.00,Canada,,207226,,
VFS,VinFast Auto Ltd. Ordinary Shares,$3.44,0.12,3.614%,8041992433.00,Singapore,,297903,Finance,Blank Checks
VFSWW,VinFast Auto Ltd. Warrant,$0.30,0.015,5.263%,701336549.00,Singapore,,8238,,
VGAS,Verde Clean Fuels Inc. Class A Common Stock,$3.50,-0.25,-6.667%,112173674.00,United States,2021,35223,Industrials,Major Chemicals
VIASP,Via Renewables Inc. 8.75% Series A Fixed-to-Floating Rate Cumulative Redeemable Perpetual Preferred Stock,$24.15,-0.06,-0.248%,176858395.00,United States,,5570,Utilities,Power Generation
VIAV,Viavi Solutions Inc. Common Stock,$11.62,0.26,2.289%,2581237355.00,United States,,6063450,Technology,Semiconductors
VICR,Vicor Corporation Common Stock,$53.64,0.68,1.284%,2423587315.00,United States,,393156,Technology,Industrial Machinery/Components
VIGL,Vigil Neuroscience Inc. Common Stock,$1.89,0.05,2.717%,88209199.00,United States,2022,158449,Health Care,Biotechnology: Biological Products (No Diagnostic Substances)
VINC,Vincerx Pharma Inc. Common Stock,$0.648,0.028,4.516%,1451248.00,United States,2020,255622,Health Care,Biotechnology: Pharmaceutical Preparations
VINP,Vinci Partners Investments Ltd. Class A Common Shares,$10.34,0.01,0.097%,670714068.00,Brazil,2021,63015,Finance,Investment Managers
VIOT,Viomi Technology Co. Ltd American Depositary Shares,$1.88,-0.05,-2.591%,128258046.00,China,2018,174040,Consumer Discretionary,Consumer Electronics/Appliances
VIR,Vir Biotechnology Inc. Common Stock,$6.93,0.06,0.873%,950402972.00,United States,2019,2903813,Health Care,Biotechnology: Biological Products (No Diagnostic Substances)
VIRC,Virco Manufacturing Corporation Common Stock,$9.59,-0.13,-1.337%,156215404.00,United States,,69448,Consumer Discretionary,Industrial Specialties
VIRT,Virtu Financial Inc. Class A Common Stock,$37.58,-0.14,-0.371%,5821337566.00,United States,2015,1425805,Finance,Investment Bankers/Brokers/Service
VITL,Vital Farms Inc. Common Stock,$29.79,0.27,0.915%,1318431968.00,United States,2020,698889,Consumer Staples,Packaged Foods
VIVK,Vivakor Inc. Common Stock,$0.91,-0.03,-3.191%,30610828.00,United States,,53811,Utilities,Environmental Services
VKTX,Viking Therapeutics Inc. Common Stock,$28.95,0.60,2.116%,3249574071.00,United States,2015,3487978,Health Care,Biotechnology: Pharmaceutical Preparations
VLCN,Volcon Inc. Common stock,$0.88,-0.073,-7.66%,493594.00,United States,2021,167829,Consumer Discretionary,Auto Manufacturing
VLGEA,Village Super Market Inc. Class A Common Stock,$34.96,0.30,0.866%,515548268.00,United States,,168103,Consumer Staples,Food Chains
VLY,Valley National Bancorp Common Stock,$8.85,0.04,0.454%,4958440688.00,United States,,16357144,Finance,Major Banks
VLYPN,Valley National Bancorp 8.250% Fixed-Rate Reset Non-Cumulative Perpetual Preferred Stock Series C,$25.22,0.11,0.438%,14130155272.00,United States,,9401,Finance,Major Banks
VLYPO,Valley National Bancorp 5.50% Fixed-to-Floating Rate Non-Cumulative Perpetual Preferred Stock Series B,$24.95,0.00,0.00%,13978880811.00,United States,,3029,Finance,Major Banks
VLYPP,Valley National Bancorp 6.25% Fixed-to-Floating Rate Non-Cumulative Perpetual Preferred Stock Series A,$24.85,-0.14,-0.56%,13922853232.00,United States,,2092,Finance,Major Banks
VMAR,Vision Marine Technologies Inc. Common Shares,$0.639,0.002,0.314%,1821590.00,Canada,2020,196989,Industrials,Marine Transportation
VMD,Viemed Healthcare Inc. Common Shares,$7.24,-0.12,-1.63%,281098785.00,United States,,198576,Health Care,Misc Health and Biotechnology Services
VMEO,Vimeo Inc. Common Stock,$5.47,-0.05,-0.906%,901738733.00,United States,,2690377,Technology,Computer Software: Programming Data Processing
VNDA,Vanda Pharmaceuticals Inc. Common Stock,$4.77,-0.15,-3.049%,278167530.00,United States,2006,606836,Health Care,Biotechnology: Pharmaceutical Preparations
VNET,VNET Group Inc. American Depositary Shares,$8.71,-0.15,-1.693%,2325275454.00,China,2011,10253351,Technology,Computer Software: Programming Data Processing
VNOM,Viper Energy Inc. Class A Common Stock,$44.23,-1.14,-2.513%,9692778573.00,United States,2014,3753973,Energy,Oil & Gas Production
VOD,Vodafone Group Plc American Depositary Shares,$9.73,0.03,0.309%,24820172592.00,United Kingdom,,11088831,Telecommunications,Telecommunications Equipment
VOR,Vor Biopharma Inc. Common Stock,$0.87,0.018,2.113%,59746042.00,United States,2021,313573,Health Care,Biotechnology: Biological Products (No Diagnostic Substances)
VOXR,Vox Royalty Corp. Common Stock,$2.925,0.045,1.563%,147353992.00,Canada,,330234,Basic Materials,Precious Metals
VOXX,VOXX International Corporation Class A Common Stock,$7.485,-0.005,-0.067%,168621099.00,United States,,100894,Technology,Electronic Components
VRA,Vera Bradley Inc. Common Stock,$2.37,-0.07,-2.869%,65711713.00,United States,2010,422150,Consumer Discretionary,Apparel
VRAR,The Glimpse Group Inc. Common Stock,$1.30,0.07,5.691%,27356883.00,United States,2021,149433,Technology,EDP Services
VRAX,Virax Biolabs Group Limited Ordinary Shares,$1.22,-0.05,-3.937%,5294800.00,United Kingdom,2022,42644,Health Care,Biotechnology: In Vitro & In Vivo Diagnostic Substances
VRCA,Verrica Pharmaceuticals Inc. Common Stock,$0.558,-0.0519,-8.51%,51213236.00,United States,2018,2624659,Health Care,Biotechnology: Pharmaceutical Preparations
VRDN,Viridian Therapeutics Inc. Common Stock,$15.26,-0.06,-0.392%,1243460337.00,United States,2014,1790562,Health Care,Medical Specialities
VREX,Varex Imaging Corporation Common Stock,$12.57,-0.29,-2.255%,517884000.00,United States,,397506,Technology,Industrial Machinery/Components
VRM,Vroom Inc. Common Stock,$26.75,-1.15,-4.122%,138113166.00,United States,,1843,Consumer Discretionary,Retail-Auto Dealers and Gas Stations
VRME,VerifyMe Inc. Common Stock,$0.7988,-0.0712,-8.184%,9868992.00,United States,,117325,Technology,EDP Services
VRMEW,VerifyMe Inc. Warrant,$0.056,0.0158,39.303%,691867.00,United States,,999,Technology,EDP Services
VRNA,Verona Pharma plc American Depositary Share,$66.81,0.54,0.815%,5677439040.00,United Kingdom,2017,679797,Health Care,Biotechnology: Pharmaceutical Preparations
VRNS,Varonis Systems Inc. Common Stock,$41.00,-0.54,-1.30%,4614556396.00,United States,2014,2415995,Technology,Computer Software: Prepackaged Software
VRNT,Verint Systems Inc. Common Stock,$21.40,-0.49,-2.238%,1332892280.00,United States,2010,1390516,Technology,EDP Services
VRPX,Virpax Pharmaceuticals Inc. Common Stock,$2.07,-0.4275,-17.117%,2646503.00,United States,2021,2215075,Health Care,Biotechnology: Pharmaceutical Preparations
VRRM,Verra Mobility Corporation Class A Common Stock,$21.07,0.17,0.813%,3362642462.00,United States,2017,3119473,Consumer Discretionary,Transportation Services
VRSK,Verisk Analytics Inc. Common Stock,$285.16,-2.52,-0.876%,40001151211.00,United States,2009,1387929,Technology,EDP Services
VRSN,VeriSign Inc. Common Stock,$244.51,2.20,0.908%,23130646000.00,United States,1998,2031278,Technology,EDP Services
VRTX,Vertex Pharmaceuticals Incorporated Common Stock,$503.20,-6.98,-1.368%,129216662081.00,United States,1991,2280547,Health Care,Biotechnology: Pharmaceutical Preparations
VS,Versus Systems Inc. Common Shares,$2.05,-0.05,-2.381%,5137331.00,Canada,,8097,Technology,EDP Services
VSAT,ViaSat Inc. Common Stock,$9.78,0.18,1.875%,1262793492.00,United States,1996,4191993,Technology,Radio And Television Broadcasting And Communications Equipment
VSEC,VSE Corporation Common Stock,$120.36,-0.25,-0.207%,2479497123.00,United States,,350777,Consumer Discretionary,Military/Government/Technical
VSEE,VSee Health Inc. Common Stock,$1.21,-0.02,-1.626%,18954381.00,United States,2021,27503,Health Care,Medical/Nursing Services
VSEEW,VSee Health Inc. Warrant,$0.04,0.00,0.00%,626591.00,United States,2021,400,Health Care,Medical/Nursing Services
VSME,VS Media Holdings Limited Class A Ordinary Shares,$0.98,-0.09,-8.411%,3188080.00,China,2023,50920,Consumer Discretionary,Publishing
VSTA,Vasta Platform Limited Class A Ordinary Shares,$3.51,0.03,0.862%,284317845.00,Brazil,2020,36276,Real Estate,Other Consumer Services
VSTE,Vast Renewables Limited Ordinary Shares,$0.3701,0.0041,1.12%,11093194.00,Australia,,453381,Industrials,Building Products
VSTEW,Vast Renewables Limited Warrants,$0.04,0.001,2.564%,1198940.00,Australia,,22114,Industrials,Building Products
VSTM,Verastem Inc. Common Stock,$6.65,-0.17,-2.493%,295968398.00,United States,2012,912052,Health Care,Biotechnology: Pharmaceutical Preparations
VTGN,Vistagen Therapeutics Inc. Common Stock,$2.79,0.02,0.722%,80525217.00,United States,,82525,Health Care,Biotechnology: Pharmaceutical Preparations
VTRS,Viatris Inc. Common Stock,$9.15,-0.29,-3.072%,10922252053.00,United States,,71873385,Health Care,Biotechnology: Pharmaceutical Preparations
VTSI,VirTra Inc. Common Stock,$5.21,-0.01,-0.192%,58575639.00,United States,,83474,Consumer Discretionary,Miscellaneous manufacturing industries
VTVT,vTv Therapeutics Inc. Class A Common Stock,$16.64,-0.965,-5.481%,53075044.00,United States,2015,20067,Health Care,Biotechnology: Pharmaceutical Preparations
VTYX,Ventyx Biosciences Inc. Common Stock,$1.32,-0.01,-0.752%,93891671.00,United States,2021,968046,Health Care,Biotechnology: Pharmaceutical Preparations
VUZI,Vuzix Corporation Common Stock,$2.30,0.00,0.00%,175357555.00,United States,,622369,Technology,Radio And Television Broadcasting And Communications Equipment
VVOS,Vivos Therapeutics Inc. Common Stock,$3.60,0.09,2.564%,17407080.00,United States,2020,62043,Health Care,Medical/Dental Instruments
VVPR,VivoPower International PLC Ordinary Shares,$1.29,0.4421,52.141%,5727256.00,United Kingdom,,65083594,Utilities,Power Generation
VXRT,Vaxart Inc Common Stock,$0.5161,-0.0516,-9.089%,117402330.00,United States,,2624783,Health Care,Biotechnology: Biological Products (No Diagnostic Substances)
VYGR,Voyager Therapeutics Inc. Common Stock,$3.88,0.00,0.00%,214202714.00,United States,2015,428036,Health Care,Biotechnology: Biological Products (No Diagnostic Substances)
VYNE,VYNE Therapeutics Inc. Common Stock,$1.72,0.04,2.381%,26160963.00,United States,2018,854949,Health Care,Biotechnology: Pharmaceutical Preparations
WABC,Westamerica Bancorporation Common Stock,$51.09,-0.30,-0.584%,1364533433.00,United States,,419035,Finance,Major Banks
WAFD,WaFd Inc. Common Stock,$27.66,-0.59,-2.088%,2255709954.00,United States,,4973259,Finance,Major Banks
WAFDP,WaFd Inc. Depositary Shares,$16.59,0.04,0.242%,1352936664.00,United States,,24817,Finance,Major Banks
WAFU,Wah Fu Education Group Limited Ordinary Shares,$1.59,-0.01,-0.625%,7012789.00,China,2019,58852,Real Estate,Other Consumer Services
WAI,Top KingWin Ltd Class A Ordinary Shares,$0.2299,0.0019,0.833%,42064203.00,China,2023,104636,Consumer Discretionary,Business Services
WALD,Waldencast plc Class A Ordinary Share,$3.11,-0.02,-0.639%,380008232.00,United States,2021,105497,Consumer Discretionary,Package Goods/Cosmetics
WALDW,Waldencast plc Warrant ,$0.131,0.00,0.00%,16006778.00,United States,2021,3226,Consumer Discretionary,Package Goods/Cosmetics
WASH,Washington Trust Bancorp Inc. Common Stock,$31.30,-0.24,-0.761%,603343401.00,United States,,952146,Finance,Major Banks
WATT,Energous Corporation Common Stock,$0.2973,-0.0167,-5.318%,9048839.00,United States,2014,536972,Technology,Radio And Television Broadcasting And Communications Equipment
WAVE,Eco Wave Power Global AB (publ) American Depositary Shares,$7.40,0.12,1.648%,345830446.00,Israel,2021,16238,Utilities,Electric Utilities: Central
WAY,Waystar Holding Corp. Common Stock,$37.48,-0.68,-1.782%,6452250926.00,United States,2024,4832695,Technology,EDP Services
WB,Weibo Corporation American Depositary Share,$10.12,-0.05,-0.492%,2455222733.00,China,2014,3533703,Technology,Computer Software: Programming Data Processing
WBA,Walgreens Boots Alliance Inc. Common Stock,$11.10,-0.02,-0.18%,9592103495.00,United States,,37250201,Consumer Staples,Retail-Drug Stores and Proprietary Stores
WBD,Warner Bros. Discovery Inc. Series A Common Stock ,$10.74,0.09,0.845%,26364168979.00,United States,,55499140,Telecommunications,Cable & Other Pay Television Services
WBTN,WEBTOON Entertainment Inc. Common stock,$8.73,0.07,0.808%,1124984082.00,United States,2024,748775,Consumer Discretionary,Publishing
WCT,Wellchange Holdings Company Limited Ordinary shares,$0.2358,-0.0241,-9.273%,4975380.00,Hong Kong,2024,2884425,Technology,Computer Software: Prepackaged Software
WDAY,Workday Inc. Class A Common Stock,$249.49,-0.98,-0.391%,66364340000.00,United States,,2831862,Technology,EDP Services
WDC,Western Digital Corporation Common Stock,$43.66,-0.85,-1.91%,15185991561.00,United States,,7713159,Technology,Electronic Components
WDFC,WD-40 Company Common Stock,$230.67,-5.27,-2.234%,3124710950.00,United States,1973,189154,Industrials,Major Chemicals
WEN,Wendy's Company (The) Common Stock,$15.26,-0.17,-1.102%,3059402138.00,United States,,5919054,Consumer Discretionary,Restaurants
WERN,Werner Enterprises Inc. Common Stock,$29.57,0.32,1.094%,1829561220.00,United States,1986,1318218,Industrials,Trucking Freight/Courier Services
WEST,Westrock Coffee Company Common Stock,$6.89,0.37,5.675%,649229508.00,United States,,593997,Consumer Staples,Beverages (Production/Distribution)
WETH,Wetouch Technology Inc. Common Stock,$1.50,0.13,9.489%,17897301.00,China,,265100,Technology,Computer peripheral equipment
WETO,Webus International Limited Ordinary Shares,$3.90,-0.15,-3.704%,85800000.00,China,2025,29023,Industrials,Other Transportation
WEYS,Weyco Group Inc. Common Stock,$28.88,-0.465,-1.585%,278501074.00,United States,,46643,Consumer Staples,Apparel
WFCF,Where Food Comes From Inc. Common Stock,$11.55,-0.12,-1.028%,60442790.00,United States,,2968,Technology,Computer Software: Prepackaged Software
WFRD,Weatherford International plc Ordinary Shares,$52.23,-0.63,-1.192%,3804766010.00,United States,,4730425,Industrials,Metal Fabrications
WGRX,Wellgistics Health Inc. Common Stock,$4.96,0.225,4.752%,257699320.00,United States,2025,965843,Health Care,Other Pharmaceuticals
WGS,GeneDx Holdings Corp. Class A Common Stock,$104.39,7.68,7.941%,2930047123.00,United States,2020,705415,Technology,Retail: Computer Software & Peripheral Equipment
WGSWW,GeneDx Holdings Corp. Warrant,$0.2413,0.0362,17.65%,6772875.00,United States,2020,140911,Technology,Retail: Computer Software & Peripheral Equipment
WHF,WhiteHorse Finance Inc. Common Stock,$9.60,-0.265,-2.686%,223133645.00,United States,,155496,Finance,Finance Companies
WHFCL,WhiteHorse Finance Inc. 7.875% Notes due 2028,$25.20,-0.04,-0.158%,585725818.00,United States,,4895,,
WHLR,Wheeler Real Estate Investment Trust Inc. Common Stock,$1.11,-0.02,-1.77%,1294741.00,United States,2012,353856,Real Estate,Real Estate Investment Trusts
WHLRD,Wheeler Real Estate Investment Trust Inc. Series D Cumulative Preferred Stock,$30.51,-0.04,-0.131%,35587871.00,United States,,909,Real Estate,Real Estate Investment Trusts
WHLRL,Wheeler Real Estate Investment Trust Inc. 7.00% Senior Subordinated Convertible Notes Due 2031,$182.40,0.00,0.00%,212757379.00,United States,,397,Real Estate,Real Estate Investment Trusts
WHWK,Whitehawk Therapeutics Inc. Common Stock,$2.05,0.09,4.592%,50527154.00,United States,,401616,Health Care,Biotechnology: Pharmaceutical Preparations
WILC,G. Willi-Food International  Ltd. Ordinary Shares,$16.24,-0.0691,-0.424%,225200356.00,Israel,,5436,Consumer Discretionary,Food Distributors
WIMI,WiMi Hologram Cloud Inc. American Depositary Share,$0.70,-0.0273,-3.754%,68745629.00,China,2020,2119685,Technology,Computer Software: Prepackaged Software
WINA,Winmark Corporation Common Stock,$319.52,-2.90,-0.899%,1131086102.00,United States,,31076,Consumer Discretionary,Other Specialty Stores
WING,Wingstop Inc. Common Stock,$215.46,-4.73,-2.148%,6175653492.00,United States,2015,1311268,Consumer Discretionary,Restaurants
WINT,Windtree Therapeutics Inc. Common Stock,$1.48,-0.70,-32.11%,1036000.00,United States,,3676177,Health Care,Biotechnology: Biological Products (No Diagnostic Substances)
WIX,Wix.com Ltd. Ordinary Shares,$172.33,3.20,1.892%,9852553296.00,Israel,2013,1017255,Technology,Computer Software: Programming Data Processing
WKEY,WISeKey International Holding Ltd American Depositary Shares,$4.63,0.38,8.941%,44818400.00,Switzerland,,117016,Technology,EDP Services
WKHS,Workhorse Group Inc. Common Stock,$2.13,-0.07,-3.182%,6983256.00,United States,,327847,Consumer Discretionary,Auto Manufacturing
WKSP,Worksport Ltd. Common Stock,$3.64,0.25,7.375%,17451805.00,Canada,,168986,Consumer Discretionary,Auto Parts:O.E.M.
WLAC,Willow Lane Acquisition Corp. Class A Ordinary Shares,$10.03,0.00,0.00%,0.00,United States,2024,3,,
WLDN,Willdan Group Inc. Common Stock,$41.96,-1.10,-2.555%,604544658.00,United States,2006,323258,Consumer Discretionary,Military/Government/Technical
WLDS,Wearable Devices Ltd. Ordinary Share,$2.01,0.13,6.915%,1979806.00,Israel,2022,51110,Telecommunications,Computer Communications Equipment
WLDSW,Wearable Devices Ltd. Warrant,$2.93,-1.88,-39.085%,2885986.00,Israel,2022,19926,Telecommunications,Computer Communications Equipment
WLFC,Willis Lease Finance Corporation Common Stock,$182.96,-2.98,-1.603%,1208705114.00,United States,1996,42883,Consumer Discretionary,Industrial Specialties
WLGS,Wang & Lee Group Inc. Ordinary Shares,$5.17,-0.20,-3.724%,78035189.00,Hong Kong,2023,474222,Consumer Discretionary,Engineering & Construction
WMG,Warner Music Group Corp. Class A Common Stock,$32.44,-0.04,-0.123%,16880512300.00,United States,2020,7060372,Consumer Discretionary,Services-Misc. Amusement & Recreation
WMPN,William Penn Bancorporation Common Stock,$10.62,-0.20,-1.848%,97791265.00,United States,2021,34000,Finance,Banks
WNEB,Western New England Bancorp Inc. Common Stock,$9.15,0.05,0.549%,189848757.00,United States,,55434,Finance,Savings Institutions
WNW,Meiwu Technology Company Limited Ordinary Shares,$0.1524,0.0099,6.947%,445515.00,China,2020,1156592,Consumer Discretionary,Catalog/Specialty Distribution
WOK,WORK Medical Technology Group LTD Class A Ordinary Shares,$0.64,-0.02,-3.03%,9338843.00,China,2024,154587,Health Care,Medical/Dental Instruments
WOOF,Petco Health and Wellness Company Inc. Class A Common Stock,$2.44,0.03,1.245%,764813193.00,United States,2021,3644570,Consumer Discretionary,Other Specialty Stores
WORX,SCWorx Corp. Common Stock,$0.769,0.046,6.362%,1251138.00,United States,2016,17786,Consumer Discretionary,Services-Misc. Amusement & Recreation
WPRT,Westport Fuel Systems Inc Common Shares,$3.70,-0.15,-3.896%,63879997.00,Canada,2008,17685,Industrials,Industrial Machinery/Components
WRAP,Wrap Technologies Inc. Common Stock,$2.07,0.06,2.985%,94977607.00,United States,,130136,Industrials,Ordnance And Accessories
WRD,WeRide Inc. American Depositary Shares,$15.88,-0.08,-0.501%,4309474859.00,China,2024,682921,Technology,EDP Services
WRLD,World Acceptance Corporation Common Stock,$125.40,0.30,0.24%,720633296.00,United States,1991,47990,Finance,Finance: Consumer Services
WSBC,WesBanco Inc. Common Stock,$31.55,-0.21,-0.661%,2112048874.00,United States,,2266566,Finance,Major Banks
WSBCP,WesBanco Inc. Depositary Shares Each Representing a 1/40th Interest in a Share of 6.75% Fixed-Rate Reset Non-Cumulative Perpetual Preferred Stock Series A,$25.24,0.07,0.278%,1689639099.00,United States,,1212,Finance,Major Banks
WSBF,Waterstone Financial Inc. Common Stock (MD),$13.46,-0.27,-1.966%,260044616.00,United States,2005,113114,Finance,Savings Institutions
WSC,WillScot Holdings Corporation Class A Common Stock,$29.75,-0.53,-1.75%,5461357886.00,United States,2015,35465437,Industrials,Misc Corporate Leasing Services
WSFS,WSFS Financial Corporation Common Stock,$52.05,0.37,0.716%,3047920842.00,United States,,1086477,Finance,Major Banks
WTBA,West Bancorporation Common Stock,$20.22,-0.23,-1.125%,340355819.00,United States,,75830,Finance,Major Banks
WTFC,Wintrust Financial Corporation Common Stock,$113.45,-0.59,-0.517%,7568000023.00,United States,,1754013,Finance,Major Banks
WTFCM,Wintrust Financial Corporation Fixed-to-Floating Rate Non-Cumulative Perpetual Preferred Stock Series D,$25.2616,0.0066,0.026%,1685145786.00,United States,,4022,Finance,Major Banks
WTFCP,Wintrust Financial Corporation Depositary Shares Each Representing a 1/1000th Interest in a Share of 6.875% Fixed-Rate Reset Non-Cumulative Perpetual Preferred Stock Series E,$25.37,0.0397,0.157%,1692376911.00,United States,,23511,Finance,Major Banks
WTO,UTime Limited Ordinary Shares,$0.2369,0.0119,5.289%,4273022.00,China,2021,271486,Technology,Consumer Electronics/Appliances
WTW,Willis Towers Watson Public Limited Company Ordinary Shares,$332.71,-1.80,-0.538%,33168737922.00,United Kingdom,2001,892586,Finance,Specialty Insurers
WULF,TeraWulf Inc. Common Stock,$3.20,-0.01,-0.312%,1226040710.00,United States,,30430062,Technology,EDP Services
WVE,Wave Life Sciences Ltd. Ordinary Shares,$9.59,-0.08,-0.827%,1471930941.00,Singapore,2015,1619865,Health Care,Biotechnology: Pharmaceutical Preparations
WVVI,Willamette Valley Vineyards Inc. Common Stock,$6.06,0.01,0.165%,30085046.00,United States,,11772,Consumer Staples,Beverages (Production/Distribution)
WVVIP,Willamette Valley Vineyards Inc. Series A Redeemable Preferred Stock,$3.36,0.00,0.00%,16680817.00,United States,,141,Consumer Staples,Beverages (Production/Distribution)
WW,WW International Inc. Common Stock,$0.56,-0.0374,-6.26%,44871171.00,United States,,2398450,Consumer Discretionary,Other Consumer Services
WWD,Woodward Inc. Common Stock,$185.39,-1.20,-0.643%,11004728709.00,United States,,1487339,Energy,Industrial Machinery/Components
WYHG,Wing Yip Food Holdings Group Limited American Depositary Shares,$9.19,0.26,2.912%,459715303.00,China,2024,25150,Consumer Staples,Specialty Foods
WYNN,Wynn Resorts Limited Common stock,$82.63,-0.44,-0.53%,8791945368.00,United States,2002,4329596,Consumer Discretionary,Hotels/Resorts
XAGE,Longevity Health Holdings Inc. Common Stock,$0.1824,-0.0077,-4.05%,3813146.00,United States,2021,362289,Health Care,Medical/Dental Instruments
XAIR,Beyond Air Inc. Common Stock,$0.2682,0.0043,1.629%,23676333.00,United States,,1574405,Health Care,Medical/Dental Instruments
XBIO,Xenetic Biosciences Inc. Common Stock,$3.37,-0.03,-0.882%,5197008.00,United States,,2358,Health Care,Biotechnology: Pharmaceutical Preparations
XBIT,XBiotech Inc. Common Stock,$3.44,-0.01,-0.29%,104877795.00,United States,2015,67434,Health Care,Biotechnology: Pharmaceutical Preparations
XBP,XBP Europe Holdings Inc. Common Stock,$1.37,0.15,12.295%,41596440.00,United States,2021,28416,Consumer Discretionary,Business Services
XBPEW,XBP Europe Holdings Inc. Warrant,$0.0253,0.00,0.00%,768168.00,United States,2021,54,Consumer Discretionary,Business Services
XCH,XCHG Limited American Depositary Share,$1.398,0.113,8.794%,83113250.00,Germany,2024,60938,Industrials,Electrical Products
XCUR,Exicure Inc. Common Stock,$14.05,0.49,3.614%,88764683.00,United States,,16160,Health Care,Biotechnology: Pharmaceutical Preparations
XEL,Xcel Energy Inc. Common Stock,$69.11,-0.98,-1.398%,39707336682.00,United States,,6689303,Utilities,Power Generation
XELB,Xcel Brands Inc. Common Stock,$0.32,0.0279,9.552%,7564791.00,United States,,391158,Miscellaneous,Multi-Sector Companies
XENE,Xenon Pharmaceuticals Inc. Common Shares,$35.34,0.49,1.406%,2705022941.00,Canada,2014,475331,Health Care,Biotechnology: Pharmaceutical Preparations
XERS,Xeris Biopharma Holdings Inc. Common Stock,$5.81,0.38,6.998%,894392184.00,United States,2018,6259797,Health Care,Biotechnology: Pharmaceutical Preparations
XFOR,X4 Pharmaceuticals Inc. Common Stock,$0.3073,0.0029,0.953%,52408930.00,United States,2017,1301346,Health Care,Biotechnology: Biological Products (No Diagnostic Substances)
XGN,Exagen Inc. Common Stock,$3.88,0.19,5.149%,69444620.00,United States,2019,150829,Health Care,Medical Specialities
XHG,XChange TEC.INC American Depositary Shares ,$0.849,0.008,0.951%,17426481.00,China,2019,36541,Finance,Real Estate
XHLD,TEN Holdings Inc. Common Stock,$1.40,0.4026,40.365%,39464782.00,United States,2025,58662135,Consumer Discretionary,Business Services
XLO,Xilio Therapeutics Inc. Common Stock,$0.79,0.006,0.765%,40901236.00,United States,2021,168621,Health Care,Biotechnology: Pharmaceutical Preparations
XMTR,Xometry Inc. Class A Common Stock,$25.72,0.09,0.351%,1293750773.00,United States,2021,973794,Consumer Discretionary,Business Services
XNCR,Xencor Inc. Common Stock,$13.20,-0.27,-2.004%,930097529.00,United States,2013,2567821,Health Care,Biotechnology: Pharmaceutical Preparations
XNET,Xunlei Limited American Depositary Shares,$5.10,0.03,0.592%,329996066.00,China,2014,620265,Technology,Computer Software: Prepackaged Software
XOMA,XOMA Royalty Corporation Common Stock,$20.88,-0.18,-0.855%,250115611.00,United States,1986,81363,Health Care,Biotechnology: Pharmaceutical Preparations
XOMAO,XOMA Royalty Corporation Depositary Shares Rep Series B 8.375% Cumulative Preferred Stock,$25.4537,-0.0162,-0.064%,304902669.00,United States,,3696,Health Care,Biotechnology: Pharmaceutical Preparations
XOMAP,XOMA Royalty Corporation 8.625% Series A Cumulative Perpetual Preferred Stock,$25.77,0.19,0.743%,308691537.00,United States,,755,Health Care,Biotechnology: Pharmaceutical Preparations
XOS,Xos Inc. Common Stock,$3.95,0.24,6.469%,31715909.00,United States,2020,48448,Consumer Discretionary,Auto Parts:O.E.M.
XOSWW,Xos Inc. Warrants,$0.0139,-0.0011,-7.333%,111608.00,United States,2020,32502,Consumer Discretionary,Auto Parts:O.E.M.
XP,XP Inc. Class A Common Stock,$15.13,-0.08,-0.526%,8313831723.00,Brazil,2019,7426639,Finance,Investment Bankers/Brokers/Service
XPEL,XPEL Inc. Common Stock,$32.27,0.00,0.00%,892337333.00,United States,,382045,Industrials,Industrial Specialties
XPON,Expion360 Inc. Common Stock,$1.02,0.00,0.00%,2138004.00,United States,2022,84731,Miscellaneous,Industrial Machinery/Components
XRAY,DENTSPLY SIRONA Inc. Common Stock,$15.56,-0.04,-0.256%,3096314944.00,United States,1987,12658220,Health Care,Medical/Dental Instruments
XRTX,XORTX Therapeutics Inc. Common Stock,$1.03,0.00,0.00%,3585816.00,Canada,,9298,Health Care,Biotechnology: Pharmaceutical Preparations
XRX,Xerox Holdings Corporation Common Stock,$5.51,-0.13,-2.305%,685067854.00,United States,,34303417,Technology,Computer peripheral equipment
XTIA,XTI Aerospace Inc. Common Stock,$2.38,-0.24,-9.16%,2061016.00,United States,2014,301196,Technology,EDP Services
XTKG,X3 Holdings Co. Ltd. Ordinary Shares,$1.12,-0.01,-0.885%,15422364.00,China,2019,29683,Technology,EDP Services
XTLB,XTL Biopharmaceuticals Ltd. American Depositary Shares,$1.17,-0.01,-0.847%,6375401.00,Israel,,1041,Health Care,Biotechnology: Pharmaceutical Preparations
XWEL,XWELL Inc. Common Stock,$1.03,0.05,5.102%,5413705.00,United States,,52177,Consumer Discretionary,Other Consumer Services
XXII,22nd Century Group Inc. Common Stock,$1.71,-0.14,-7.568%,779001.00,United States,,54853,Health Care, Medicinal Chemicals and Botanical Products 
XYLO,Xylo Technologies Ltd. American Depositary Shares,$5.15,0.044,0.862%,3659152.00,Israel,,45166,Health Care,Medical/Dental Instruments
YAAS,Youxin Technology Ltd Class A Ordinary shares,$2.46,0.14,6.034%,82533000.00,China,2024,12350,Technology,Computer Software: Prepackaged Software
YGMZ,MingZhu Logistics Holdings Limited Ordinary Shares,$0.90,-0.04,-4.255%,4174461.00,China,2020,333298,Consumer Discretionary,Transportation Services
YHC,LQR House Inc. Common Stock,$0.40,-1.87,-82.379%,2811730.00,United States,2023,38317183,Consumer Staples,Beverages (Production/Distribution)
YHGJ,Yunhong Green CTI Ltd. Common Stock,$1.12,0.08,7.692%,28949969.00,United States,,116653,Industrials,Specialty Chemicals
YHNA,YHN Acquisition I Limited Ordinary Shares,$10.19,-0.01,-0.098%,0.00,Hong Kong,2024,728,,
YI,111 Inc. American Depositary Shares,$10.49,0.35,3.452%,89861872.00,China,2018,33988,Consumer Staples,Retail-Drug Stores and Proprietary Stores
YIBO,Planet Image International Limited Class A Ordinary Shares,$1.4196,0.0396,2.87%,74715819.00,China,2024,34371,Industrials,Industrial Machinery/Components
YJ,Yunji Inc. American Depository Shares,$1.93,0.06,3.209%,9487776.00,China,2019,9200,Consumer Discretionary,Other Specialty Stores
YMAB,Y-mAbs Therapeutics Inc. Common Stock,$5.00,0.08,1.626%,226090885.00,United States,2018,1135981,Health Care,Biotechnology: Pharmaceutical Preparations
YORW,York Water Company (The) Common Stock,$33.46,-0.58,-1.704%,481470964.00,United States,,168524,Utilities,Water Supply
YOSH,Yoshiharu Global Co. Class A Common Stock,$17.17,0.26,1.538%,24769184.00,United States,2022,55618,Consumer Discretionary,Restaurants
YOTA,Yotta Acquisition Corporation Common Stock,$11.37,0.00,0.00%,0.00,United States,2022,1,Consumer Staples,Farming/Seeds/Milling
YOTAR,Yotta Acquisition Corporation Right,$0.18,0.0644,55.709%,0.00,United States,2022,57920,Consumer Staples,Farming/Seeds/Milling
YQ,17 Education & Technology Group Inc. American Depositary Shares,$2.335,0.025,1.082%,18089474.00,China,2020,9462,Real Estate,Other Consumer Services
YSXT,YSX Tech. Co. Ltd Class A Ordinary Shares,$2.86,-0.23,-7.443%,66495000.00,China,2024,9926,Consumer Discretionary,Automotive Aftermarket
YTRA,Yatra Online Inc. Ordinary Shares,$0.8099,-0.0201,-2.422%,49870702.00,India,,182275,Consumer Discretionary,Transportation Services
YXT,YXT.COM GROUP HOLDING LIMITED American Depository Shares,$1.13,0.13,13.00%,201309657.00,China,2024,223023,Technology,Computer Software: Prepackaged Software
YY,JOYY Inc. American Depositary Shares,$41.97,0.74,1.795%,2554615690.00,China,2012,1976588,Technology,EDP Services
YYAI,Connexa Sports Technologies Inc. Common Stock,$0.7501,-0.0009,-0.12%,10923726.00,United States,,206938,Consumer Discretionary,Recreational Games/Products/Toys
YYGH,YY Group Holding Limited Class A Ordinary Shares,$1.72,0.064,3.865%,67811000.00,Singapore,2024,12002,Consumer Discretionary,Professional Services
Z,Zillow Group Inc. Class C Capital Stock,$71.25,0.31,0.437%,17282262915.00,United States,,4112284,Consumer Discretionary,Business Services
ZAPP,Zapp Electric Vehicles Group Limited Ordinary Shares,$0.872,-0.0938,-9.712%,5677106.00,Thailand,,146903,Consumer Discretionary,Motor Vehicles
ZAPPW,Zapp Electric Vehicles Group Limited Warrant,$0.0094,0.00,0.00%,61198.00,Thailand,,15,Consumer Discretionary,Motor Vehicles
ZBAI,ATIF Holdings Limited Ordinary Shares,$1.06,0.00,0.00%,18356499.00,United States,2019,8962,Consumer Discretionary,Professional Services
ZBAO,Zhibao Technology Inc. Class A Ordinary Shares,$1.22,-0.04,-3.175%,38458993.00,China,2024,16231,Finance,Specialty Insurers
ZBIO,Zenas BioPharma Inc. Common Stock,$8.33,-0.19,-2.23%,348188469.00,United States,2024,170419,Health Care,Biotechnology: Pharmaceutical Preparations
ZBRA,Zebra Technologies Corporation Class A Common Stock,$289.99,4.98,1.747%,14899456528.00,United States,1991,1471919,Industrials,Industrial Machinery/Components
ZCAR,Zoomcar Holdings Inc. Common Stock,$0.2625,0.0192,7.891%,2059693.00,United States,2022,1101427,Consumer Discretionary,Rental/Leasing Companies
ZCARW,Zoomcar Holdings Inc. Warrants,$0.0142,0.00,0.00%,111420.00,United States,2022,23557,Consumer Discretionary,Rental/Leasing Companies
ZCMD,Zhongchao Inc. Class A Ordinary Shares,$1.28,-0.01,-0.775%,2630327.00,China,2020,772,Real Estate,Other Consumer Services
ZD,Ziff Davis Inc. Common Stock,$41.82,-0.15,-0.357%,1791779615.00,United States,,1651942,Telecommunications,Telecommunications Equipment
ZENA,ZenaTech Inc. Common Stock,$2.93,-0.15,-4.87%,51754609.00,Canada,,170655,Technology,Computer Software: Prepackaged Software
ZENV,Zenvia Inc. Class A Common Stock,$1.50,-0.015,-0.99%,62826705.00,Brazil,2021,16316,Technology,Computer Software: Prepackaged Software
ZEO,Zeo Energy Corporation Class A Common Stock,$1.73,0.08,4.848%,85222992.00,United States,2021,45887,Miscellaneous,Industrial Machinery/Components
ZEOWW,Zeo Energy Corporation Warrants,$0.0848,0.00,0.00%,4177404.00,United States,2021,100,Miscellaneous,Industrial Machinery/Components
ZEUS,Olympic Steel Inc. Common Stock,$31.84,-1.39,-4.183%,354566738.00,United States,1994,230854,Industrials,Metal Fabrications
ZG,Zillow Group Inc. Class A Common Stock,$69.78,0.51,0.736%,16925702543.00,United States,2011,1407858,Consumer Discretionary,Business Services
ZI,ZoomInfo Technologies Inc Common Stock,$10.89,0.17,1.586%,3727562112.00,United States,2020,14177239,Technology,Computer Software: Prepackaged Software
ZIMV,ZimVie Inc. Common Stock,$11.66,0.06,0.517%,322717854.00,United States,,318522,Health Care,Medical/Dental Instruments
ZION,Zions Bancorporation N.A. Common Stock,$49.51,-0.13,-0.262%,7322122077.00,United States,,12259958,Finance,Major Banks
ZIONP,Zions Bancorporation N.A. Depositary Shares (Each representing 1/40th Interest in a Share of Series A Floating-Rate Non-Cumulative Perpetual Preferred Stock),$23.75,0.17,0.721%,3512429799.00,United States,,1861,Finance,Major Banks
ZJK,ZJK Industrial Co. Ltd. Ordinary Shares,$4.70,0.23,5.145%,287875000.00,China,2024,141007,Industrials,Metal Fabrications
ZJYL,JIN MEDICAL INTERNATIONAL LTD. Ordinary Shares,$0.658,-0.2691,-29.026%,103007992.00,China,2023,1886070,Health Care,Industrial Specialties
ZKIN,ZK International Group Co. Ltd Ordinary Share,$1.36,-0.06,-4.225%,7022967.00,China,2017,17374,Industrials,Metal Fabrications
ZLAB,Zai Lab Limited American Depositary Shares,$35.09,-2.24,-6.001%,3792384314.00,China,2017,1109998,Health Care,Biotechnology: Pharmaceutical Preparations
ZM,Zoom Communications Inc. Class A Common Stock,$75.97,-0.06,-0.079%,23188615812.00,United States,2019,6269102,Technology,Computer Software: Programming Data Processing
ZNTL,Zentalis Pharmaceuticals Inc. Common Stock,$1.91,0.09,4.945%,136116914.00,United States,2020,1667681,Health Care,Biotechnology: Pharmaceutical Preparations
ZOOZ,ZOOZ Power Ltd. Ordinary Shares,$1.62,-0.04,-2.41%,19610904.00,Israel,,4060,Technology,Industrial Machinery/Components
ZOOZW,ZOOZ Power Ltd. Warrant,$0.0595,0.00,0.00%,720277.00,Israel,,40,Technology,Industrial Machinery/Components
ZS,Zscaler Inc. Common Stock,$205.20,1.65,0.811%,31749549890.00,United States,2018,1826660,Technology,EDP Services
ZSPC,zSpace Inc. Common stock,$11.38,1.28,12.673%,257620781.00,United States,2024,479624,Technology,Computer Software: Prepackaged Software
ZTEK,Zentek Ltd. Common Stock,$1.1503,-0.0197,-1.684%,119705757.00,Canada,,47574,Industrials,Major Chemicals
ZUMZ,Zumiez Inc. Common Stock,$14.40,-0.76,-5.013%,275892710.00,United States,2005,1237509,Consumer Discretionary,Clothing/Shoe/Accessory Stores
ZURA,Zura Bio Limited Class A Ordinary Shares,$1.39,-0.01,-0.714%,90758007.00,Cayman Islands,,309952,Health Care,Biotechnology: Biological Products (No Diagnostic Substances)
ZVRA,Zevra Therapeutics Inc. Common Stock,$8.01,0.00,0.00%,433468111.00,United States,,1686802,Health Care,Biotechnology: Pharmaceutical Preparations
ZVSA,ZyVersa Therapeutics Inc. Common Stock,$0.745,0.044,6.277%,1746422.00,United States,2022,37485,Health Care,Biotechnology: Pharmaceutical Preparations
ZYBT,Zhengye Biotechnology Holding Limited Ordinary Shares,$4.88,0.85,21.092%,230171915.00,China,2025,276881,Health Care,Biotechnology: Pharmaceutical Preparations
ZYME,Zymeworks Inc. Common Stock,$12.72,-0.21,-1.624%,885017952.00,United States,,800233,Health Care,Biotechnology: Pharmaceutical Preparations
ZYXI,Zynex Inc. Common Stock,$2.45,-0.12,-4.669%,78185593.00,United States,,394748,Health Care,Biotechnology: Electromedical & Electrotherapeutic Apparatus
