Symbol,Name,Last Sale,Net Change,% Change,Market Cap,Country,IPO Year,Volume,Sector,Industry
A,Agilent Technologies Inc. Common Stock,$120.75,0.47,0.391%,34426153078.00,United States,1999,3041433,Industrials,Biotechnology: Laboratory Analytical Instruments
AA,Alcoa Corporation Common Stock ,$33.95,-0.89,-2.555%,8789123241.00,United States,2016,4720614,Industrials,Aluminum
AACT,Ares Acquisition Corporation II Class A Ordinary Shares,$11.18,-0.01,-0.089%,0.00,,2023,18187,Finance,Blank Checks
AAM,AA Mission Acquisition Corp. Class A Ordinary Shares,$10.24,-0.01,-0.098%,0.00,,2024,7771,,
AAMI,Acadian Asset Management Inc. Common Stock,$25.53,-0.45,-1.732%,957166369.00,United Kingdom,2014,491547,Finance,Investment Managers
AAP,Advance Auto Parts Inc.,$37.46,-0.18,-0.478%,2239843757.00,United States,,1935751,Consumer Discretionary,Auto & Home Supply Stores
AAT,American Assets Trust Inc. Common Stock,$20.25,-0.26,-1.268%,1238049320.00,United States,2011,1001565,Real Estate,Real Estate Investment Trusts
AB,AllianceBernstein Holding L.P.  Units,$38.03,-0.09,-0.236%,4203468412.00,United States,,1491955,Finance,Investment Managers
ABBV,AbbVie Inc. Common Stock,$210.01,-1.95,-0.92%,370742173939.00,United States,2012,16657723,Health Care,Biotechnology: Pharmaceutical Preparations
ABCB,Ameris Bancorp Common Stock,$57.78,0.35,0.609%,3990784228.00,United States,1994,1111417,Finance,Major Banks
ABEV,Ambev S.A. American Depositary Shares (Each representing 1 Common Share),$2.36,0.01,0.426%,36949479771.00,Brazil,2013,13850108,Consumer Staples,Beverages (Production/Distribution)
ABG,Asbury Automotive Group Inc Common Stock,$233.76,1.69,0.728%,4592319691.00,United States,2002,391142,Consumer Discretionary,Retail-Auto Dealers and Gas Stations
ABM,ABM Industries Incorporated Common Stock,$46.94,-0.49,-1.033%,2921143653.00,United States,,1280356,Finance,Diversified Commercial Services
ABR,Arbor Realty Trust Common Stock,$12.27,-0.09,-0.728%,2325231528.00,United States,2004,4190725,Real Estate,Real Estate Investment Trusts
ABR^D,Arbor Realty Trust 6.375% Series D Cumulative Redeemable Preferred Stock Liquidation Preference $25.00 per Share,$18.33,0.11,0.604%,,United States,,13830,,
ABR^E,Arbor Realty Trust 6.25% Series E Cumulative Redeemable Preferred Stock,$17.8278,0.1578,0.893%,,United States,,315,,
ABR^F,Arbor Realty Trust 6.25% Series F Fixed-to-Floating Rate Cumulative Redeemable Preferred Stock Liquidation Preference $25.00 per share,$22.05,0.11,0.501%,,United States,,6397,,
ABT,Abbott Laboratories Common Stock,$126.34,-0.44,-0.347%,219114419746.00,United States,,8857060,Health Care,Biotechnology: Pharmaceutical Preparations
AC,Associated Capital Group Inc. Common Stock,$35.80,-0.17,-0.473%,757256994.00,United States,2015,6049,Finance,Investment Bankers/Brokers/Service
ACA,Arcosa Inc. Common Stock ,$79.66,-0.74,-0.92%,3885497833.00,United States,2018,610238,Industrials,Metal Fabrications
ACCO,Acco Brands Corporation Common Stock,$4.34,-0.22,-4.825%,403103575.00,United States,,2128675,Consumer Discretionary,Publishing
ACEL,Accel Entertainment Inc. ,$9.92,-0.11,-1.097%,848765844.00,United States,2017,669237,Consumer Discretionary,Services-Misc. Amusement & Recreation
ACHR,Archer Aviation Inc. Class A Common Stock,$8.72,0.44,5.314%,4730340702.00,United States,2020,51453938,Industrials,Aerospace
ACI,Albertsons Companies Inc. Class A Common Stock,$21.14,-0.13,-0.611%,12248078973.00,United States,2020,7920489,Consumer Staples,Food Chains
ACM,AECOM Common Stock,$94.10,-0.89,-0.937%,12486096065.00,United States,2007,2551137,Consumer Discretionary,Military/Government/Technical
ACN,Accenture plc Class A Ordinary Shares (Ireland),$305.32,4.41,1.466%,191065497816.00,Ireland,2001,11735270,Consumer Discretionary,Business Services
ACP,abrdn Income Credit Strategies Fund Common Shares,$6.00,0.00,0.00%,0.00,United States,2011,510188,Finance,Investment Managers
ACP^A,abrdn Income Credit Strategies Fund 5.250% Series A Perpetual Preferred Stock,$21.47,-0.54,-2.453%,,United States,,4886,,
ACR,ACRES Commercial Realty Corp. Common Stock,$21.86,-1.52,-6.501%,162991439.00,United States,,65764,Real Estate,Real Estate Investment Trusts
ACR^C,ACRES Commercial Realty Corp. 8.625% Fixed-to-Floating Series C Cumulative Redeemable Preferred Stock ,$25.4201,0.0711,0.28%,,United States,,4975,,
ACR^D,ACRES Commercial Realty Corp. 7.875% Series D Cumulative Redeemable Preferred Stock,$22.45,0.00,0.00%,,United States,,1258,,
ACRE,Ares Commercial Real Estate Corporation Common Stock,$4.90,-0.02,-0.407%,268799187.00,United States,2012,830005,Real Estate,Real Estate Investment Trusts
ACV,Virtus Diversified Income & Convertible Fund Common Shares of Beneficial Interest,$20.40,0.02,0.098%,211404262.00,United States,2015,9829,Finance,Finance/Investors Services
ACVA,ACV Auctions Inc. Class A Common Stock,$15.31,-0.38,-2.422%,0.00,United States,,4988165,,
ADC,Agree Realty Corporation Common Stock,$75.47,-0.79,-1.036%,8094059766.00,United States,,2079841,Real Estate,Real Estate Investment Trusts
ADC^A,Agree Realty Corporation Depositary Shares each representing 1/1000th of a 4.250% Series A Cumulative Redeemable Preferred Stock,$17.73,-0.11,-0.617%,,United States,,2257,,
ADCT,ADC Therapeutics SA Common Shares,$1.61,-0.09,-5.294%,155670283.00,Switzerland,2020,567910,Health Care,Biotechnology: Pharmaceutical Preparations
ADM,Archer-Daniels-Midland Company Common Stock,$46.10,-0.42,-0.903%,22114495973.00,United States,,50983844,Consumer Staples,Packaged Foods
ADNT,Adient plc Ordinary Shares ,$13.92,0.06,0.433%,1168270981.00,United States,2016,10041801,Consumer Discretionary,Auto Parts:O.E.M.
ADT,ADT Inc. Common Stock,$7.78,0.02,0.258%,6819195371.00,United States,2018,61629126,Consumer Discretionary,Diversified Commercial Services
ADX,Adams Diversified Equity Fund Inc.,$19.16,0.09,0.472%,0.00,United States,,151715,Finance,Investment Managers
AEE,Ameren Corporation Common Stock,$98.91,-1.06,-1.06%,26696427385.00,United States,,3577445,Utilities,Power Generation
AEFC,Aegon Funding Company LLC 5.10% Subordinated Notes due 2049,$20.10,0.01,0.05%,0.00,United States,2019,17636,,
AEG,Aegon Ltd. New York Registry Shares,$6.58,-0.04,-0.604%,14505518880.00,Netherlands,,14026034,Finance,Life Insurance
AEM,Agnico Eagle Mines Limited Common Stock,$104.34,-1.07,-1.015%,52369024481.00,Canada,,2191686,Basic Materials,Precious Metals
AEO,American Eagle Outfitters Inc. Common Stock,$12.12,0.28,2.365%,2328273610.00,United States,,10717376,Consumer Discretionary,Clothing/Shoe/Accessory Stores
AER,AerCap Holdings N.V. Ordinary Shares,$102.21,-2.39,-2.285%,19091113427.00,Netherlands,2006,1475060,Consumer Discretionary,Diversified Commercial Services
AES,The AES Corporation Common Stock,$13.05,-0.11,-0.836%,9290302138.00,United States,,23655293,Utilities,Electric Utilities: Central
AESI,Atlas Energy Solutions Inc. Common Stock,$18.09,-0.23,-1.255%,2202278156.00,United States,2023,8552855,Industrials,Mining & Quarrying of Nonmetallic Minerals (No Fuels)
AFB,AllianceBernstein National Municipal Income Fund Inc,$10.99,0.07,0.641%,0.00,United States,2002,56386,Finance,Trusts Except Educational Religious and Charitable
AFG,American Financial Group Inc. Common Stock,$124.73,-0.46,-0.367%,10475088081.00,United States,,4213665,Finance,Property-Casualty Insurers
AFGB,American Financial Group Inc. 5.875% Subordinated Debentures due 2059,$22.18,-0.03,-0.135%,1862723111.00,United States,2019,4732,Finance,Property-Casualty Insurers
AFGC,American Financial Group Inc. 5.125% Subordinated Debentures due 2059,$19.66,0.00,0.00%,1651088204.00,United States,2019,5528,Finance,Property-Casualty Insurers
AFGD,American Financial Group Inc. 5.625% Subordinated Debentures due 2060,$21.83,-0.06,-0.274%,1833329374.00,United States,2020,2449,Finance,Property-Casualty Insurers
AFGE,American Financial Group Inc. 4.500% Subordinated Debentures due 2060,$17.46,0.06,0.345%,1466327571.00,United States,2020,4630,Finance,Property-Casualty Insurers
AFL,AFLAC Incorporated Common Stock,$108.24,-0.46,-0.423%,59162716618.00,United States,,5333657,Finance,Accident &Health Insurance
AG,First Majestic Silver Corp. Ordinary Shares (Canada),$6.92,-0.14,-1.983%,2087120828.00,Canada,,26921945,Basic Materials,Precious Metals
AGCO,AGCO Corporation Common Stock,$93.09,-1.38,-1.461%,6942839683.00,United States,,2770832,Industrials,Industrial Machinery/Components
AGD,abrdn Global Dynamic Dividend Fund Common Shares of Beneficial Interest,$10.19,-0.09,-0.875%,0.00,United States,2006,67045,Finance,Trusts Except Educational Religious and Charitable
AGI,Alamos Gold Inc. Class A Common Shares,$26.11,0.02,0.077%,10958828076.00,Canada,2015,6417014,Basic Materials,Precious Metals
AGL,agilon health inc. Common Stock,$4.53,0.43,10.488%,1867732889.00,United States,2021,8519258,Health Care,Misc Health and Biotechnology Services
AGM,Federal Agricultural Mortgage Corporation Common Stock,$191.51,-1.03,-0.535%,2085843613.00,United States,,64492,Finance,Finance Companies
AGM^D,Federal Agricultural Mortgage Corporation 5.700% Non-Cumulative Preferred Stock Series D,$22.48,-0.195,-0.86%,,United States,,868,,
AGM^E,Federal Agricultural Mortgage Corporation 5.750% Non-Cumulative Preferred Stock Series E,$22.75,0.05,0.22%,,United States,,208,,
AGM^F,Federal Agricultural Mortgage Corporation 5.250% Non-Cumulative Preferred Stock Series F,$20.8601,-0.1398,-0.666%,,United States,,4652,,
AGM^G,Federal Agricultural Mortgage Corporation 4.875% Non-Cumulative Preferred Stock Series G,$19.59,0.02,0.102%,,United States,,6083,,
AGO,Assured Guaranty Ltd. Common Stock,$85.38,-1.38,-1.591%,4277806093.00,Bermuda,2004,2336194,Finance,Property-Casualty Insurers
AGRO,Adecoagro S.A. Common Shares,$10.83,-0.07,-0.642%,1127780025.00,Luxembourg,2011,949023,Consumer Staples,Farming/Seeds/Milling
AGS,PlayAGS Inc. Common Stock,$12.13,-0.01,-0.082%,500464986.00,United States,2018,341145,Consumer Discretionary,Miscellaneous manufacturing industries
AGX,Argan Inc. Common Stock,$120.60,0.01,0.008%,1637158990.00,United States,,360299,Consumer Discretionary,Engineering & Construction
AHH,Armada Hoffler Properties Inc. Common Stock,$7.69,-0.09,-1.157%,614575111.00,United States,2013,1671723,Finance,Real Estate
AHH^A,Armada Hoffler Properties Inc. 6.75% Series A Cumulative Redeemable Perpetual Preferred Stock,$22.4365,0.0365,0.163%,,United States,,1071,,
AHL^D,Aspen Insurance Holdings Limited 5.625% Perpetual Non-Cumulative Preference Shares,$20.19,0.00,0.00%,,Bermuda,,4772,,
AHL^E,Aspen Insurance Holdings Limited Depositary Shares each representing a 1/1000th interest in a share of 5.625% Perpetual Non-Cumulative Preference Shares,$20.24,-0.0875,-0.43%,,Bermuda,,5342,,
AHL^F,Aspen Insurance Holdings Limited Depositary Shares each representing a 1/1000th Interest in a 7.00% Perpetual Non-Cumulative Preference Share,$25.35,0.07,0.277%,,Bermuda,,5742,,
AHR,American Healthcare REIT Inc. Common Stock,$29.61,-0.23,-0.771%,4665508385.00,United States,2024,3563290,Real Estate,Real Estate Investment Trusts
AHT,Ashford Hospitality Trust Inc Common Stock,$7.30,0.00,0.00%,40302942.00,United States,2003,39465,Real Estate,Real Estate Investment Trusts
AHT^D,Ashford Hospitality Trust Inc 8.45% Series D Cumulative Preferred Stock,$19.60,-0.10,-0.508%,,United States,,191,,
AHT^F,Ashford Hospitality Trust Inc 7.375% Series F Cumulative Preferred Stock,$15.47,-0.11,-0.706%,,United States,,1471,,
AHT^G,Ashford Hospitality Trust Inc 7.375% Series G Cumulative Preferred Stock,$15.75,-0.019,-0.12%,,United States,,224,,
AHT^I,Ashford Hospitality Trust Inc 7.50% Series I Cumulative Preferred Stock,$15.99,0.00,0.00%,,United States,,25,,
AI,C3.ai Inc. Class A Common Stock,$22.62,0.24,1.072%,3002549892.00,United States,2020,3870783,Technology,Computer Software: Prepackaged Software
AIG,American International Group Inc. New Common Stock,$83.18,-0.53,-0.633%,49353435946.00,United States,,15949392,Finance,Life Insurance
AIN,Albany International Corporation Common Stock,$70.85,-2.62,-3.566%,2189265000.00,United States,,847005,Consumer Discretionary,Textiles
AIO,Virtus Artificial Intelligence & Technology Opportunities Fund Common Shares of Beneficial Interest,$21.60,0.07,0.325%,741764995.00,,2019,63521,Finance,Finance/Investors Services
AIR,AAR Corp. Common Stock,$67.93,0.12,0.177%,2439682107.00,United States,,730124,Industrials,Aerospace
AIT,Applied Industrial Technologies Inc. Common Stock,$224.54,-3.92,-1.716%,8617228613.00,United States,,1094078,Consumer Discretionary,Industrial Specialties
AIV,Apartment Investment and Management Company Common Stock,$8.61,-0.10,-1.148%,1222341501.00,United States,1994,1622206,Real Estate,Real Estate Investment Trusts
AIZ,Assurant Inc. Common Stock,$206.84,-5.21,-2.457%,10505800940.00,United States,2004,1361903,Finance,Property-Casualty Insurers
AIZN,Assurant Inc. 5.25% Subordinated Notes due 2061,$19.63,-0.03,-0.153%,997045409.00,United States,2020,16139,Finance,Property-Casualty Insurers
AJG,Arthur J. Gallagher & Co. Common Stock,$331.79,-2.65,-0.792%,84506913000.00,United States,,2675954,Finance,Specialty Insurers
AKA,a.k.a. Brands Holding Corp. Common Stock,$13.71,1.44,11.736%,146603087.00,,2021,9548,Consumer Discretionary,Catalog/Specialty Distribution
AKO/A,Embotelladora Andina S.A.,$16.00,0.00,0.00%,,Chile,,465,,
AKO/B,Embotelladora Andina S.A.,$21.55,-0.31,-1.418%,,Chile,,5929,,
AKR,Acadia Realty Trust Common Stock,$21.09,-0.39,-1.816%,2524049724.00,United States,,1560891,Real Estate,Real Estate Investment Trusts
AL,Air Lease Corporation Class A Common Stock,$47.07,-0.34,-0.717%,5242509930.00,United States,2011,1005211,Consumer Discretionary,Diversified Commercial Services
ALB,Albemarle Corporation Common Stock,$77.56,0.53,0.688%,9118997635.00,United States,,4483845,Industrials,Major Chemicals
ALB^A,Albemarle Corporation Depositary Shares each representing a 1/20th of 7.25% Series A Mandatory Convertible Preferred Stock,$38.05,0.07,0.184%,,United States,,616906,,
ALC,Alcon Inc. Ordinary Shares,$90.56,-0.81,-0.887%,44792454301.00,Switzerland,2019,844085,Health Care,Ophthalmic Goods
ALE,Allete Inc.,$65.69,-0.04,-0.061%,3803526741.00,United States,,615794,Utilities,Power Generation
ALEX,Alexander & Baldwin Inc. Common Stock REIT Holding Company,$17.13,-0.21,-1.211%,1245546522.00,United States,,1086092,Real Estate,Real Estate Investment Trusts
ALG,Alamo Group Inc. Common Stock,$183.56,-4.82,-2.559%,2214370186.00,United States,,813316,Industrials,Industrial Machinery/Components
ALIT,Alight Inc. Class A Common Stock,$6.06,0.04,0.664%,3291123158.00,United States,2021,9322758,Consumer Discretionary,Business Services
ALK,Alaska Air Group Inc. Common Stock,$52.83,-0.02,-0.038%,6502219615.00,United States,,25757276,Consumer Discretionary,Air Freight/Delivery Services
ALL,Allstate Corporation (The) Common Stock,$206.47,-3.71,-1.765%,54719928131.00,United States,,2888212,Finance,Property-Casualty Insurers
ALL^B,Allstate Corporation (The) 5.100% Fixed-to-Floating Rate Subordinated Debentures due 2053,$26.14,-0.04,-0.153%,,United States,,20554,,
ALL^H,Allstate Corporation (The) Depositary Shares each representing a 1/1000th interest in a share of Fixed Rate Noncumulative Perpetual Preferred Stock Series H,$22.12,0.02,0.09%,,United States,,48663,,
ALL^I,Allstate Corporation (The) Depositary Shares each representing a 1/1000th interest in a share of Fixed Rate Noncumulative Perpetual Preferred Stock Series I,$20.456,0.036,0.176%,,United States,,11056,,
ALL^J,Allstate Corporation (The) Depositary Shares each representing a 1/1000th interest in a share of Fixed Rate Noncumulative Perpetual Preferred Stock Series J,$27.115,-0.035,-0.129%,,United States,,58132,,
ALLE,Allegion plc Ordinary Shares,$127.06,-0.66,-0.517%,10964051998.00,United States,2013,2503029,Consumer Discretionary,Diversified Commercial Services
ALLY,Ally Financial Inc. Common Stock,$36.44,0.32,0.886%,11191201109.00,United States,2014,13527665,Finance,Major Banks
ALSN,Allison Transmission Holdings Inc. Common Stock,$96.64,-2.26,-2.285%,8264488319.00,United States,2012,3525461,Consumer Discretionary,Auto Parts:O.E.M.
ALTG,Alta Equipment Group Inc. Class A Common Stock,$5.10,-0.23,-4.315%,167584419.00,United States,2019,393069,Industrials,Industrial Machinery/Components
ALTG^A,Alta Equipment Group Inc. Depositary Shares (each representing 1/1000th in a share of 10% Series A Cumulative Perpetual Preferred Stock),$25.75,0.05,0.195%,,United States,,711,,
ALUR,Allurion Technologies Inc. Common Stock,$3.58,1.30,57.018%,9706322.00,United States,,74451737,Health Care,Medical/Dental Instruments
ALV,Autoliv Inc. Common Stock,$89.22,-1.66,-1.827%,6933678946.00,Sweden,,4176235,Consumer Discretionary,Auto Parts:O.E.M.
ALX,Alexander's Inc. Common Stock,$212.18,-2.47,-1.151%,1083664792.00,United States,,15421,Real Estate,Real Estate Investment Trusts
AM,Antero Midstream Corporation Common Stock,$17.80,0.02,0.112%,8519186800.00,United States,2017,26101170,Utilities,Natural Gas Distribution
AMBC,Ambac Financial Group Inc. Common Stock,$8.77,0.17,1.977%,405543936.00,United States,,10492105,Finance,Property-Casualty Insurers
AMBP,Ardagh Metal Packaging S.A. Ordinary Shares,$2.89,-0.09,-3.02%,1727351804.00,,,2677290,Industrials,Containers/Packaging
AMC,AMC Entertainment Holdings Inc. Class A Common Stock,$3.04,0.05,1.672%,1313127392.00,United States,2013,15405852,Consumer Discretionary,Movies/Entertainment
AMCR,Amcor plc Ordinary Shares,$9.44,-0.28,-2.881%,13644039921.00,,2019,61913346,Consumer Discretionary,Miscellaneous manufacturing industries
AME,AMETEK Inc.,$174.52,-1.41,-0.801%,40254675347.00,United States,,1422683,Industrials,Industrial Machinery/Components
AMG,Affiliated Managers Group Inc. Common Stock,$168.11,-1.32,-0.779%,4918396624.00,United States,,578287,Finance,Investment Managers
AMH,American Homes 4 Rent Common Shares of Beneficial Interest,$36.38,-0.09,-0.247%,13465500240.00,United States,2013,4270054,Real Estate,Real Estate Investment Trusts
AMH^G,American Homes 4 Rent Series G cumulative redeemable perpetual preferred shares of beneficial interest,$23.30,-0.03,-0.129%,,United States,,704,,
AMH^H,American Homes 4 Rent Series H cumulative redeemable perpetual Preferred Shares of Beneficial Interest,$24.3798,0.0959,0.395%,,United States,,2132,,
AMN,AMN Healthcare Services Inc,$24.08,-0.16,-0.66%,919592276.00,United States,,1564461,Consumer Discretionary,Professional Services
AMP,Ameriprise Financial Inc. Common Stock,$492.64,-0.44,-0.089%,47351817347.00,United States,,1409530,Finance,Investment Managers
AMPS,Altus Power Inc. Class A Common Stock,$4.93,-0.01,-0.202%,790875007.00,United States,2021,4082158,Utilities,Electric Utilities: Central
AMPX,Amprius Technologies Inc. Common Stock,$3.11,0.80,34.632%,329158634.00,United States,2022,11967036,Miscellaneous,Industrial Machinery/Components
AMPY,Amplify Energy Corp. Common Stock,$3.75,-0.17,-4.337%,151248514.00,United States,2016,846717,Energy,Oil & Gas Production
AMR,Alpha Metallurgical Resources Inc. Common Stock,$125.06,0.05,0.04%,1632368661.00,United States,2018,998890,Energy,Coal Mining
AMRC,Ameresco Inc. Class A Common Stock,$13.41,0.62,4.848%,704577666.00,United States,2010,1217864,Consumer Discretionary,Engineering & Construction
AMT,American Tower Corporation (REIT) Common Stock,$216.23,1.96,0.915%,101078282465.00,United States,,6326237,Real Estate,Real Estate Investment Trusts
AMTB,Amerant Bancorp Inc. Class A Common Stock,$21.04,-0.10,-0.473%,882004816.00,United States,,338118,Finance,Major Banks
AMTD,AMTD IDEA Group American Depositary Shares each representing six (6) Class A Ordinary Shares,$1.13,0.0001,0.009%,74636500.00,,,9597,Finance,Finance: Consumer Services
AMTM,Amentum Holdings Inc. Common Stock,$18.32,0.00,0.00%,4457300444.00,United States,2024,3774139,,
AMWL,American Well Corporation Class A Common Stock,$7.81,0.01,0.128%,121914022.00,United States,2020,46114,Consumer Discretionary,Business Services
AMX,America Movil S.A.B. de C.V. American Depositary Shares (each representing the right to receive twenty (20) Series B Shares,$14.09,-0.08,-0.565%,43996025000.00,Mexico,2023,2857575,Telecommunications,Telecommunications Equipment
AN,AutoNation Inc. Common Stock,$166.81,1.12,0.676%,6515029111.00,United States,,443553,Consumer Discretionary,Retail-Auto Dealers and Gas Stations
ANET,Arista Networks Inc. Common Stock,$83.13,0.16,0.193%,104837121405.00,United States,,10786487,Telecommunications,Computer Communications Equipment
ANF,Abercrombie & Fitch Company Common Stock,$79.38,-2.97,-3.607%,3998584053.00,United States,,3165559,Consumer Discretionary,Clothing/Shoe/Accessory Stores
ANG^B,American National Group Inc. Depositary Shares each representing a 1/1000th interest in a share of 6.625% Fixed-Rate Reset Non-Cumulative Preferred Stock Series B,$25.06,0.01,0.04%,,United States,,94751,,
ANG^D,American National Group Inc. Depositary Shares each representing a 1/1000th interest in a share of 7.375% Fixed-Rate Non-Cumulative Preferred Stock Series D,$25.815,-0.005,-0.019%,,United States,,112266,,
ANRO,Alto Neuroscience Inc. Common Stock,$2.65,-0.04,-1.487%,71470945.00,United States,2024,619001,Health Care,Biotechnology: Pharmaceutical Preparations
ANVS,Annovis Bio Inc. Common Stock,$1.75,-0.05,-2.778%,24145174.00,United States,2020,225394,Health Care,Biotechnology: Pharmaceutical Preparations
AOD,abrdn Total Dynamic Dividend Fund Common Shares of Beneficial Interest,$8.62,0.00,0.00%,0.00,United States,2007,381636,Finance,Investment Managers
AOMN,Angel Oak Mortgage REIT Inc. 9.500% Senior Notes due 2029,$25.10,0.0672,0.268%,0.00,United States,2024,3032,Finance,Real Estate
AOMR,Angel Oak Mortgage REIT Inc. Common Stock,$9.68,-0.13,-1.325%,227589113.00,United States,2021,165684,Finance,Real Estate
AON,Aon plc Class A Ordinary Shares (Ireland),$390.35,-2.82,-0.717%,84316031727.00,United States,,1359846,Finance,Specialty Insurers
AORT,Artivion Inc. Common Stock,$24.43,0.23,0.95%,1027229904.00,United States,,999449,Health Care,Medical/Dental Instruments
AOS,A.O. Smith Corporation Common Stock,$66.50,-0.21,-0.315%,9573284539.00,United States,,4061295,Consumer Discretionary,Consumer Electronics/Appliances
AP,Ampco-Pittsburgh Corporation Common Stock,$2.17,0.01,0.463%,43605319.00,United States,,11365,Industrials,Fluid Controls
APAM,Artisan Partners Asset Management Inc. Class A Common Stock,$40.34,-0.08,-0.198%,3238815742.00,United States,2013,1351924,Finance,Investment Managers
APD,Air Products and Chemicals Inc. Common Stock,$291.65,-1.27,-0.434%,64885027989.00,United States,,2875198,Industrials,Major Chemicals
APG,APi Group Corporation Common Stock,$37.14,-0.43,-1.145%,10308506014.00,United States,2020,1670037,Consumer Discretionary,Engineering & Construction
APH,Amphenol Corporation Common Stock,$66.60,0.24,0.362%,80658001726.00,United States,,11824387,Technology,Electrical Products
APLE,Apple Hospitality REIT Inc. Common Shares,$13.33,-0.18,-1.332%,3196139325.00,United States,2015,4400350,Real Estate,Real Estate Investment Trusts
APO,Apollo Global Management Inc. (New) Common Stock,$143.41,-1.36,-0.939%,81812603486.00,United States,,4012399,Finance,Investment Managers
APO^A,Apollo Global Management Inc. 6.75% Series A Mandatory Convertible Preferred Stock,$76.62,-0.60,-0.777%,,United States,,12352,,
APOS,Apollo Global Management Inc. 7.625% Fixed-Rate Resettable Junior Subordinated Notes due 2053,$26.64,-0.02,-0.075%,15172392979.00,United States,1987,28092,Finance,Investment Managers
APTV,Aptiv PLC Ordinary Shares,$62.45,-0.03,-0.048%,14328925682.00,United Kingdom,,9010797,Consumer Discretionary,Auto Parts:O.E.M.
AQN,Algonquin Power & Utilities Corp. Common Shares,$5.11,-0.03,-0.584%,3919318900.00,United States,2016,10829341,Utilities,Electric Utilities: Central
AQNB,Algonquin Power & Utilities Corp. 6.20% Fixed-to-Floating Subordinated Notes Series 2019-A due July 1 2079,$25.785,0.125,0.487%,19776837150.00,United States,2019,4121,Utilities,Electric Utilities: Central
AR,Antero Resources Corporation Common Stock,$40.77,-0.20,-0.488%,12686808600.00,United States,2013,6366796,Energy,Oil & Gas Production
ARCO,Arcos Dorados Holdings Inc. Class A Shares,$8.18,-0.11,-1.327%,1723157646.00,Argentina,2011,1110911,Consumer Discretionary,Restaurants
ARDC,Ares Dynamic Credit Allocation Fund Inc. Common Shares,$14.10,-0.14,-0.983%,323100640.00,United States,2012,105419,Finance,Investment Managers
ARDT,Ardent Health Partners Inc. Common Stock,$13.14,-0.79,-5.671%,1875735171.00,,2024,2435362,Health Care,Hospital/Nursing Management
ARE,Alexandria Real Estate Equities Inc. Common Stock,$96.27,-0.71,-0.732%,16663543928.00,United States,,2205906,Real Estate,Real Estate Investment Trusts
ARES,Ares Management Corporation Class A Common Stock,$147.71,0.37,0.251%,46589152902.00,United States,2014,1749571,Finance,Investment Managers
ARES^B,Ares Management Corporation 6.75% Series B Mandatory Convertible Preferred Stock,$47.71,0.26,0.548%,,United States,,134159,,
ARGD,Argo Group International Holdings Ltd. 6.5% Senior Notes Due 2042,$21.70,0.1542,0.716%,282.00,Bermuda,,3554,Finance,Specialty Insurers
ARGO^A,Argo Group International Holdings Inc. Depositary Shares Each Representing a 1/1000th Interest in a 7.00% Resettable Fixed Rate Preference Share Series A,$25.06,0.0399,0.159%,,Bermuda,,11831,,
ARI,Apollo Commercial Real Estate Finance Inc,$9.85,-0.13,-1.303%,1367881202.00,United States,2009,2748875,Real Estate,Real Estate Investment Trusts
ARIS,Aris Water Solutions Inc. Class A Common Stock,$31.90,-0.13,-0.406%,1865043070.00,United States,2021,1195331,Energy,Oilfield Services/Equipment
ARL,American Realty Investors Inc. Common Stock,$12.31,-1.60,-11.503%,198831649.00,United States,,12605,Real Estate,Other Consumer Services
ARLO,Arlo Technologies Inc. Common Stock,$10.53,-0.17,-1.589%,1078671456.00,United States,2018,1425323,Consumer Staples,Consumer Electronics/Appliances
ARMK,Aramark Common Stock,$34.42,0.29,0.85%,9124908799.00,United States,2013,3331487,Consumer Discretionary,Restaurants
AROC,Archrock Inc. Common Stock,$26.41,-0.28,-1.049%,4628846631.00,United States,,2606285,Utilities,Natural Gas Distribution
ARR,ARMOUR Residential REIT Inc.,$18.53,-0.09,-0.483%,1415968690.00,United States,,7357406,Real Estate,Real Estate Investment Trusts
ARR^C,ARMOUR Residential REIT Inc. 7% Series C Cumulative Redeemable Preferred Stock (liquidation preference $25.00 per share),$21.8498,0.0215,0.098%,,United States,,5855,,
ARW,Arrow Electronics Inc. Common Stock,$104.40,-1.54,-1.454%,5446788433.00,United States,,3018185,Technology,Electronic Components
AS,Amer Sports Inc. Ordinary Shares,$28.89,-0.28,-0.96%,16000591613.00,,2024,2002285,Consumer Discretionary,Apparel
ASA,ASA  Gold and Precious Metals Limited,$28.23,-0.34,-1.19%,533773687.00,United States,,34060,Industrials,Precious Metals
ASAN,Asana Inc. Class A Common Stock,$14.45,0.45,3.214%,3367934169.00,United States,2020,4064964,Technology,Computer Software: Prepackaged Software
ASB,Associated Banc-Corp Common Stock,$22.51,-0.26,-1.142%,3742188366.00,United States,,4504333,Finance,Major Banks
ASB^E,Associated Banc-Corp Depositary Shares each representing a 1/40th interest in a share of 5.875% Non-Cumulative Perpetual Preferred Stock Series E,$21.2999,-0.0001,0.00%,,United States,,375,,
ASB^F,Associated Banc-Corp Depositary Shares each representing a 1/40th interest in a share of Associated Banc-Corp 5.625% Non-Cumulative Perpetual Preferred Stock Series F,$20.2001,-0.0998,-0.492%,,United States,,2090,,
ASBA,Associated Banc-Corp 6.625% Fixed-Rate Reset Subordinated Notes due 2033,$24.75,-0.03,-0.121%,3734795171.00,United States,2023,30499,Finance,Major Banks
ASC,Ardmore Shipping Corporation Common Stock,$10.01,-0.43,-4.119%,405438443.00,,2013,1143388,Consumer Discretionary,Marine Transportation
ASG,Liberty All-Star Growth Fund Inc.,$4.96,-0.03,-0.601%,0.00,United States,,265175,Finance,Investment Managers
ASGI,abrdn Global Infrastructure Income Fund Common Shares of Beneficial Interest,$18.52,-0.01,-0.054%,0.00,United States,2020,109859,Finance,Investment Managers
ASGN,ASGN Incorporated Common Stock,$63.66,-0.80,-1.241%,2775576000.00,United States,1992,1539410,Consumer Discretionary,Professional Services
ASH,Ashland Inc. Common Stock,$56.45,0.58,1.038%,2663472560.00,United States,,2582343,Consumer Discretionary,Specialty Chemicals
ASIX,AdvanSix Inc. Common Stock ,$23.01,-0.30,-1.287%,615381764.00,United States,2016,377810,Industrials,Major Chemicals
ASPN,Aspen Aerogels Inc. Common Stock,$7.04,0.11,1.587%,577696641.00,United States,2014,1499064,Consumer Discretionary,RETAIL: Building Materials
ASR,Grupo Aeroportuario del Sureste S.A. de C.V. Common Stock,$281.76,-5.22,-1.819%,8452800000.00,Mexico,,57085,Consumer Discretionary,Aerospace
ASX,ASE Technology Holding Co. Ltd. American Depositary Shares (each representing Two Common Shares) ,$9.75,-0.08,-0.814%,21374080348.00,Taiwan,2018,8438888,Technology,Semiconductors
ATCO^D,Atlas Corp. 7.95% Series D,$25.02,-0.05,-0.199%,,United Kingdom,,3298,,
ATCO^H,Atlas Corp. 7.875% Series H,$25.00,-0.03,-0.12%,,United Kingdom,,3969,,
ATEN,A10 Networks Inc. Common Stock,$17.31,-0.12,-0.688%,1280475728.00,United States,2014,2769017,Telecommunications,Computer Communications Equipment
ATGE,Adtalem Global Education Inc. Common Stock,$98.81,0.07,0.071%,3682136469.00,United States,,872199,Real Estate,Other Consumer Services
ATH^A,Athene Holding Ltd. Depositary Shares Each Representing a 1/1000th Interest in a 6.35% Fixed-to-Floating Rate Perpetual Non-Cumulative Preference Share Series A,$24.94,-0.06,-0.24%,,Bermuda,,22119,,
ATH^B,Athene Holding Ltd. Depositary Shares Each Representing a 1/1000th Interest in a 5.625% Fixed Rate Perpetual Non- Cumulative Preference Share Series B par value $1.00 per share,$20.40,-0.03,-0.147%,,Bermuda,,31053,,
ATH^C,Athene Holding Ltd. Depositary Shares each representing a 1/1000th Interest in a Share of 6.375% Fixed-Rate Reset Perpetual Non-Cumulative Preference Shares Series C,$25.0199,-0.0001,0.00%,,Bermuda,,23897,,
ATH^D,Athene Holding Ltd. Depositary Shares Each Representing a 1/1000th Interest in a 4.875% Fixed-Rate Perpetual Non-Cumulative Preference Share Series D,$17.57,-0.14,-0.791%,,Bermuda,,36613,,
ATH^E,Athene Holding Ltd. Depositary Shares Each Representing a 1/1000th Interest in a 7.750% Fixed-Rate Reset Perpetual Non-Cumulative Preference Share Series E,$25.93,0.02,0.077%,,Bermuda,,21616,,
ATHM,Autohome Inc. American Depositary Shares each representing four class A ordinary shares.,$28.50,-1.19,-4.008%,3444211463.00,China,2013,1082854,Technology,EDP Services
ATHS,Athene Holding Ltd. 7.250% Fixed-Rate Reset Junior Subordinated Debentures due 2064,$25.31,0.03,0.119%,5158315484.00,Bermuda,2024,22189,,
ATI,ATI Inc. Common Stock,$52.04,-0.23,-0.44%,7398367089.00,United States,,25961794,Industrials,Steel/Iron Ore
ATKR,Atkore Inc. Common Stock,$62.61,-1.32,-2.065%,2153703609.00,United States,2016,2777626,Miscellaneous,Industrial Machinery/Components
ATMU,Atmus Filtration Technologies Inc. Common Stock,$37.51,-0.80,-2.088%,3108310037.00,United States,2023,2081631,Consumer Discretionary,Auto Parts:O.E.M.
ATO,Atmos Energy Corporation Common Stock,$148.63,-2.19,-1.452%,23591771920.00,United States,,1938428,Utilities,Oil/Gas Transmission
ATR,AptarGroup Inc. Common Stock,$144.82,-0.38,-0.262%,9629848332.00,United States,,601908,Industrials,Plastic Products
ATS,ATS Corporation Common Shares,$27.63,-0.29,-1.039%,2705699828.00,Canada,2023,79195,Industrials,Industrial Machinery/Components
ATUS,Altice USA Inc. Class A Common Stock,$2.68,0.01,0.375%,1241456523.00,United States,2017,4263331,Telecommunications,Cable & Other Pay Television Services
AU,AngloGold Ashanti PLC Ordinary Shares,$35.47,-1.03,-2.822%,14887817992.00,South Africa,,2673691,Basic Materials,Precious Metals
AUB,Atlantic Union Bankshares Corporation Common Stock,$32.01,-0.28,-0.867%,2875351515.00,United States,,3262162,Finance,Major Banks
AUB^A,Atlantic Union Bankshares Corporation Depositary Shares each representing a 1/400th ownership interest in a share of 6.875% Perpetual Non-Cumulative Preferred Stock Series A,$24.92,0.10,0.403%,,United States,,5698,,
AUNA,Auna SA Class A Ordinary Shares,$7.03,-0.05,-0.706%,519640566.00,Peru,2024,33006,Health Care,Medical/Nursing Services
AVA,Avista Corporation Common Stock,$39.70,-0.30,-0.75%,3181012482.00,United States,,3994423,Utilities,Power Generation
AVAL,Grupo Aval Acciones y Valores S.A. ADR (Each representing 20 preferred shares),$2.70,-0.07,-2.527%,3205458827.00,,2014,198164,Finance,Commercial Banks
AVB,AvalonBay Communities Inc. Common Stock,$209.56,-1.94,-0.917%,29810911278.00,United States,,1487153,Real Estate,Real Estate Investment Trusts
AVD,American Vanguard Corporation Common Stock ($0.10 Par Value),$4.54,-0.21,-4.421%,130696744.00,United States,1998,578091,Industrials,Agricultural Chemicals
AVK,Advent Convertible and Income Fund,$11.64,0.02,0.172%,0.00,United States,2003,159609,Finance,Trusts Except Educational Religious and Charitable
AVNS,Avanos Medical Inc. Common Stock,$14.67,-0.10,-0.677%,674866211.00,United States,2014,1547806,Health Care,Industrial Specialties
AVNT,Avient Corporation Common Stock,$38.39,-1.26,-3.178%,3510356378.00,United States,,1389928,Industrials,Major Chemicals
AVTR,Avantor Inc. Common Stock,$16.54,0.26,1.597%,11262128541.00,United States,2019,11572043,Industrials,Biotechnology: Laboratory Analytical Instruments
AVY,Avery Dennison Corporation Common Stock,$174.58,-2.47,-1.395%,13790881109.00,United States,,1492702,Consumer Discretionary,Containers/Packaging
AWF,Alliancebernstein Global High Income Fund,$10.78,0.03,0.279%,0.00,United States,1993,167653,Finance,Trusts Except Educational Religious and Charitable
AWI,Armstrong World Industries Inc Common Stock,$141.06,-0.01,-0.007%,6131067387.00,United States,,561737,Industrials,Plastic Products
AWK,American Water Works Company Inc. Common Stock,$141.13,-0.68,-0.48%,27512914284.00,United States,2008,2607230,Utilities,Water Supply
AWP,abrdn Global Premier Properties Fund Common Shares of Beneficial Interest,$3.87,-0.01,-0.258%,0.00,United States,2007,156376,Finance,Trusts Except Educational Religious and Charitable
AWR,American States Water Company Common Stock,$75.44,-0.18,-0.238%,2878531490.00,United States,,632875,Utilities,Water Supply
AX,Axos Financial Inc. Common Stock,$64.21,0.48,0.753%,3666293144.00,United States,2018,1092446,Finance,Savings Institutions
AXL,American Axle & Manufacturing Holdings Inc. Common Stock,$4.45,-0.19,-4.095%,523235575.00,United States,,5282533,Consumer Discretionary,Auto Parts:O.E.M.
AXP,American Express Company Common Stock,$270.51,-0.32,-0.118%,190041961347.00,United States,,4229709,Finance,Finance: Consumer Services
AXR,AMREP Corporation Common Stock,$21.21,-0.04,-0.188%,112146793.00,United States,,9498,Real Estate,Homebuilding
AXS,Axis Capital Holdings Limited Common Stock,$95.00,-0.01,-0.011%,7674725480.00,Bermuda,2003,2203529,Finance,Property-Casualty Insurers
AXS^E,Axis Capital Holdings Limited Depositary Shares each representing 1/100th interest in a share of a 5.50% Series E Preferred Shares,$21.28,-0.02,-0.094%,,Bermuda,,25609,,
AXTA,Axalta Coating Systems Ltd. Common Shares,$33.81,-0.24,-0.705%,7375425413.00,United States,2014,1591672,Consumer Discretionary,Paints/Coatings
AYI,Acuity Brands Inc. ,$264.18,-3.07,-1.149%,8178827346.00,United States,,398939,Consumer Discretionary,Building Products
AZEK,The AZEK Company Inc. Class A Common Stock,$41.39,-0.34,-0.815%,5946563509.00,United States,2020,1688861,Industrials,Plastic Products
AZO,AutoZone Inc. Common Stock,$3606.34,32.96,0.922%,60522174894.00,United States,,208699,Consumer Discretionary,Auto & Home Supply Stores
AZUL,Azul S.A. American Depositary Shares (each representing three preferred shares),$1.74,-0.11,-5.946%,194735462.00,Brazil,2017,1626516,Consumer Discretionary,Air Freight/Delivery Services
AZZ,AZZ Inc.,$82.44,-1.24,-1.482%,2463486589.00,United States,,616145,Industrials,Industrial Specialties
BA,Boeing Company (The) Common Stock,$178.11,5.28,3.055%,133595753343.00,United States,,26802363,Industrials,Aerospace
BA^A,Boeing Company (The) Depositary Shares each representing a 1/20th interest in a share of 6.00% Series A Mandatory Convertible Preferred Stock par value $1.00,$61.21,1.29,2.153%,,United States,,5632793,,
BABA,Alibaba Group Holding Limited American Depositary Shares each representing eight Ordinary share,$135.14,-1.77,-1.293%,321878686675.00,China,2014,13970265,Consumer Discretionary,Business Services
BAC,Bank of America Corporation Common Stock,$42.47,-0.01,-0.024%,322970643827.00,United States,,65010969,Finance,Major Banks
BAC^B,Bank of America Corporation Depositary Shares each representing a 1/1000th interest in a share of 6.000% Non-Cumulative Preferred Stock Series GG,$25.18,0.0021,0.008%,,United States,,25529,,
BAC^E,Bank of America Corporation Depositary Sh repstg 1/1000th Perp Pfd Ser E,$22.99,-0.05,-0.217%,,United States,,12356,,
BAC^K,Bank of America Corporation Depositary Shares each representing a 1/1000th interest in a share of 5.875% Non- Cumulative Preferred Stock Series HH,$25.07,0.02,0.08%,,United States,,23489,,
BAC^L,Bank of America Corporation Non Cumulative Perpetual Conv Pfd Ser L,$1231.05,-3.43,-0.278%,,United States,,2168,,
BAC^M,Bank of America Corporation Depositary Shares each representing a 1/1000th interest in a share of 5.375% Non-Cumulative Preferred Stock Series KK,$23.09,0.00,0.00%,,United States,,31536,,
BAC^N,Bank of America Corporation Depositary shares each representing 1/1000th interest in a share of 5.000% Non-Cumulative Preferred Stock Series LL,$21.47,0.00,0.00%,,United States,,91972,,
BAC^O,Bank of America Corporation Depositary shares each representing 1/1000th interest in a share of 4.375% Non-Cumulative Preferred Stock Series NN,$18.91,0.01,0.053%,,United States,,35778,,
BAC^P,Bank of America Corporation Depositary Shares each representing a 1/1000th interest in a share of 4.125% Non-Cumulative Preferred Stock Series PP,$17.99,-0.02,-0.111%,,United States,,22025,,
BAC^Q,Bank of America Corporation Depositary shares each representing 1/1000th interest in a share of 4.250% Non-Cumulative Preferred Stock Series QQ,$18.39,-0.01,-0.054%,,United States,,53484,,
BAC^S,Bank of America Corporation Depositary shares each representing 1/1000th interest in a share of 4.750% Non-Cumulative Preferred Stock Series SS,$20.48,-0.04,-0.195%,,United States,,25341,,
BAH,Booz Allen Hamilton Holding Corporation Common Stock,$104.14,0.56,0.541%,13188873201.00,United States,2010,5201060,Consumer Discretionary,Professional Services
BAK,Braskem SA ADR,$3.75,-0.05,-1.316%,1693757445.00,Brazil,,639770,Industrials,Major Chemicals
BALL,Ball Corporation Common Stock,$50.69,-0.88,-1.706%,14336292345.00,United States,,4067923,Industrials,Containers/Packaging
BALY,Bally's Corporation Common Stock,$18.25,1.18,6.913%,885305182.00,United States,2024,451959,Consumer Discretionary,Hotels/Resorts
BAM,Brookfield Asset Management Inc Class A Limited Voting Shares,$49.53,0.18,0.365%,19351171345.00,,2022,1636365,Consumer Discretionary,Other Consumer Services
BANC,Banc of California Inc. Common Stock,$14.09,0.00,0.00%,2237941809.00,United States,,5918683,Finance,Major Banks
BANC^F,Banc of California Inc. Depositary Shares each representing a 1/40th interest in a share of 7.75% non-cumulative perpetual preferred stock Series F,$24.85,-0.05,-0.201%,,United States,,13431,,
BAP,Credicorp Ltd. Common Stock,$193.51,-0.77,-0.396%,18263922163.00,Peru,,402145,Finance,Commercial Banks
BARK,BARK Inc. Class A Common Stock,$1.40,0.02,1.449%,244880794.00,United States,2020,1043441,Consumer Discretionary,Other Specialty Stores
BAX,Baxter International Inc. Common Stock,$33.19,-0.25,-0.748%,16980833617.00,United States,,8139701,Health Care,Medical/Dental Instruments
BB,BlackBerry Limited Common Stock,$4.33,-0.09,-2.036%,2561555256.00,Canada,,15779694,Technology,Computer Software: Prepackaged Software
BBAI,BigBear.ai Inc. Common Stock,$2.97,-0.03,-1.00%,744240114.00,United States,2021,21501228,Technology,Computer Software: Prepackaged Software
BBAR,Banco BBVA Argentina S.A. ADS,$19.02,0.59,3.201%,3884581901.00,Argentina,,323059,Finance,Commercial Banks
BBD,Banco Bradesco Sa American Depositary Shares,$2.23,0.02,0.905%,23732039608.00,Brazil,,31127127,Finance,Major Banks
BBDC,Barings BDC Inc. Common Stock,$9.59,-0.04,-0.415%,1010871715.00,United States,,459800,Finance,Diversified Financial Services
BBDO,Banco Bradesco Sa American Depositary Shares (each representing one Common Share),$2.03,0.03,1.50%,21603605563.00,Brazil,,131632,Finance,Major Banks
BBN,BlackRock Taxable Municipal Bond Trust Common Shares of Beneficial Interest,$16.71,0.08,0.481%,0.00,United States,2010,87851,Finance,Finance Companies
BBU,Brookfield Business Partners L.P. Limited Partnership Units ,$23.03,-0.53,-2.25%,4996167766.00,,2016,12755,Consumer Discretionary,Engineering & Construction
BBUC,Brookfield Business Corporation Class A Exchangeable Subordinate Voting Shares,$26.48,-0.10,-0.376%,2618569387.00,,2022,144883,Consumer Discretionary,Engineering & Construction
BBVA,Banco Bilbao Vizcaya Argentaria S.A. Common Stock,$14.14,-0.03,-0.212%,81492856447.00,Spain,,2862039,Finance,Commercial Banks
BBW,Build-A-Bear Workshop Inc. Common Stock,$37.33,0.23,0.62%,501711579.00,United States,2004,352287,Consumer Discretionary,Recreational Games/Products/Toys
BBWI,Bath & Body Works Inc.,$30.28,0.18,0.598%,6486759162.00,United States,,42058470,Consumer Discretionary,Clothing/Shoe/Accessory Stores
BBY,Best Buy Co. Inc. Common Stock,$73.56,0.08,0.109%,15548351969.00,United States,,6849589,Consumer Discretionary,Consumer Electronics/Video Chains
BC,Brunswick Corporation Common Stock,$56.63,0.27,0.479%,3728461494.00,United States,,1245712,Industrials,Industrial Machinery/Components
BC^A,Brunswick Corporation 6.500% Senior Notes due 2048,$24.70,0.1373,0.559%,,United States,,2297,,
BC^C,Brunswick Corporation 6.375% Notes due 2049,$24.25,-0.0671,-0.276%,,United States,,9518,,
BCAT,BlackRock Capital Allocation Term Trust Common Shares of Beneficial Interest,$14.67,0.05,0.342%,1586340450.00,United States,2020,344317,Finance,Finance/Investors Services
BCC,Boise Cascade L.L.C. Common Stock,$99.46,-0.97,-0.966%,3772815086.00,United States,2013,2108646,Consumer Discretionary,RETAIL: Building Materials
BCE,BCE Inc. Common Stock,$22.70,-0.32,-1.39%,20708826438.00,Canada,,2996532,Telecommunications,Telecommunications Equipment
BCH,Banco De Chile ADS,$26.37,-1.48,-5.314%,13319102156.00,Chile,,631174,Finance,Commercial Banks
BCO,Brinks Company (The) Common Stock,$83.83,-1.98,-2.307%,3616409266.00,United States,,1256618,Consumer Discretionary,Oil Refining/Marketing
BCS,Barclays PLC Common Stock,$15.75,-0.22,-1.378%,56784725267.00,United Kingdom,,14020663,Finance,Commercial Banks
BCSF,Bain Capital Specialty Finance Inc. Common Stock,$16.80,0.01,0.06%,1085525179.00,United States,2018,224012,Finance,Finance/Investors Services
BCX,BlackRock Resources Common Shares of Beneficial Interest,$9.30,-0.13,-1.379%,789179493.00,United States,2011,92869,Finance,Finance/Investors Services
BDC,Belden Inc Common Stock,$101.80,-0.98,-0.953%,4099423902.00,United States,,705666,Industrials,Telecommunications Equipment
BDJ,Blackrock Enhanced Equity Dividend Trust,$8.59,-0.06,-0.694%,1519244090.00,United States,2005,444995,Finance,Finance Companies
BDN,Brandywine Realty Trust Common Stock,$4.48,-0.14,-3.03%,775356543.00,United States,,4797149,Real Estate,Real Estate Investment Trusts
BDX,Becton Dickinson and Company Common Stock,$230.23,-1.62,-0.699%,66107187977.00,United States,,4373029,Health Care,Medical/Dental Instruments
BE,Bloom Energy Corporation Class A Common Stock,$23.95,-1.46,-5.746%,5518044722.00,United States,2018,7839384,Energy,Industrial Machinery/Components
BEDU,Bright Scholar Education Holdings Limited American Depositary Shares each  representing four Class A Ordinary Share,$1.85,-0.05,-2.632%,54993477.00,China,2017,95905,Real Estate,Other Consumer Services
BEKE,KE Holdings Inc American Depositary Shares (each representing three Class A Ordinary Shares),$20.64,-0.91,-4.223%,24706911648.00,China,2020,17669914,Finance,Real Estate
BEN,Franklin Resources Inc. Common Stock,$19.87,-0.14,-0.70%,10439657803.00,United States,,12327343,Finance,Investment Managers
BEP,Brookfield Renewable Partners L.P. Limited Partnership Units,$23.69,0.04,0.169%,10188304097.00,Canada,,548900,Utilities,Electric Utilities: Central
BEP^A,Brookfield Renewable Partners L.P. 5.25% Class A Preferred Limited Partnership Units Series 17,$18.81,-0.18,-0.948%,,Canada,,1030,,
BEPC,Brookfield Renewable Corporation Brookfield Renewable Corporation Class A Subordinate Voting Shares,$29.37,0.07,0.239%,10987372509.00,United States,,839372,Utilities,Electric Utilities: Central
BEPH,Brookfield BRP Holdings (Canada) Inc. 4.625% Perpetual Subordinated Notes,$15.64,0.00,0.00%,4491250278.00,Canada,,20341,Utilities,Electric Utilities: Central
BEPI,Brookfield BRP Holdings (Canada) Inc. 4.875% Perpetual Subordinated Notes,$16.56,0.01,0.06%,4755441470.00,Canada,2021,5589,Utilities,Electric Utilities: Central
BEPJ,Brookfield BRP Holdings (Canada) Inc. 7.250% Perpetual Subordinated Notes,$24.87,0.04,0.161%,7141777136.00,Canada,2024,13214,Utilities,Electric Utilities: Central
BERY,Berry Global Group Inc. Common Stock,$68.11,-2.07,-2.95%,7887138000.00,United States,2012,2117919,Industrials,Plastic Products
BF/A,Brown Forman Corporation,$34.06,-0.20,-0.584%,,United States,,284010,,
BF/B,Brown Forman Corporation,$34.65,-0.27,-0.773%,,United States,,8046096,,
BFAM,Bright Horizons Family Solutions Inc. Common Stock,$124.73,-1.58,-1.251%,7153792235.00,United States,2013,568836,Consumer Discretionary,Other Consumer Services
BFH,Bread Financial Holdings Inc. Common Stock,$50.00,0.22,0.442%,2454617800.00,United States,,1317786,Consumer Discretionary,Business Services
BFK,BlackRock Municipal Income Trust,$10.06,0.05,0.50%,0.00,United States,,90183,Finance,Finance Companies
BFLY,Butterfly Network Inc. Class A Common Stock,$2.64,-0.11,-4.00%,641317119.00,United States,2020,4813968,Health Care,Medical Electronics
BFS,Saul Centers Inc. Common Stock,$35.79,-0.17,-0.473%,866146453.00,United States,1993,125181,Real Estate,Real Estate Investment Trusts
BFS^D,Saul Centers Inc. Depositary Shares each representing 1/100th of a share of 6.125% Series D Cumulative Redeemable Preferred Stock,$21.29,0.00,0.00%,,United States,,142,,
BFS^E,Saul Centers Inc. Depositary shares each representing a 1/100th fractional interest in a share of 6.000% Series E Cumulative Redeemable Preferred Stock,$21.085,-0.415,-1.93%,,United States,,277,,
BFZ,BlackRock California Municipal Income Trust,$11.08,0.03,0.271%,0.00,United States,2001,45538,Finance,Finance Companies
BG,Bunge Limited Common Shares,$73.25,-0.70,-0.947%,9813159516.00,United States,,10331287,Consumer Staples,Packaged Foods
BGB,Blackstone Strategic Credit 2027 Term Fund Common Shares of Beneficial Interest,$12.09,-0.03,-0.248%,0.00,United States,2012,78092,Finance,Trusts Except Educational Religious and Charitable
BGH,Barings Global Short Duration High Yield Fund Common Shares of Beneficial Interests,$15.18,-0.09,-0.589%,0.00,United States,2012,80586,Finance,Investment Managers
BGR,BlackRock Energy and Resources Trust,$13.48,-0.02,-0.148%,1827701895.00,United States,2004,50431,Finance,Trusts Except Educational Religious and Charitable
BGS,B&G Foods Inc. Common Stock,$7.09,0.19,2.754%,561090143.00,United States,,3028813,Consumer Staples,Packaged Foods
BGSF,BGSF Inc. Common Stock,$3.54,-0.15,-4.065%,39212605.00,United States,,45705,Consumer Discretionary,Professional Services
BGT,BlackRock Floating Rate Income Trust,$12.36,0.02,0.162%,0.00,United States,2004,98654,Finance,Trusts Except Educational Religious and Charitable
BGX,Blackstone Long Short Credit Income Fund Common Shares,$12.38,-0.02,-0.161%,0.00,,2011,78929,Finance,Trusts Except Educational Religious and Charitable
BGY,Blackrock Enhanced International Dividend Trust,$5.75,-0.04,-0.691%,0.00,United States,2007,409088,Finance,Trusts Except Educational Religious and Charitable
BH,Biglari Holdings Inc. Class B Common Stock,$211.81,-12.22,-5.455%,481974502.00,United States,2018,6349,Consumer Discretionary,Restaurants
BHC,Bausch Health Companies Inc. Common Stock,$7.16,0.03,0.421%,2634406703.00,Canada,,2541633,Health Care,Biotechnology: Pharmaceutical Preparations
BHE,Benchmark Electronics Inc. Common Stock,$40.10,-0.88,-2.147%,1444266622.00,United States,,4446030,Technology,Electrical Products
BHK,Blackrock Core Bond Trust,$10.73,0.03,0.28%,0.00,United States,2001,38091,Finance,Finance Companies
BHLB,Berkshire Hills Bancorp Inc. Common Stock,$26.12,-0.13,-0.495%,1212096745.00,United States,,1801773,Finance,Banks
BHP,BHP Group Limited American Depositary Shares (Each representing two Ordinary Shares),$49.15,-0.16,-0.324%,124601962514.00,Australia,,2242023,Energy,Coal Mining
BHR,Braemar Hotels & Resorts Inc. Common Stock,$2.80,-0.16,-5.405%,187730264.00,United States,2013,415520,Real Estate,Real Estate Investment Trusts
BHR^B,Braemar Hotels & Resorts Inc. 5.50% Series B Cumulative Convertible Preferred Stock par value $0.01 per share,$14.2501,-0.0099,-0.069%,,United States,,241,,
BHR^D,Braemar Hotels & Resorts Inc. 8.25% Series D Cumulative Preferred Stock  par value $0.01 per share,$20.74,0.09,0.436%,,United States,,2165,,
BHV,BlackRock Virginia Municipal Bond Trust,$10.74,0.0499,0.467%,0.00,United States,2002,3191,Finance,Finance/Investors Services
BHVN,Biohaven Ltd. Common Shares ,$28.54,0.36,1.278%,2912635401.00,United States,2022,1093304,Health Care,Biotechnology: Pharmaceutical Preparations
BILL,BILL Holdings Inc. Common Stock,$47.92,-0.03,-0.063%,4885295208.00,United States,2019,1871542,Technology,EDP Services
BIO,Bio-Rad Laboratories Inc. Class A Common Stock,$256.68,2.21,0.868%,7189899929.00,United States,1980,1439996,Industrials,Biotechnology: Laboratory Analytical Instruments
BIO/B,Bio-Rad Laboratories Inc.,$265.82,0.00,0.00%,,United States,,3,,
BIP,Brookfield Infrastructure Partners LP Limited Partnership Units,$28.72,-0.03,-0.104%,13249798876.00,Bermuda,,613352,Consumer Discretionary,Marine Transportation
BIP^A,Brookfield Infrastructure Partners LP 5.125% Class A Preferred Limited Partnership Units Series 13,$17.73,-0.07,-0.393%,,Bermuda,,9927,,
BIP^B,Brookfield Infrastructure Partners LP 5.000% Class A Preferred Limited Partnership Units Series 14,$17.23,0.0651,0.379%,,Bermuda,,10010,,
BIPC,Brookfield Infrastructure Corporation Brookfield Infrastructure Corporation,$35.36,-0.25,-0.702%,5057444585.00,Canada,,963987,Consumer Discretionary,Marine Transportation
BIPH,Brookfield Infrastructure Corporation 5.000% Subordinated Notes due 2081,$18.00,0.15,0.84%,8304191496.00,Canada,2021,3830,Utilities,Oil & Gas Production
BIPI,BIP Bermuda Holdings I Limited 5.125% Perpetual Subordinated Notes,$17.10,0.00,0.00%,162054990.00,Bermuda,2022,8686,Consumer Discretionary,Marine Transportation
BIPJ,Brookfield Infrastructure Corporation 7.250% Subordinated Notes due 2084,$24.97,-0.01,-0.04%,11519758981.00,Canada,2024,10298,Utilities,Oil & Gas Production
BIRK,Birkenstock Holding plc Ordinary Shares,$45.27,0.11,0.244%,8503027975.00,,2023,883162,Consumer Discretionary,Shoe Manufacturing
BIT,BlackRock Multi-Sector Income Trust Common Shares of Beneficial Interest,$14.49,0.00,0.00%,0.00,,2013,106631,Finance,Trusts Except Educational Religious and Charitable
BJ,BJ's Wholesale Club Holdings Inc. Common Stock,$110.19,1.56,1.436%,14509486647.00,United States,2018,2649232,Consumer Discretionary,Department/Specialty Retail Stores
BK,The Bank of New York Mellon Corporation Common Stock,$83.55,-0.38,-0.453%,59848590475.00,United States,,9720941,Finance,Major Banks
BK^K,The Bank Of New York Mellon Corporation  Depositary Shares each representing a 1/4000th interest in a share of Series K Noncumulative Perpetual Preferred Stock,$25.64,25.64,,,United States,,930271,,
BKD,Brookdale Senior Living Inc. Common Stock,$6.02,-0.13,-2.114%,1205138159.00,United States,2005,2893120,Health Care,Hospital/Nursing Management
BKDT,Brookdale Senior Living Inc. 7.00% Tangible Equity Units,$79.69,0.00,0.00%,15953066430.00,United States,2022,5,Health Care,Hospital/Nursing Management
BKE,Buckle Inc. (The) Common Stock,$39.05,0.71,1.852%,1982716734.00,United States,,3704145,Consumer Discretionary,Clothing/Shoe/Accessory Stores
BKH,Black Hills Corporation Common Stock,$59.23,-1.17,-1.937%,4241903933.00,United States,,1344087,Utilities,Electric Utilities: Central
BKKT,Bakkt Holdings Inc. Class A Common Stock,$11.93,1.41,13.403%,163098931.00,United States,,683545,Finance,Finance: Consumer Services
BKN,BlackRock Investment Quality Municipal Trust Inc. (The),$11.41,0.11,0.973%,0.00,United States,1993,55305,Finance,Trusts Except Educational Religious and Charitable
BKSY,BlackSky Technology Inc. Class A Common Stock,$8.71,-0.05,-0.571%,268084515.00,United States,2019,866434,Technology,Radio And Television Broadcasting And Communications Equipment
BKT,BlackRock Income Trust Inc. (The),$11.72,0.06,0.515%,1743496160.00,United States,,39779,Finance,Investment Bankers/Brokers/Service
BKU,BankUnited Inc. Common Stock,$34.68,0.04,0.115%,2592367662.00,United States,2011,1655244,Finance,Savings Institutions
BKV,BKV Corporation Common Stock,$20.76,-0.31,-1.471%,1756302249.00,,2024,210682,Energy,Oil & Gas Production
BLCO,Bausch + Lomb Corporation Common Shares,$15.56,-0.19,-1.206%,5484445586.00,,2022,162589,Health Care,Ophthalmic Goods
BLD,TopBuild Corp. Common Stock,$298.52,-8.03,-2.619%,8725020764.00,United States,2015,739271,Consumer Discretionary,Engineering & Construction
BLDR,Builders FirstSource Inc. Common Stock,$126.46,-2.30,-1.786%,14368558830.00,United States,2005,4153405,Consumer Discretionary,RETAIL: Building Materials
BLE,BlackRock Municipal Income Trust II,$10.56,0.07,0.667%,0.00,United States,2002,85370,Finance,Finance/Investors Services
BLK,BlackRock Inc. Common Stock,$951.73,-2.44,-0.256%,147759359306.00,United States,1999,5211797,Finance,Investment Bankers/Brokers/Service
BLND,Blend Labs Inc. Class A Common Stock,$3.65,-0.07,-1.882%,947766077.00,United States,2021,4029440,Technology,Computer Software: Programming Data Processing
BLW,Blackrock Limited Duration Income Trust,$14.08,0.05,0.356%,502814442.00,United States,2003,106117,Consumer Discretionary,Other Consumer Services
BLX,Banco Latinoamericano de Comercio Exterior S.A.,$37.18,-0.83,-2.184%,2717104064.00,Panama,1992,214263,Finance,Commercial Banks
BMA,Banco Macro S.A.  ADR (representing Ten Class B Common Shares),$82.33,2.44,3.054%,5264290605.00,Argentina,,275695,Finance,Commercial Banks
BME,Blackrock Health Sciences Trust,$38.90,-0.07,-0.18%,518654400.00,United States,2005,26401,Finance,Trusts Except Educational Religious and Charitable
BMEZ,BlackRock Health Sciences Term Trust Common Shares of Beneficial Interest,$15.10,-0.02,-0.132%,201328572.00,United States,2020,617282,Finance,Trusts Except Educational Religious and Charitable
BMI,Badger Meter Inc. Common Stock,$189.49,-7.14,-3.631%,5573070115.00,United States,1971,918577,Industrials,Industrial Machinery/Components
BML^H,Bank of America Corporation Depositary Shares (Each representing a 1/1200th interest in a Share of Floating Rate Non-Cumulative Preferred Stock Series 2),$22.41,-0.02,-0.089%,,United States,,14283,,
BML^J,Bank of America Corporation Depositary Shares (Each representing a 1/1200th interest in a Share of Floating Rate Non-Cumulative Preferred Stock Series 4),$23.19,0.05,0.216%,,United States,,8101,,
BML^L,Bank of America Corporation Depositary Shares (Each representing a 1/1200th Interest in a Share of Floating Rate Non-Cumulative Preferred Stock Series 5),$22.90,-0.05,-0.218%,,United States,,54619,,
BMN,BlackRock 2037 Municipal Target Term Trust Common Shares of Beneficial Interest,$25.27,-0.07,-0.276%,0.00,,2022,5790,Finance,Trusts Except Educational Religious and Charitable
BMO,Bank Of Montreal Common Stock,$96.70,-1.20,-1.226%,70542650000.00,Canada,,1041033,Finance,Commercial Banks
BMY,Bristol-Myers Squibb Company Common Stock,$61.07,0.65,1.076%,123930085245.00,United States,,25865519,Health Care,Biotechnology: Pharmaceutical Preparations
BN,Brookfield Corporation Class A Limited Voting Shares,$53.65,-0.10,-0.186%,80893307119.00,Canada,1925,2549145,Real Estate,Building operators
BNED,Barnes & Noble Education Inc Common Stock,$9.84,0.16,1.653%,335089854.00,United States,2015,406134,Consumer Discretionary,Other Specialty Stores
BNH,Brookfield Finance Inc. 4.625% Subordinated Notes due October 16 2080,$16.44,-0.12,-0.725%,24788182088.00,Canada,2020,16773,Real Estate,Building operators
BNJ,Brookfield Finance Inc. 4.50% Perpetual Subordinated Notes,$15.835,0.0693,0.44%,23875964925.00,Canada,2020,8242,Real Estate,Building operators
BNL,Broadstone Net Lease Inc. Common Stock,$16.86,-0.31,-1.805%,3183145408.00,United States,2020,2385079,Real Estate,Real Estate Investment Trusts
BNS,Bank Nova Scotia Halifax Pfd 3 Ordinary Shares,$48.00,-0.10,-0.208%,59732928000.00,Canada,,2008362,Finance,Major Banks
BNT,Brookfield Wealth Solutions Ltd. Class A Exchangeable Limited Voting Shares,$53.56,-0.09,-0.168%,7791175564.00,,2021,13883,Finance,Property-Casualty Insurers
BNY,BlackRock New York Municipal Income Trust,$10.34,0.175,1.722%,0.00,United States,,89568,Finance,Trusts Except Educational Religious and Charitable
BOC,Boston Omaha Corporation Class A Common Stock,$13.95,-0.05,-0.357%,437665445.00,United States,2022,284186,Finance,Real Estate
BODI,The Beachbody Company Inc. Class A Common Stock,$7.11,-0.64,-8.258%,49226789.00,United States,2021,14556,Consumer Discretionary,Other Consumer Services
BOE,Blackrock Enhanced Global Dividend Trust Common Shares of Beneficial Interest,$11.03,-0.02,-0.181%,0.00,United States,2005,83627,Finance,Trusts Except Educational Religious and Charitable
BOH,Bank of Hawaii Corporation Common Stock,$68.44,0.18,0.264%,2721195137.00,United States,,2866540,Finance,Major Banks
BOH^A,Bank of Hawaii Corporation Depositary Shares Each Representing a 1/40th Interest in a Share of 4.375% Fixed Rate Non-Cumulative Perpetual Preferred Stock Series A,$16.37,-0.03,-0.183%,,United States,,5258,,
BOH^B,Bank of Hawaii Corporation Depositary Shares Each Representing a 1/40th Interest in a Share of 8.000% Fixed Rate Non-Cumulative Perpetual Preferred Stock Series B,$25.86,0.01,0.039%,,United States,,8415,,
BOOT,Boot Barn Holdings Inc. Common Stock,$104.73,-2.56,-2.386%,3204002167.00,United States,2014,1095983,Consumer Discretionary,Clothing/Shoe/Accessory Stores
BORR,Borr Drilling Limited Common Shares,$2.33,-0.09,-3.719%,588516144.00,,2019,4773116,Energy,Oil & Gas Production
BOW,Bowhead Specialty Holdings Inc. Common Stock,$37.70,-0.89,-2.306%,1231383149.00,,2024,1096457,Finance,Property-Casualty Insurers
BOX,Box Inc. Class A Common Stock,$30.37,0.15,0.496%,4366878065.00,United States,2015,2367812,Technology,Computer Software: Prepackaged Software
BP,BP p.l.c. Common Stock,$34.55,-0.20,-0.576%,93204808932.00,United Kingdom,,40923610,Energy,Integrated oil Companies
BPT,BP Prudhoe Bay Royalty Trust Common Stock,$0.549,-0.031,-5.345%,11748600.00,United States,,238469,Energy,Integrated oil Companies
BR,Broadridge Financial Solutions Inc. Common Stock,$232.90,-0.91,-0.389%,27253652202.00,United States,,1115423,Consumer Discretionary,Business Services
BRBR,BellRing Brands Inc. Common Stock ,$70.65,0.25,0.355%,9063203770.00,United States,2022,1132766,Consumer Staples,Packaged Foods
BRC,Brady Corporation Common Stock,$70.54,-0.79,-1.108%,3370417354.00,United States,,1072197,Consumer Discretionary,Miscellaneous manufacturing industries
BRCC,BRC Inc. Class A Common Stock,$2.19,0.03,1.389%,466564146.00,United States,2022,679412,Consumer Staples,Beverages (Production/Distribution)
BRDG,Bridge Investment Group Holdings Inc. Class A Common Stock,$10.08,-0.06,-0.592%,1248356461.00,United States,2021,223567,Finance,Investment Managers
BRFS,BRF S.A.,$3.45,-0.02,-0.576%,5791363431.00,Brazil,,1213954,Consumer Staples,Meat/Poultry/Fish
BRK/A,Berkshire Hathaway Inc.,$781680.00,-11200.00,-1.413%,1149752788320.00,United States,,2342,,
BRK/B,Berkshire Hathaway Inc.,$521.91,-6.82,-1.29%,1151495967639.00,United States,,8546279,,
BRO,Brown & Brown Inc. Common Stock,$118.52,-1.28,-1.068%,33888658033.00,United States,,3022012,Finance,Specialty Insurers
BROS,Dutch Bros Inc. Class A Common Stock,$65.43,-0.06,-0.092%,10089597033.00,United States,2021,2807465,Consumer Discretionary,Restaurants
BRSP,BrightSpire Capital Inc. Class A Common Stock,$5.94,0.01,0.169%,770329999.00,United States,2018,2952821,Real Estate,Real Estate Investment Trusts
BRT,BRT Apartments Corp. (MD) Common Stock,$18.15,-0.04,-0.22%,343574817.00,United States,,75046,Real Estate,Real Estate Investment Trusts
BRW,Saba Capital Income & Opportunities Fund SBI,$7.78,0.042,0.543%,0.00,United States,,122880,Finance,Trusts Except Educational Religious and Charitable
BRX,Brixmor Property Group Inc. Common Stock,$25.60,-0.37,-1.425%,7831867802.00,United States,2013,3458333,Real Estate,Real Estate Investment Trusts
BSAC,Banco Santander - Chile ADS,$22.85,-0.08,-0.349%,10764984993.00,Chile,,643616,Finance,Commercial Banks
BSBR,Banco Santander Brasil SA American Depositary Shares each representing one unit,$4.73,-0.03,-0.63%,35284040095.00,Brazil,2009,1037295,Finance,Commercial Banks
BSL,Blackstone Senior Floating Rate 2027 Term Fund Common Shares of Beneficial Interest,$14.11,0.01,0.071%,0.00,United States,2010,79752,Finance,Trusts Except Educational Religious and Charitable
BSM,Black Stone Minerals L.P. Common units representing limited partner interests,$15.27,-0.07,-0.456%,3448714764.00,United States,2015,390204,Energy,Oil & Gas Production
BST,BlackRock Science and Technology Trust Common Shares of Beneficial Interest,$34.43,0.33,0.968%,762894087.00,United States,2014,98081,Finance,Finance Companies
BSTZ,BlackRock Science and Technology Term Trust Common Shares of Beneficial Interest,$18.65,-0.01,-0.054%,413243530.00,United States,2019,151024,Finance,Trusts Except Educational Religious and Charitable
BSX,Boston Scientific Corporation Common Stock,$100.69,-0.82,-0.808%,148596097292.00,United States,,8617197,Health Care,Medical/Dental Instruments
BTA,BlackRock Long-Term Municipal Advantage Trust Common Shares of Beneficial Interest,$9.74,-0.0209,-0.214%,0.00,United States,2006,23490,Finance,Trusts Except Educational Religious and Charitable
BTCM,BIT Mining Limited ADS,$1.8995,0.0595,3.234%,21107858.00,,2013,13021,Technology,EDP Services
BTE,Baytex Energy Corp Common Shares,$2.19,0.00,0.00%,1724187000.00,Canada,2023,54268604,Energy,Oil & Gas Production
BTI,British American Tobacco  Industries p.l.c. Common Stock ADR,$40.83,-0.24,-0.584%,84670999367.00,United Kingdom,1998,3246653,Health Care, Medicinal Chemicals and Botanical Products 
BTO,John Hancock Financial Opportunities Fund Common Stock,$33.21,-0.22,-0.658%,0.00,United States,1994,24885,Finance,Investment Managers
BTT,BlackRock Municipal 2030 Target Term Trust,$21.28,0.03,0.141%,0.00,United States,2012,73936,Finance,Investment Managers
BTU,Peabody Energy Corporation Common Stock ,$14.00,0.16,1.156%,1701946694.00,United States,2017,11599970,Energy,Coal Mining
BTX,BlackRock Technology and Private Equity Term Trust Common Shares of Beneficial Interest,$6.55,-0.03,-0.456%,1544464940.00,United States,2021,481873,,
BTZ,BlackRock Credit Allocation Income Trust,$10.74,0.07,0.656%,1161369900.00,United States,2006,284004,Finance,Finance Companies
BUD,Anheuser-Busch Inbev SA Sponsored ADR (Belgium),$62.78,-0.26,-0.412%,112828123274.00,Belgium,,2131150,Consumer Staples,Beverages (Production/Distribution)
BUI,BlackRock Utility Infrastructure & Power Opportunities Trust,$22.87,0.03,0.131%,0.00,United States,2011,23770,Finance,Trusts Except Educational Religious and Charitable
BUR,Burford Capital Limited Ordinary Shares,$13.83,-0.28,-1.984%,3034604932.00,,2020,1323865,Finance,Finance: Consumer Services
BURL,Burlington Stores Inc. Common Stock,$233.96,-2.61,-1.103%,14787353129.00,United States,2013,1287926,Consumer Discretionary,Department/Specialty Retail Stores
BV,BrightView Holdings Inc. Common Stock,$13.11,-0.26,-1.945%,1252005000.00,United States,2018,748288,Consumer Discretionary,Business Services
BVN,Buenaventura Mining Company Inc.,$15.46,-0.07,-0.451%,3926636964.00,Peru,1996,2823190,Basic Materials,Metal Mining
BW,Babcock & Wilcox Enterprises Inc. Common Stock,$0.8762,-0.0267,-2.957%,82640236.00,United States,2015,731210,Industrials,Building Products
BW^A,Babcock & Wilcox Enterprises Inc. 7.75% Series A Cumulative Perpetual Preferred Stock,$9.475,-0.335,-3.415%,,United States,,19997,,
BWA,BorgWarner Inc. Common Stock,$28.70,-0.25,-0.864%,6276231604.00,United States,,55738970,Consumer Discretionary,Auto Parts:O.E.M.
BWG,BrandywineGLOBAL Global Income Opportunities Fund Inc.,$8.54,0.02,0.235%,0.00,United States,2012,11280,Finance,Finance/Investors Services
BWLP,BW LPG Limited Common Shares,$11.47,-0.27,-2.30%,1511201794.00,,2024,321065,Consumer Discretionary,Transportation Services
BWMX,Betterware de Mexico S.A.P.I. de C.V. Ordinary Shares,$11.41,-0.10,-0.869%,425781790.00,Mexico,,20526,Consumer Discretionary,Catalog/Specialty Distribution
BWNB,Babcock & Wilcox Enterprises Inc. 6.50% Senior Notes due 2026,$18.59,-0.36,-1.90%,1753346263.00,United States,2021,41629,Industrials,Building Products
BWSN,Babcock & Wilcox Enterprises Inc. 8.125% Senior Notes due 2026,$20.85,-0.15,-0.714%,1966501861.00,United States,2021,20024,Industrials,Building Products
BWXT,BWX Technologies Inc. Common Stock,$99.38,-1.01,-1.006%,9091650901.00,United States,,3417313,Industrials,Industrial Machinery/Components
BX,Blackstone Inc. Common Stock,$148.29,-0.46,-0.309%,108165087518.00,United States,2007,8381450,Finance,Investment Managers
BXC,Bluelinx Holdings Inc. Common Stock,$80.41,-2.01,-2.439%,666995160.00,United States,2004,269079,Consumer Discretionary,Wholesale Distributors
BXMT,Blackstone Mortgage Trust Inc. Common Stock,$20.74,-0.32,-1.519%,3558877396.00,United States,,3148274,Real Estate,Real Estate Investment Trusts
BXMX,Nuveen S&P 500 Buy-Write Income Fund Common Shares of Beneficial Interest,$13.09,0.00,0.00%,0.00,United States,,115044,Finance,Investment Managers
BXP,BXP Inc. Common Stock,$68.34,-0.13,-0.19%,10812044201.00,United States,1997,2903247,Real Estate,Real Estate Investment Trusts
BXSL,Blackstone Secured Lending Fund Common Shares of Beneficial Interest,$33.00,0.06,0.182%,0.00,,2021,1292832,Finance,Trusts Except Educational Religious and Charitable
BY,Byline Bancorp Inc. Common Stock,$26.64,-0.06,-0.225%,1190374860.00,United States,2017,449474,Finance,Major Banks
BYD,Boyd Gaming Corporation Common Stock,$67.96,0.22,0.325%,5691405344.00,United States,1993,1488549,Consumer Discretionary,Hotels/Resorts
BYM,Blackrock Municipal Income Quality Trust Common Shares of Beneficial Interest,$10.96,0.08,0.735%,0.00,United States,2002,114705,Finance,Investment Managers
BYON,Beyond Inc. Common Stock,$5.14,0.12,2.39%,273164221.00,United States,,3091945,Consumer Discretionary,Catalog/Specialty Distribution
BZH,Beazer Homes USA Inc. Common Stock,$21.38,-0.71,-3.214%,667122021.00,United States,1994,628884,Consumer Discretionary,Homebuilding
C,Citigroup Inc. Common Stock,$71.98,0.16,0.223%,135644838081.00,United States,,21724002,Finance,Major Banks
C^N,Citigroup Capital XIII 7.875% Fixed rate Floating Rate trust Preferred Securities (TruPS),$30.02,-0.01,-0.033%,,United States,,87569,,
CAAP,Corporacion America Airports SA Common Shares,$18.10,0.42,2.376%,2954330997.00,,2018,284215,Consumer Discretionary,Aerospace
CABO,Cable One Inc. Common Stock,$256.05,1.37,0.538%,1440928800.00,United States,2015,257189,Telecommunications,Cable & Other Pay Television Services
CACI,CACI International Inc. Class A Common Stock,$366.12,-3.54,-0.958%,8208314843.00,United States,,724946,Technology,EDP Services
CADE,Cadence Bank Common Stock,$30.32,0.19,0.631%,5537068568.00,United States,,3357894,Finance,Major Banks
CADE^A,Cadence Bank 5.50% Series A ,$21.65,0.10,0.464%,,United States,,20436,,
CAE,CAE Inc. Ordinary Shares,$24.54,-0.07,-0.284%,7821312726.00,Canada,,295079,Miscellaneous,Industrial Machinery/Components
CAF,Morgan Stanley China A Share Fund Inc. Common Stock,$13.10,0.00,0.00%,0.00,United States,2006,66308,Finance,Investment Managers
CAG,ConAgra Brands Inc. Common Stock,$25.68,-0.22,-0.849%,12257589464.00,United States,,21562786,Consumer Staples,Packaged Foods
CAH,Cardinal Health Inc. Common Stock,$131.89,-1.19,-0.894%,31860402597.00,United States,,5709855,Health Care,Other Pharmaceuticals
CAL,Caleres Inc. Common Stock,$16.50,-0.34,-2.019%,554879457.00,United States,,2820233,Consumer Discretionary,Shoe Manufacturing
CALX,Calix Inc Common Stock,$35.86,0.17,0.476%,2391468939.00,United States,2010,1185603,Consumer Discretionary,Telecommunications Equipment
CANG,Cango Inc. American Depositary Shares  each representing two (2) Class A Ordinary Shares,$4.07,0.13,3.299%,443295869.00,,2018,346545,Technology,Computer Software: Prepackaged Software
CAPL,CrossAmerica Partners LP Common Units representing limited partner interests,$23.61,-0.20,-0.84%,898589564.00,United States,2012,110331,Energy,Oil Refining/Marketing
CARR,Carrier Global Corporation Common Stock ,$66.17,-0.26,-0.391%,57458051315.00,United States,2020,11049650,Industrials,Industrial Machinery/Components
CARS,Cars.com Inc. Common Stock ,$11.64,0.24,2.105%,743184434.00,United States,2017,2722746,Technology,EDP Services
CAT,Caterpillar Inc. Common Stock,$335.78,-0.47,-0.14%,160480015019.00,United States,,6766101,Industrials,Construction/Ag Equipment/Trucks
CATO,Cato Corporation (The) Class A Common Stock,$3.50,0.24,7.362%,71882216.00,United States,,291165,Consumer Discretionary,Clothing/Shoe/Accessory Stores
CAVA,CAVA Group Inc. Common Stock,$83.85,-0.81,-0.957%,9692605952.00,United States,2023,3610255,Consumer Discretionary,Restaurants
CB,Chubb Limited  Common Stock,$291.43,-2.69,-0.915%,116692093640.00,Switzerland,,3152107,Finance,Property-Casualty Insurers
CBAN,Colony Bankcorp Inc. Common Stock,$16.29,-0.07,-0.428%,285403015.00,United States,,123859,Finance,Major Banks
CBL,CBL & Associates Properties Inc. Common Stock,$26.43,-0.59,-2.184%,817636418.00,United States,2021,323618,Real Estate,Real Estate Investment Trusts
CBNA,Chain Bridge Bancorp Inc. Class A Common Stock,$22.74,-0.34,-1.473%,149215719.00,,2024,26599,Finance,Major Banks
CBRE,CBRE Group Inc Common Stock Class A,$129.78,-0.35,-0.269%,38938864414.00,United States,,3452817,Finance,Real Estate
CBT,Cabot Corporation Common Stock,$82.21,-0.34,-0.412%,4457548857.00,United States,,996165,Industrials,Major Chemicals
CBU,Community Financial System Inc. Common Stock,$57.59,0.43,0.752%,3035702739.00,United States,,684662,Finance,Major Banks
CBZ,CBIZ Inc. Common Stock,$73.00,0.06,0.082%,3924366047.00,United States,,571823,Consumer Discretionary,Business Services
CC,Chemours Company (The) Common Stock,$14.10,-0.57,-3.885%,2107115111.00,United States,2015,28509930,Industrials,Major Chemicals
CCI,Crown Castle Inc. Common Stock,$106.39,1.80,1.721%,46325532709.00,United States,,9215014,Real Estate,Real Estate Investment Trusts
CCIA,Carlyle Credit Income Fund 8.75% Series A Preferred Shares due 2028,$25.8185,0.0595,0.231%,0.00,,2023,1120,,
CCIF,Carlyle Credit Income Fund Shares of Beneficial Interest,$7.33,0.02,0.274%,0.00,,2019,82958,Finance,Finance/Investors Services
CCJ,Cameco Corporation Common Stock,$44.53,-0.32,-0.713%,19378590871.00,Canada,1996,2993192,Basic Materials,Other Metals and Minerals
CCK,Crown Holdings Inc.,$87.70,-2.46,-2.728%,10309357846.00,United States,,5027608,Industrials,Containers/Packaging
CCL,Carnival Corporation Common Stock,$20.94,-0.26,-1.226%,28308583154.00,United States,1987,59554678,Consumer Discretionary,Marine Transportation
CCM,Concord Medical Services Holdings Limited American Depositary Shares (Each represents thirty (30) Class A ordinary shares),$3.83,-0.08,-2.046%,16628799.00,China,2024,8193,Health Care,Medical/Nursing Services
CCO,Clear Channel Outdoor Holdings Inc. Common Stock,$1.18,0.06,5.357%,578268809.00,United States,2005,5911110,Consumer Discretionary,Advertising
CCRD,CoreCard Corporation Common Stock,$20.58,-0.19,-0.915%,160249854.00,United States,1986,15150,Technology,Computer Software: Prepackaged Software
CCS,Century Communities Inc. Common Stock,$68.96,-1.35,-1.92%,2135086214.00,United States,2014,3359099,Consumer Discretionary,Homebuilding
CCU,Compania Cervecerias Unidas S.A. Common Stock,$15.34,0.14,0.921%,2834087028.00,Chile,,345739,Consumer Staples,Beverages (Production/Distribution)
CDE,Coeur Mining Inc. Common Stock,$6.21,-0.21,-3.271%,3965444404.00,United States,,27046396,Basic Materials,Precious Metals
CDLR,Cadeler A/S American Depositary Share (each representing four (4) Ordinary Shares),$20.99,0.76,3.757%,1840613100.00,,2023,93415,Consumer Discretionary,Marine Transportation
CDP,COPT Defense Properties Common Shares of Beneficial Interest,$26.75,-0.33,-1.219%,3014710154.00,United States,,1448081,Real Estate,Real Estate Investment Trusts
CDR^B,Cedar Realty Trust Inc. 7.25% Series B Cumulative Redeemable Preferred Stock,$17.41,-0.19,-1.08%,,United States,,1422,,
CDR^C,Cedar Realty Trust Inc. 6.50% Series C Cumulative Redeemable Preferred Stock,$15.50,-0.40,-2.516%,,United States,,10880,,
CDRE,Cadre Holdings Inc. Common Stock,$31.17,-0.73,-2.288%,1265750986.00,United States,2021,604278,Health Care,Industrial Specialties
CE,Celanese Corporation Common Stock,$57.10,0.28,0.493%,6242875815.00,United States,2005,27641807,Industrials,Major Chemicals
CEE,The Central and Eastern Europe Fund Inc. (The) Common Stock,$14.94,-0.03,-0.20%,0.00,United States,,20895,Finance,Finance Companies
CEPU,Central Puerto S.A. American Depositary Shares (each represents ten Common Shares),$12.56,0.30,2.447%,1901611959.00,,2018,241930,Utilities,Electric Utilities: Central
CF,CF Industries Holdings Inc. Common Stock,$76.78,-0.14,-0.182%,13017035734.00,United States,2005,7513512,Industrials,Agricultural Chemicals
CFG,Citizens Financial Group Inc. Common Stock,$41.19,0.20,0.488%,18005672247.00,United States,2014,17066783,Finance,Major Banks
CFG^E,Citizens Financial Group Inc. Depositary Shares Each Representing 1/40th Interest in a Share of 5.000% Fixed-Rate Non-Cumulative Perpetual Preferred Stock Series E,$20.2656,-0.3244,-1.576%,,United States,,31395,,
CFG^H,Citizens Financial Group Inc. Depositary Shares Each Representing a 1/40th Interest in a Share of 7.375% Fixed-Rate Non-Cumulative Perpetual Preferred Stock Series H,$26.47,-0.43,-1.599%,,United States,,13260,,
CFR,Cullen/Frost Bankers Inc. Common Stock,$122.60,-0.04,-0.033%,7875214923.00,United States,,1829556,Finance,Major Banks
CFR^B,Cullen/Frost Bankers Inc. Depositary Shares each representing a 1/40th ownership interest in a share of 4.450% non-cumulative perpetual preferred stock Series B,$17.94,0.01,0.056%,,United States,,6795,,
CGAU,Centerra Gold Inc. Common Shares,$6.09,-0.15,-2.404%,1295487832.00,Canada,2021,979300,Basic Materials,Precious Metals
CHCT,Community Healthcare Trust Incorporated Common Stock,$18.21,-0.23,-1.247%,516060820.00,United States,2015,475121,Real Estate,Real Estate Investment Trusts
CHD,Church & Dwight Company Inc. Common Stock,$107.15,-0.92,-0.851%,26355672749.00,United States,,2538681,Consumer Discretionary,Package Goods/Cosmetics
CHE,Chemed Corp,$594.11,-7.50,-1.247%,8695806866.00,United States,,358340,Health Care,Medical/Nursing Services
CHGG,Chegg Inc. Common Stock,$0.7164,-0.0227,-3.071%,75300185.00,United States,2013,4496303,Real Estate,Other Consumer Services
CHH,Choice Hotels International Inc. Common Stock,$129.52,-0.50,-0.385%,6052220144.00,United States,,583744,Consumer Discretionary,Hotels/Resorts
CHMI,Cherry Hill Mortgage Investment Corporation Common Stock,$3.60,0.01,0.279%,113850263.00,,2013,211480,Real Estate,Real Estate Investment Trusts
CHMI^A,Cherry Hill Mortgage Investment Corporation 8.20% Series A Cumulative Redeemable Preferred Stock,$22.04,0.0475,0.216%,,,,2057,,
CHMI^B,Cherry Hill Mortgage Investment Corporation 8.250% Series B Fixed-to-Floating Rate Cumulative Redeemable Preferred Stock,$24.5712,0.1512,0.619%,,,,2340,,
CHN,China Fund Inc. (The) Common Stock,$13.23,-0.17,-1.269%,0.00,United States,,16394,Finance,Investment Managers
CHPT,ChargePoint Holdings Inc. Common Stock,$0.6854,0.0238,3.597%,303180435.00,United States,2019,42158467,Consumer Discretionary,Industrial Specialties
CHT,Chunghwa Telecom Co. Ltd.,$39.14,0.13,0.333%,30362645797.00,Taiwan,,96067,Telecommunications,Telecommunications Equipment
CHWY,Chewy Inc. Class A Common Stock,$33.86,1.54,4.765%,13823186942.00,United States,2019,8475616,Consumer Discretionary,Catalog/Specialty Distribution
CI,The Cigna Group Common Stock,$316.65,-4.74,-1.475%,86660285626.00,United States,,3554964,Health Care,Medical Specialities
CIA,Citizens Inc. Class A Common Stock ($1.00 Par),$5.13,-0.13,-2.471%,256024731.00,United States,1994,129761,Finance,Life Insurance
CIB,BanColombia S.A. Common Stock,$42.68,0.01,0.023%,10262694090.00,Colombia,,595790,Finance,Commercial Banks
CICB,CION Investment Corporation 7.50% Notes due 2029,$24.95,-0.0899,-0.359%,0.00,United States,2024,295,Finance,Finance/Investors Services
CIEN,Ciena Corporation Common Stock,$65.56,-0.07,-0.107%,9319070519.00,United States,1997,2539036,Utilities,Telecommunications Equipment
CIF,MFS Intermediate High Income Fund Common Stock,$1.705,0.01,0.59%,0.00,United States,,75840,Finance,Trusts Except Educational Religious and Charitable
CIG,Comp En De Mn Cemig ADS American Depositary Shares,$1.84,-0.13,-6.599%,5265677106.00,Brazil,,15813162,Utilities,Electric Utilities: Central
CII,BlackRock Enhanced Large Cap Core Fund Inc. Common Stock,$18.81,0.00,0.00%,2798222080.00,United States,2004,58937,Finance,Investment Bankers/Brokers/Service
CIM,Chimera Investment Corporation Common Stock,$13.54,-0.09,-0.66%,1095691638.00,United States,2007,1329709,Real Estate,Real Estate Investment Trusts
CIM^A,Chimera Investment Corporation 8.00% Series A Cumulative Redeemable Preferred Stock,$21.91,0.16,0.736%,,United States,,15049,,
CIM^B,Chimera Investment Corporation 8.00% Series B Fixed-to-Floating Rate Cumulative Redeemable Preferred Stock,$24.43,-0.02,-0.082%,,United States,,17806,,
CIM^C,Chimera Investment Corporation 7.75% Series C Fixed-to-Floating Rate  Cumulative Redeemable  Preferred Stock,$23.16,0.0949,0.411%,,United States,,5019,,
CIM^D,Chimera Investment Corporation 8.00% Series D Fixed-to-Floating Rate Cumulative Redeemable Preferred Stock,$24.1564,-0.0036,-0.015%,,United States,,2829,,
CIMN,Chimera Investment Corporation 9.000% Senior Notes due 2029,$25.06,0.01,0.04%,2018099242.00,United States,2024,4324,Real Estate,Real Estate Investment Trusts
CIMO,Chimera Investment Corporation 9.250% Senior Notes due 2029,$25.145,-0.015,-0.06%,0.00,United States,2024,9866,Real Estate,Real Estate Investment Trusts
CINT,CI&T Inc Class A Common Shares,$6.19,-0.04,-0.642%,832010367.00,,2021,41700,Technology,EDP Services
CIO,City Office REIT Inc. Common Stock,$5.06,-0.02,-0.394%,204212694.00,Canada,2014,412435,Real Estate,Real Estate Investment Trusts
CIO^A,City Office REIT Inc. 6.625% Series A Cumulative Redeemable Preferred Stock,$18.65,0.16,0.865%,,Canada,,4442,,
CION,CION Investment Corporation Common Stock,$10.84,-0.10,-0.914%,574809363.00,United States,2021,515595,Finance,Finance/Investors Services
CIVI,Civitas Resources Inc. Common Stock,$34.79,-0.97,-2.713%,3236070475.00,United States,2017,4357337,Energy,Oil & Gas Production
CL,Colgate-Palmolive Company Common Stock,$90.30,0.02,0.022%,73281740261.00,United States,,8950703,Consumer Discretionary,Package Goods/Cosmetics
CLB,Core Laboratories Inc. Common Stock,$15.33,-0.07,-0.455%,717855151.00,Netherlands,2023,809311,Energy,Oilfield Services/Equipment
CLBR,Colombier Acquisition Corp. II Class A Ordinary Shares,$10.63,0.01,0.094%,0.00,,2024,39657,,
CLCO,Cool Company Ltd. Common Shares,$5.53,-0.29,-4.983%,296976738.00,,2023,141635,Consumer Discretionary,Marine Transportation
CLDT,Chatham Lodging Trust (REIT) Common Shares of Beneficial Interest,$7.43,-0.21,-2.749%,363882080.00,United States,2010,778844,Real Estate,Real Estate Investment Trusts
CLDT^A,Chatham Lodging Trust (REIT) 6.625% Series A Cumulative Redeemable Preferred Shares of Beneficial Interest,$21.6086,-0.0014,-0.006%,,United States,,243,,
CLF,Cleveland-Cliffs Inc. Common Stock,$9.42,-0.11,-1.154%,4658013611.00,United States,,21050808,Basic Materials,Metal Mining
CLH,Clean Harbors Inc. Common Stock,$196.43,-1.47,-0.743%,10579098295.00,United States,,509435,Industrials,Environmental Services
CLPR,Clipper Realty Inc. Common Stock,$3.72,0.02,0.541%,60065151.00,United States,2017,1933002,Real Estate,Real Estate Investment Trusts
CLS,Celestica Inc. Common Stock,$95.95,0.30,0.314%,11379755779.00,Canada,1998,2894022,Technology,Electrical Products
CLVT,Clarivate Plc Ordinary Shares,$4.09,-0.19,-4.439%,2828800950.00,United Kingdom,2019,7236487,Technology,EDP Services
CLW,Clearwater Paper Corporation Common Stock,$24.26,-0.28,-1.141%,392409406.00,United States,,266539,Basic Materials,Paper
CLX,Clorox Company (The) Common Stock,$144.84,-0.50,-0.344%,17842820336.00,United States,,1553579,Consumer Discretionary,Specialty Chemicals
CM,Canadian Imperial Bank of Commerce Common Stock,$56.73,0.09,0.159%,53460928588.00,Canada,,1050814,Finance,Commercial Banks
CMA,Comerica Incorporated Common Stock,$59.05,0.03,0.051%,7756253343.00,United States,,5454907,Finance,Major Banks
CMBT,CMB.TECH NV Ordinary Shares,$9.39,-0.36,-3.692%,2066032055.00,,2015,43304,Consumer Discretionary,Marine Transportation
CMC,Commercial Metals Company Common Stock,$46.59,-0.77,-1.626%,5294558091.00,United States,,4747397,Industrials,Steel/Iron Ore
CMCM,Cheetah Mobile Inc. American Depositary Shares each representing fifty (50) Class A Ordinary Shares,$4.97,-0.01,-0.201%,148520438.00,China,2022,22846,Technology,Computer Software: Prepackaged Software
CMG,Chipotle Mexican Grill Inc. Common Stock,$48.53,-0.47,-0.959%,65774504610.00,United States,2006,19459939,Consumer Discretionary,Restaurants
CMI,Cummins Inc. Common Stock,$322.10,-3.30,-1.014%,44282682924.00,United States,,1244157,Industrials,Industrial Machinery/Components
CMP,Compass Minerals Intl Inc Common Stock,$9.97,-0.31,-3.016%,413795877.00,United States,2003,946480,Industrials,Mining & Quarrying of Nonmetallic Minerals (No Fuels)
CMRE,Costamare Inc. Common Stock $0.0001 par value,$10.16,-0.51,-4.78%,1218808728.00,Greece,2010,958053,Consumer Discretionary,Marine Transportation
CMRE^B,Costamare Inc. Perpetual Preferred Stock Series B (Marshall Islands),$25.96,0.00,0.00%,,Greece,,96,,
CMRE^C,Costamare Inc. Perpetual Preferred Series C (Marshall Islands),$26.356,0.00,0.00%,,Greece,,125,,
CMRE^D,Costamare Inc. 8.75% Series D Cumulative Redeemable Perpetual Preferred Stock,$26.45,0.0155,0.059%,,Greece,,2030,,
CMS,CMS Energy Corporation Common Stock,$73.50,-0.19,-0.258%,21961405893.00,United States,,4949665,Utilities,Power Generation
CMS^B,CMS Energy Corporation Preferred Stock,$78.85,0.4332,0.552%,,United States,,13,,
CMS^C,CMS Energy Corporation Depositary Shares each representing a 1/1000th interest in a share of 4.200% Cumulative Redeemable Perpetual Preferred Stock Series C,$17.64,0.0099,0.056%,,United States,,15072,,
CMSA,CMS Energy Corporation 5.625% Junior Subordinated Notes due 2078,$22.28,-0.03,-0.134%,6657144535.00,United States,2018,13291,Utilities,Power Generation
CMSC,CMS Energy Corporation 5.875% Junior Subordinated Notes due 2078,$23.16,0.04,0.173%,6920083816.00,United States,2018,26892,Utilities,Power Generation
CMSD,CMS Energy Corporation 5.875% Junior Subordinated Notes due 2079,$23.16,0.00,0.00%,6920083816.00,United States,2019,23173,Utilities,Power Generation
CMTG,Claros Mortgage Trust Inc. Common Stock,$4.13,-0.02,-0.482%,575567773.00,United States,2021,2547623,Finance,Real Estate
CMU,MFS Municipal Income Trust Common Stock,$3.54,0.01,0.283%,100271612.00,United States,1987,4389,Finance,Investment Managers
CNA,CNA Financial Corporation Common Stock,$48.74,-0.46,-0.935%,13201797260.00,United States,,1739296,Finance,Property-Casualty Insurers
CNC,Centene Corporation Common Stock,$58.90,-0.72,-1.208%,29216991600.00,United States,,7865066,Health Care,Medical Specialities
CNF,CNFinance Holdings Limited American Depositary Shares each representing  twenty (20) Ordinary Shares,$0.885,-0.035,-3.804%,60695213.00,,2018,81623,Finance,Finance: Consumer Services
CNH,CNH Industrial N.V. Common Shares,$12.53,-0.42,-3.243%,15637738101.00,United Kingdom,2013,31157501,Industrials,Construction/Ag Equipment/Trucks
CNI,Canadian National Railway Company Common Stock,$96.81,-0.93,-0.952%,60941895000.00,Canada,,1071421,Industrials,Railroads
CNK,Cinemark Holdings Inc Cinemark Holdings Inc. Common Stock,$26.05,-0.38,-1.438%,3186018471.00,United States,2007,4693846,Consumer Discretionary,Movies/Entertainment
CNM,Core & Main Inc. Class A Common Stock,$48.27,-0.24,-0.495%,9589952613.00,United States,2021,4969837,Consumer Discretionary,Durable Goods
CNMD,CONMED Corporation Common Stock,$59.64,0.68,1.153%,1843402919.00,United States,1987,598842,Health Care,Biotechnology: Electromedical & Electrotherapeutic Apparatus
CNNE,Cannae Holdings Inc. Common Stock,$18.74,1.29,7.393%,1176766288.00,United States,2017,2190341,Consumer Discretionary,Restaurants
CNO,CNO Financial Group Inc. Common Stock,$40.99,-0.23,-0.558%,4134982539.00,United States,,3744543,Finance,Accident &Health Insurance
CNO^A,CNO Financial Group Inc. 5.125% Subordinated Debentures due 2060,$19.6501,-0.5999,-2.962%,,United States,,417,,
CNP,CenterPoint Energy Inc (Holding Co) Common Stock,$35.77,-0.19,-0.528%,23312355058.00,United States,,8615303,Utilities,Electric Utilities: Central
CNQ,Canadian Natural Resources Limited Common Stock,$30.33,-0.48,-1.558%,64745693640.00,Canada,,10511918,Energy,Oil & Gas Production
CNR,Core Natural Resources Inc. Common Stock,$73.32,0.09,0.123%,3960506057.00,United States,2017,2090447,Energy,Coal Mining
CNS,Cohen & Steers Inc Common Stock,$78.92,0.01,0.013%,4022533222.00,United States,2004,569868,Finance,Investment Managers
CNX,CNX Resources Corporation Common Stock,$31.73,-0.30,-0.937%,4722769225.00,United States,1999,2789663,Energy,Oil & Gas Production
CODI,D/B/A Compass Diversified Holdings Shares of Beneficial Interest,$19.17,-0.54,-2.74%,1442273468.00,United States,2006,696092,Consumer Discretionary,Home Furnishings
CODI^A,Compass Diversified Holdings 7.250% Series A Preferred Shares representing beneficial interest in Compass Diversified Holdings,$22.25,-0.10,-0.447%,,United States,,8177,,
CODI^B,Compass Diversified Holdings 7.875% Series B Fixed-to-Floating Rate Cumulative Preferred Shares representing beneficial interests in Compass Diversified Holdings,$22.49,-0.02,-0.089%,,United States,,41254,,
CODI^C,Compass Diversified Holdings 7.875% Series C Cumulative Preferred Shares,$22.75,-0.01,-0.044%,,United States,,16617,,
COF,Capital One Financial Corporation Common Stock,$174.82,0.35,0.201%,66663708164.00,United States,1994,5075190,Finance,Major Banks
COF^I,Capital One Financial Corporation Depositary shares each representing a 1/40th interest in a share of Fixed Rate Non-Cumulative Perpetual Preferred Stock Series I of the Issuer,$20.03,0.08,0.401%,,United States,,93607,,
COF^J,Capital One Financial Corporation Depositary Shares Each Representing a 1/40th Interest in a Share of Fixed Rate Non- Cumulative Perpetual Preferred Stock Series J,$19.14,0.05,0.262%,,United States,,66906,,
COF^K,Capital One Financial Corporation Depositary Shares Each Representing a 1/40th Ownership Interest in a Share of Fixed Rate Non-Cumulative Perpetual Preferred Stock Series K,$18.30,0.08,0.439%,,United States,,7044,,
COF^L,Capital One Financial Corporation Depositary Shares Each Representing a 1/40th Interest in a Share of Fixed Rate Non-Cumulative Perpetual Preferred Stock Series L,$17.35,0.08,0.463%,,United States,,20255,,
COF^N,Capital One Financial Corporation Depositary Shares Each Representing a 1/40th Ownership Interest in a Share of Fixed Rate Non-Cumulative Perpetual Preferred Stock Series N,$16.89,0.04,0.237%,,United States,,11503,,
COHR,Coherent Corp. Common Stock,$68.24,-0.47,-0.684%,10574970122.00,United States,,2656411,Technology,Electronic Components
COLD,Americold Realty Trust Inc. Common Stock,$21.29,-0.58,-2.652%,6054746429.00,United States,2018,2299765,Real Estate,Real Estate Investment Trusts
COMP,Compass Inc. Class A Common Stock,$9.39,0.30,3.30%,4860933742.00,United States,2021,9157799,Technology,EDP Services
CON,Concentra Group Holdings Parent Inc. Common Stock,$20.82,-0.48,-2.254%,2667582321.00,United States,2024,1431087,Health Care,Medical Specialities
COOK,Traeger Inc. Common Stock,$1.78,0.02,1.136%,232554898.00,United States,2021,303406,Consumer Discretionary,Consumer Electronics/Appliances
COP,ConocoPhillips Common Stock,$101.92,-0.39,-0.381%,129680990494.00,United States,,55090759,Energy,Integrated oil Companies
COR,Cencora Inc. Common Stock,$267.43,-0.41,-0.153%,51859245239.00,United States,,6526605,Health Care,Other Pharmaceuticals
COTY,Coty Inc. Class A Common Stock,$5.56,-0.07,-1.243%,4848282665.00,United States,2013,7256222,Consumer Discretionary,Package Goods/Cosmetics
COUR,Coursera Inc. Common Stock,$7.13,0.01,0.14%,1142266128.00,United States,2021,2306277,Technology,Computer Software: Prepackaged Software
CP,Canadian Pacific Kansas City Limited Common Shares,$71.96,-1.62,-2.202%,67147684715.00,Canada,,6861944,Industrials,Railroads
CPA,Copa Holdings S.A. Class A Common Stock,$94.37,-0.18,-0.19%,3967297247.00,Panama,2005,336752,Consumer Discretionary,Air Freight/Delivery Services
CPAC,Cementos Pacasmayo S.A.A. American Depositary Shares (Each representing five Common Shares),$5.7672,-0.0028,-0.049%,493795559.00,Peru,,2096,Industrials,Building Materials
CPAY,Corpay Inc. Common Stock,$346.69,-6.13,-1.737%,24354945805.00,United States,,475654,Consumer Discretionary,Business Services
CPF,Central Pacific Financial Corp New,$27.00,0.07,0.26%,730770390.00,United States,,636755,Finance,Major Banks
CPK,Chesapeake Utilities Corporation Common Stock,$124.07,-1.47,-1.171%,2851428477.00,United States,,251103,Utilities,Oil & Gas Production
CPNG,Coupang Inc. Class A Common Stock,$23.34,0.03,0.129%,42140078437.00,United States,2021,5692919,Consumer Discretionary,Catalog/Specialty Distribution
CPRI,Capri Holdings Limited Ordinary Shares,$20.21,-0.29,-1.415%,2382956957.00,Hong Kong,2011,11425036,Consumer Discretionary,Apparel
CPS,Cooper-Standard Holdings Inc. Common Stock,$16.69,-0.24,-1.418%,289179802.00,United States,,726783,Consumer Discretionary,Auto Parts:O.E.M.
CPT,Camden Property Trust Common Stock,$119.21,-0.84,-0.70%,12726527243.00,United States,1993,1697207,Real Estate,Real Estate Investment Trusts
CQP,Cheniere Energy Partners LP Common Units,$61.89,0.20,0.324%,29957738332.00,United States,2007,975723,Utilities,Oil/Gas Transmission
CR,Crane Company Common Stock,$152.73,-0.44,-0.287%,8766400053.00,United States,2023,1787970,Industrials,Metal Fabrications
CRBD,Corebridge Financial Inc. 6.375% Junior Subordinated Notes due 2064,$24.79,-0.06,-0.241%,0.00,United States,2024,33237,Finance,Life Insurance
CRBG,Corebridge Financial Inc. Common Stock,$32.40,-0.08,-0.246%,18014269007.00,United States,2022,9304478,Finance,Life Insurance
CRC,California Resources Corporation Common Stock,$43.76,-0.66,-1.486%,3972455301.00,United States,2020,13118301,Energy,Oil & Gas Production
CRD/A,Crawford & Company,$11.09,-0.07,-0.627%,,United States,,164699,,
CRD/B,Crawford & Company,$11.01,-0.11,-0.989%,,United States,,4915,,
CRGY,Crescent Energy Company Class A Common Stock,$11.46,-0.19,-1.631%,2962105107.00,United States,2021,15314941,Energy,Oil & Gas Production
CRH,CRH PLC Ordinary Shares,$94.65,-2.94,-3.013%,64146374806.00,Ireland,,37706913,Industrials,Building Materials
CRI,Carter's Inc. Common Stock,$40.89,0.05,0.122%,1472479568.00,United States,2003,7530287,Consumer Discretionary,Apparel
CRK,Comstock Resources Inc. Common Stock,$19.92,0.08,0.403%,5834946659.00,United States,,3511841,Energy,Oil & Gas Production
CRL,Charles River Laboratories International Inc. Common Stock,$167.28,1.93,1.167%,8554968019.00,United States,2000,1638932,Health Care,Biotechnology: Commercial Physical & Biological Resarch
CRM,Salesforce Inc. Common Stock,$280.62,1.59,0.57%,269675820000.00,United States,2004,9804132,Technology,Computer Software: Prepackaged Software
CRS,Carpenter Technology Corporation Common Stock,$183.81,-2.37,-1.273%,9181058967.00,United States,,1441959,Industrials,Steel/Iron Ore
CRT,Cross Timbers Royalty Trust Common Stock,$11.71,0.60,5.401%,70260000.00,United States,1992,63584,Energy,Oil & Gas Production
CSAN,Cosan S.A. ADS,$5.50,-0.05,-0.901%,2564585909.00,Brazil,2021,888571,Consumer Discretionary,Retail-Auto Dealers and Gas Stations
CSL,Carlisle Companies Incorporated Common Stock,$336.29,-3.00,-0.884%,14984453874.00,United States,,1513431,Industrials,Specialty Chemicals
CSR,D/B/A Centerspace Common Stock,$63.78,-0.40,-0.623%,1066822165.00,United States,,245840,Real Estate,Real Estate Investment Trusts
CSTM,Constellium SE Ordinary Shares (France),$11.35,-0.41,-3.486%,1628989546.00,Netherlands,2013,1981585,Industrials,Metal Fabrications
CSV,Carriage Services Inc. Common Stock,$38.30,-0.02,-0.052%,599383587.00,United States,,177326,Consumer Discretionary,Other Consumer Services
CTA^A,EIDP Inc. Preferred Stock $3.50 Series,$57.48,0.00,0.00%,,United States,,40,,
CTA^B,EIDP Inc. Preferred Stock $4.50 Series,$72.29,-0.21,-0.29%,,United States,,703,,
CTBB,Qwest Corporation 6.5% Notes due 2056,$18.40,0.00,0.00%,18.00,United States,2016,28227,Telecommunications,Telecommunications Equipment
CTDD,Qwest Corporation 6.75% Notes due 2057,$18.40,0.03,0.163%,18.00,United States,2017,17686,Telecommunications,Telecommunications Equipment
CTEV,Claritev Corporation Class A Common Stock,$21.06,1.16,5.829%,341130385.00,United States,2020,290224,Consumer Discretionary,Business Services
CTO,CTO Realty Growth Inc. Common Stock,$18.88,-0.06,-0.317%,601189024.00,United States,1992,432255,Real Estate,Real Estate Investment Trusts
CTO^A,CTO Realty Growth Inc. 6.375% Series A Cumulative Redeemable Preferred Stock,$21.81,0.11,0.507%,,United States,,6680,,
CTOS,Custom Truck One Source Inc. Common Stock,$4.79,-0.01,-0.208%,1080866776.00,Cayman Islands,2017,850951,Consumer Discretionary,Diversified Commercial Services
CTRA,Coterra Energy Inc. Common Stock,$28.72,-0.29,-1.00%,21946430419.00,United States,,20652816,Energy,Oil & Gas Production
CTRE,CareTrust REIT Inc. Common Stock,$28.64,-0.35,-1.207%,5374636616.00,United States,2022,3150786,Real Estate,Real Estate Investment Trusts
CTRI,Centuri Holdings Inc. Common Stock,$15.83,-1.06,-6.276%,1401232357.00,,2024,844743,Utilities,Oil & Gas Production
CTS,CTS Corporation Common Stock,$42.37,-0.58,-1.35%,1272850347.00,United States,,319850,Technology,Electrical Products
CTVA,Corteva Inc. Common Stock ,$61.72,-0.11,-0.178%,42312516320.00,United States,2019,6880601,Consumer Staples,Farming/Seeds/Milling
CUBB,Customers Bancorp Inc 5.375% Subordinated Notes Due 2034,$19.72,-0.09,-0.454%,620534052.00,United States,2019,1263,Finance,Major Banks
CUBE,CubeSmart Common Shares,$41.61,-0.46,-1.093%,9482096037.00,United States,,2040593,Real Estate,Real Estate Investment Trusts
CUBI,Customers Bancorp Inc Common Stock,$51.55,0.32,0.625%,1622136428.00,United States,,704265,Finance,Major Banks
CUBI^E,Customers Bancorp Inc Fixed-to-Floating Rate Non-Cumulative Perpetual Preferred Stock Series E,$25.675,-0.005,-0.019%,,United States,,574,,
CUBI^F,Customers Bancorp Inc Fixed-to-Floating Rate Non-Cumulative Perpetual Preferred Stock Series F,$25.34,0.0239,0.094%,,United States,,1145,,
CUK,Carnival Plc ADS ADS,$18.67,-0.38,-1.995%,25239792144.00,United States,,3056384,Consumer Discretionary,Marine Transportation
CULP,Culp Inc. Common Stock,$5.37,0.04,0.75%,67442523.00,United States,,23396,Consumer Discretionary,Textiles
CURB,Curbline Properties Corp. Common Stock,$23.30,-0.28,-1.187%,2447520097.00,United States,2024,1635484,Finance,Real Estate
CURV,Torrid Holdings Inc. Common Stock,$5.75,0.22,3.978%,602350289.00,,2021,688349,Consumer Discretionary,Clothing/Shoe/Accessory Stores
CUZ,Cousins Properties Incorporated Common Stock,$29.57,-0.26,-0.872%,4957720394.00,United States,,2974058,Real Estate,Real Estate Investment Trusts
CVE,Cenovus Energy Inc Common Stock,$14.13,0.10,0.713%,25816866480.00,Canada,,11163647,Energy,Oil & Gas Production
CVEO,Civeo Corporation (Canada) Common Shares,$21.19,-0.41,-1.898%,289320780.00,,2014,159284,Consumer Discretionary,Hotels/Resorts
CVI,CVR Energy Inc. Common Stock,$21.20,-0.61,-2.797%,2131248699.00,United States,2007,1598021,Energy,Integrated oil Companies
CVLG,Covenant Logistics Group Inc. Class A Common Stock,$22.55,-0.14,-0.617%,598711588.00,United States,,125322,Industrials,Trucking Freight/Courier Services
CVNA,Carvana Co. Class A Common Stock,$190.95,5.53,2.982%,40704114723.00,United States,2017,6170639,Consumer Discretionary,Retail-Auto Dealers and Gas Stations
CVS,CVS Health Corporation Common Stock,$67.05,-1.59,-2.316%,84536308974.00,United States,,18108069,Consumer Staples,Retail-Drug Stores and Proprietary Stores
CVX,Chevron Corporation Common Stock,$164.75,-0.02,-0.012%,290058608971.00,United States,,21625460,Energy,Integrated oil Companies
CW,Curtiss-Wright Corporation Common Stock,$325.31,-2.15,-0.657%,12250790084.00,United States,,680380,Technology,Industrial Machinery/Components
CWAN,Clearwater Analytics Holdings Inc. Class A Common Stock,$26.49,-0.20,-0.749%,6649458952.00,United States,2021,5390151,Technology,Computer Software: Prepackaged Software
CWEN,Clearway Energy Inc. Class C Common Stock,$29.90,-0.14,-0.466%,3528200000.00,United States,2015,1493987,Utilities,Electric Utilities: Central
CWH,Camping World Holdings Inc. Class A Common Stock,$16.88,-0.14,-0.823%,1721901573.00,United States,2016,2193309,Consumer Discretionary,Retail-Auto Dealers and Gas Stations
CWK,Cushman & Wakefield plc Ordinary Shares,$10.44,-0.13,-1.23%,2398348575.00,,2018,3997324,Finance,Real Estate
CWT,California Water Service Group Common Stock,$46.07,-0.14,-0.303%,2740632615.00,United States,,1105295,Utilities,Water Supply
CX,Cemex S.A.B. de C.V. Sponsored ADR,$5.91,-0.12,-1.99%,8564104312.00,Mexico,,12959502,Industrials,Building Materials
CXE,MFS High Income Municipal Trust Common Stock,$3.71,0.01,0.27%,116960618.00,United States,1989,25256,Finance,Investment Managers
CXH,MFS Investment Grade Municipal Trust Common Stock,$8.01,0.03,0.376%,72973062.00,United States,1989,30152,Finance,Investment Managers
CXM,Sprinklr Inc. Class A Common Stock,$8.66,-0.18,-2.036%,2202955126.00,United States,2021,3298238,Technology,Computer Software: Prepackaged Software
CXT,Crane NXT Co. Common Stock,$52.97,-0.54,-1.009%,3031806864.00,United States,,625122,Industrials,Metal Fabrications
CXW,CoreCivic Inc. Common Stock,$20.01,-0.53,-2.58%,2178372862.00,United States,,2440018,Real Estate,Real Estate Investment Trusts
CYD,China Yuchai International Limited Common Stock,$19.13,0.00,0.00%,781619088.00,Singapore,1994,213915,Industrials,Industrial Machinery/Components
CYH,Community Health Systems Inc. Common Stock,$2.60,-0.07,-2.622%,361200362.00,United States,2000,2691904,Health Care,Hospital/Nursing Management
D,Dominion Energy Inc. Common Stock,$54.55,-0.43,-0.782%,46479352484.00,United States,,7961375,Utilities,Electric Utilities: Central
DAC,Danaos Corporation Common Stock,$81.28,-2.39,-2.856%,1517441517.00,Greece,2006,105132,Consumer Discretionary,Marine Transportation
DAL,Delta Air Lines Inc. Common Stock,$46.77,-0.18,-0.383%,30211643021.00,United States,,17062761,Consumer Discretionary,Air Freight/Delivery Services
DAN,Dana Incorporated Common Stock ,$14.14,-0.33,-2.281%,2050828808.00,United States,,2843771,Consumer Discretionary,Auto Parts:O.E.M.
DAO,Youdao Inc. American Depositary Shares each representing one Class A Ordinary Share,$7.78,-0.31,-3.832%,940758767.00,China,2019,141381,Real Estate,Other Consumer Services
DAR,Darling Ingredients Inc. Common Stock,$29.82,-0.57,-1.876%,4737594112.00,United States,1997,1875551,Consumer Staples,Packaged Foods
DAVA,Endava plc American Depositary Shares (each representing one Class A Ordinary Share),$21.58,0.22,1.03%,1273898303.00,United Kingdom,2018,461808,Technology,EDP Services
DAY,Dayforce Inc. Common Stock,$58.50,0.86,1.492%,9296911436.00,United States,2018,4719827,Technology,Computer Software: Prepackaged Software
DB,Deutsche Bank AG Common Stock,$24.23,0.08,0.331%,47130397044.00,Germany,,2522766,Finance,Major Banks
DBD,Diebold Nixdorf Incorporated Common stock,$42.64,-0.62,-1.433%,1603084230.00,United States,2023,269679,Miscellaneous,Office Equipment/Supplies/Services
DBI,Designer Brands Inc. Class A Common Stock,$4.04,0.00,0.00%,193629827.00,United States,,3195700,Consumer Discretionary,Clothing/Shoe/Accessory Stores
DBL,DoubleLine Opportunistic Credit Fund Common Shares of Beneficial Interest,$15.60,0.00,0.00%,0.00,United States,2012,24766,,
DBRG,DigitalBridge Group Inc.,$9.23,-0.25,-2.637%,1610283180.00,United States,2014,4945986,Real Estate,Real Estate Investment Trusts
DBRG^H,DigitalBridge Group Inc. 7.125% Series H ,$24.2799,-0.0742,-0.305%,,United States,,3114,,
DBRG^I,DigitalBridge Group Inc. 7.15% Series I ,$24.25,-0.19,-0.777%,,United States,,1253,,
DBRG^J,DigitalBridge Group Inc. 7.125% Series J ,$24.32,-0.05,-0.205%,,United States,,6324,,
DCI,Donaldson Company Inc. Common Stock,$67.21,-0.64,-0.943%,8032793018.00,United States,,2808506,Industrials,Pollution Control Equipment
DCO,Ducommun Incorporated Common Stock,$58.83,-0.69,-1.159%,871476440.00,United States,,271317,Industrials,Military/Government/Technical
DD,DuPont de Nemours Inc. Common Stock,$75.17,-1.76,-2.288%,35926150244.00,United States,2017,4412901,Industrials,Major Chemicals
DDD,3D Systems Corporation Common Stock,$2.58,0.02,0.781%,349900033.00,United States,,9162876,Technology,Computer Software: Prepackaged Software
DDL,Dingdong (Cayman) Limited American Depositary Shares (each two representing three Ordinary Shares),$2.90,0.07,2.473%,524436000.00,Cayman Islands,2021,942277,Consumer Discretionary,Catalog/Specialty Distribution
DDS,Dillard's Inc. Common Stock,$353.25,-6.37,-1.771%,5618156884.00,United States,,752438,Consumer Discretionary,Department/Specialty Retail Stores
DDT,Dillard's Capital Trust I,$26.2436,0.0386,0.147%,417383332.00,United States,,2614,Consumer Discretionary,Department/Specialty Retail Stores
DE,Deere & Company Common Stock,$472.43,-4.59,-0.962%,128224081533.00,United States,,1685211,Industrials,Industrial Machinery/Components
DEA,Easterly Government Properties Inc. Common Stock,$10.44,-0.15,-1.416%,1127212636.00,United States,2015,2056337,Real Estate,Real Estate Investment Trusts
DEC,Diversified Energy Company plc Ordinary Shares,$13.28,-0.38,-2.782%,794090110.00,,,460921,,
DECK,Deckers Outdoor Corporation Common Stock,$117.86,2.19,1.893%,17888041093.00,United States,1993,5545034,Consumer Discretionary,Shoe Manufacturing
DEI,Douglas Emmett Inc. Common Stock,$15.98,-0.26,-1.601%,2675792673.00,United States,2006,3242689,Real Estate,Real Estate Investment Trusts
DELL,Dell Technologies Inc. Class C Common Stock ,$97.57,-1.35,-1.365%,68343799363.00,United States,2018,8911079,Technology,Computer Manufacturing
DEO,Diageo plc Common Stock,$107.04,-0.96,-0.889%,59545206565.00,United Kingdom,,781495,Consumer Staples,Beverages (Production/Distribution)
DESP,Despegar.com Corp. Ordinary Shares,$19.23,-0.01,-0.052%,1385602439.00,Argentina,2017,3241153,Consumer Discretionary,Transportation Services
DFH,Dream Finders Homes Inc. Class A Common Stock,$23.44,-1.29,-5.216%,2190163303.00,United States,2022,850030,Consumer Discretionary,Homebuilding
DFIN,Donnelley Financial Solutions Inc. Common Stock ,$44.56,0.08,0.18%,1274823590.00,United States,2016,935985,Consumer Discretionary,Other Consumer Services
DFP,Flaherty & Crumrine Dynamic Preferred and Income Fund Inc. Common Stock,$20.49,-0.04,-0.195%,0.00,,2013,47109,Finance,Investment Managers
DFS,Discover Financial Services Common Stock,$164.83,0.36,0.219%,41471908583.00,United States,,1942353,Finance,Finance: Consumer Services
DG,Dollar General Corporation Common Stock,$83.66,1.99,2.437%,18398981552.00,United States,2009,6957563,Consumer Discretionary,Department/Specialty Retail Stores
DGX,Quest Diagnostics Incorporated Common Stock,$167.11,0.65,0.39%,18545545111.00,United States,,1437851,Health Care,Medical Specialities
DHF,BNY Mellon High Yield Strategies Fund Common Stock,$2.55,0.02,0.791%,0.00,United States,1998,487781,Finance,Finance Companies
DHI,D.R. Horton Inc. Common Stock,$128.84,-2.29,-1.746%,40600381096.00,United States,,7754208,Consumer Discretionary,Homebuilding
DHR,Danaher Corporation Common Stock,$211.36,1.11,0.528%,151061074319.00,United States,,6457728,Industrials,Industrial Machinery/Components
DHT,DHT Holdings Inc.,$10.67,-0.46,-4.133%,1717865113.00,Jersey,2005,2974306,Consumer Discretionary,Marine Transportation
DHX,DHI Group Inc. Common Stock,$1.47,-0.15,-9.259%,71915738.00,United States,2007,217092,Consumer Discretionary,Business Services
DIAX,Nuveen Dow 30SM Dynamic Overwrite Fund Common Shares of Beneficial Interest,$14.40,0.00,0.00%,0.00,,2014,37766,Finance,Finance Companies
DIN,Dine Brands Global Inc. Common Stock,$24.45,-0.84,-3.321%,372955092.00,United States,,628526,Consumer Discretionary,Restaurants
DINO,HF Sinclair Corporation Common Stock,$33.53,-0.36,-1.062%,6317298211.00,United States,1960,16410716,Energy,Natural Gas Distribution
DIS,Walt Disney Company (The) Common Stock,$99.46,0.60,0.607%,179802680513.00,United States,,15089873,Consumer Discretionary,Services-Misc. Amusement & Recreation
DK,Delek US Holdings Inc. Common Stock,$16.94,-0.51,-2.923%,1058974150.00,United States,2017,2547555,Energy,Integrated oil Companies
DKL,Delek Logistics Partners L.P. Common Units representing Limited Partner Interests,$43.67,0.07,0.161%,2343660729.00,United States,2012,1133898,Energy,Natural Gas Distribution
DKS,Dick's Sporting Goods Inc Common Stock,$195.45,4.10,2.143%,15924212329.00,United States,2002,3647183,Consumer Discretionary,Other Specialty Stores
DLB,Dolby Laboratories Common Stock,$80.79,-1.08,-1.319%,7786304051.00,United States,2005,1830811,Miscellaneous,Multi-Sector Companies
DLNG,Dynagas LNG Partners LP Common Units,$3.913,-0.107,-2.662%,144146206.00,Greece,,21982,Consumer Discretionary,Marine Transportation
DLNG^A,Dynagas LNG Partners LP 9.00% Series A Cumulative Redeemable Preferred Units,$25.30,-0.0542,-0.214%,,Greece,,5112,,
DLNG^B,Dynagas LNG Partners LP 8.75% Series B Fixed to Floating Rate Cumulative Redeemable Perpetual Preferred Units liquidation preference $25.00 per Uni,$25.55,0.06,0.235%,,Greece,,4905,,
DLR,Digital Realty Trust Inc. Common Stock,$150.38,-1.03,-0.68%,50624561563.00,United States,2004,4766222,Real Estate,Real Estate Investment Trusts
DLR^J,Digital Realty Trust Inc. 5.250% Series J Cumulative Redeemable Preferred Stock,$21.40,0.00,0.00%,,United States,,4198,,
DLR^K,Digital Realty Trust Inc. 5.850% Series K Cumulative Redeemable Preferred Stock par value $0.01 per share,$23.71,0.00,0.00%,,United States,,3619,,
DLR^L,Digital Realty Trust Inc. 5.200% Series L Cumulative Redeemable Preferred Stock,$20.85,0.00,0.00%,,United States,,18657,,
DLX,Deluxe Corporation Common Stock,$16.02,-0.21,-1.294%,711781464.00,United States,,580854,Consumer Discretionary,Publishing
DLY,DoubleLine Yield Opportunities Fund Common Shares of Beneficial Interest,$16.09,0.00,0.00%,771447584.00,United States,2020,115562,Finance,Investment Managers
DM,Desktop Metal Inc. Class A Common Stock,$2.23,-0.19,-7.851%,74351364.00,United States,2019,256959,Technology,Industrial Machinery/Components
DMA,Destra Multi-Alternative Fund Common Stock,$8.58,0.02,0.234%,0.00,,2022,1821,Finance,Trusts Except Educational Religious and Charitable
DMB,BNY Mellon Municipal Bond Infrastructure Fund Inc. Common Stock,$10.72,0.07,0.657%,0.00,,2013,49128,Finance,Trusts Except Educational Religious and Charitable
DMO,Western Asset Mortgage Opportunity Fund Inc. Common Stock,$11.95,-0.0401,-0.334%,0.00,United States,2010,46287,Finance,Trusts Except Educational Religious and Charitable
DNA,Ginkgo Bioworks Holdings Inc. Class A Common Stock,$7.27,0.10,1.395%,421904272.00,United States,2021,1872703,Health Care,Biotechnology: Biological Products (No Diagnostic Substances)
DNB,Dun & Bradstreet Holdings Inc. Common Stock,$8.73,0.24,2.827%,3854437901.00,United States,2020,12448662,Finance,Finance: Consumer Services
DNOW,DNOW Inc. Common Stock,$16.03,-0.30,-1.837%,1694169182.00,United States,2014,5758255,Industrials,Metal Fabrications
DNP,DNP Select Income Fund Inc. Common Stock,$9.60,-0.02,-0.208%,0.00,United States,1987,425868,Finance,Investment Managers
DOC,Healthpeak Properties Inc. Common Stock,$20.03,-0.32,-1.572%,14012279679.00,United States,,7429715,Real Estate,Real Estate Investment Trusts
DOCN,DigitalOcean Holdings Inc. Common Stock,$36.89,0.34,0.93%,3396381105.00,United States,2021,1554507,Technology,Computer Software: Programming Data Processing
DOCS,Doximity Inc. Class A Common Stock,$62.99,0.22,0.35%,11819261307.00,United States,2021,4032522,Technology,EDP Services
DOLE,Dole plc Ordinary Shares,$13.78,-0.40,-2.821%,1311002109.00,Ireland,2021,1386652,Consumer Staples,Farming/Seeds/Milling
DOUG,Douglas Elliman Inc. Common Stock,$1.75,-0.08,-4.372%,155291217.00,United States,2021,419598,Finance,Real Estate
DOV,Dover Corporation Common Stock,$179.64,-1.66,-0.916%,24651172473.00,United States,,1244365,Industrials,Industrial Machinery/Components
DOW,Dow Inc. Common Stock ,$36.17,-0.44,-1.202%,25457600944.00,United States,2019,13257724,Industrials,Major Chemicals
DPG,Duff & Phelps Utility and Infrastructure Fund Inc.,$12.12,-0.05,-0.411%,0.00,United States,2011,70193,Finance,Trusts Except Educational Religious and Charitable
DQ,DAQO New Energy Corp. American Depositary Shares each representing five ordinary shares,$19.27,-0.69,-3.457%,1271963581.00,China,2010,894385,Technology,Semiconductors
DRD,DRDGOLD Limited American Depositary Shares,$14.21,-0.36,-2.471%,1228580557.00,South Africa,,869890,Basic Materials,Precious Metals
DRH,Diamondrock Hospitality Company Common Stock,$7.90,-0.08,-1.003%,1643907548.00,United States,2005,5130684,Real Estate,Real Estate Investment Trusts
DRH^A,Diamondrock Hospitality Company 8.250% Series A Cumulative Redeemable Preferred Stock,$25.09,-0.07,-0.278%,,United States,,14150,,
DRI,Darden Restaurants Inc. Common Stock,$199.93,0.92,0.462%,23421156925.00,United States,,2514388,Consumer Discretionary,Restaurants
DSL,DoubleLine Income Solutions Fund Common Shares of Beneficial Interests,$12.59,0.06,0.479%,1284140065.00,United States,2013,203998,Finance,Trusts Except Educational Religious and Charitable
DSM,BNY Mellon Strategic Municipal Bond Fund Inc. Common Stock,$5.89,0.06,1.029%,0.00,United States,1989,87790,Finance,Investment Managers
DSU,Blackrock Debt Strategies Fund Inc. Common Stock,$10.48,-0.02,-0.19%,0.00,United States,1998,134514,Finance,Finance Companies
DSX,Diana Shipping inc. common stock,$1.73,-0.05,-2.809%,207535846.00,Greece,2005,527335,Consumer Discretionary,Marine Transportation
DSX^B,Diana Shipping Inc. Perpetual Preferred Shares Series B (Marshall Islands),$26.37,0.15,0.572%,,Greece,,2702,,
DT,Dynatrace Inc. Common Stock,$49.82,0.19,0.383%,14913618644.00,United States,2019,4565947,Technology,Computer Software: Prepackaged Software
DTB,DTE Energy Company 2020 Series G 4.375% Junior Subordinated Debentures due 2080,$18.47,0.00,0.00%,3827766943.00,United States,2020,5318,Utilities,Electric Utilities: Central
DTC,Solo Brands Inc. Class A Common Stock,$0.21,0.0008,0.382%,19378487.00,United States,2021,1006460,Consumer Discretionary,Recreational Games/Products/Toys
DTE,DTE Energy Company Common Stock,$137.11,0.17,0.124%,28415004093.00,United States,,3749481,Utilities,Electric Utilities: Central
DTF,DTF Tax-Free Income 2028 Term Fund Inc. Common Stock,$11.261,0.061,0.545%,79159954.00,United States,1991,2420,Finance,Investment Managers
DTG,DTE Energy Company 2021 Series E 4.375% Junior Subordinated Debentures,$18.29,0.02,0.109%,3790463313.00,United States,2021,44632,Utilities,Electric Utilities: Central
DTM,DT Midstream Inc. Common Stock ,$96.98,-2.27,-2.287%,9829750627.00,United States,2021,4928774,Utilities,Natural Gas Distribution
DTW,DTE Energy Company 2017 Series E 5.25% Junior Subordinated Debentures due 2077,$22.4178,0.0198,0.088%,4645918451.00,United States,2017,14889,Utilities,Electric Utilities: Central
DUK,Duke Energy Corporation (Holding Company) Common Stock,$119.10,-1.06,-0.882%,92476506053.00,United States,,5850631,Utilities,Power Generation
DUK^A,Duke Energy Corporation Depositary Shares each representing a 1/1000th interest in a share of 5.75% Series A Cumulative Redeemable Perpetual Preferred Stock,$25.13,0.00,0.00%,,United States,,108672,,
DUKB,Duke Energy Corporation 5.625% Junior Subordinated Debentures due 2078,$24.81,-0.01,-0.04%,19263997608.00,United States,2018,10635,Utilities,Power Generation
DV,DoubleVerify Holdings Inc. Common Stock,$14.08,-0.39,-2.695%,2337445088.00,United States,2021,3258656,Technology,Computer Software: Programming Data Processing
DVA,DaVita Inc. Common Stock,$148.15,-0.86,-0.577%,11852000000.00,United States,,1037233,Health Care,Misc Health and Biotechnology Services
DVN,Devon Energy Corporation Common Stock,$36.15,0.02,0.055%,23461350000.00,United States,1985,12728244,Energy,Oil & Gas Production
DX,Dynex Capital Inc. Common Stock,$14.04,-0.06,-0.426%,1270176799.00,United States,,7975946,Real Estate,Real Estate Investment Trusts
DX^C,Dynex Capital Inc. 6.900% Series C Fixed-to-Floating Rate Cumulative Redeemable Preferred Stock,$25.439,-0.0057,-0.022%,,United States,,34916,,
DXC,DXC Technology Company Common Stock ,$16.43,-0.72,-4.198%,2974627857.00,United States,,27674093,Technology,EDP Services
DXYZ,Destiny Tech100 Inc. Common Stock,$39.96,0.70,1.783%,0.00,,2024,201804,,
DY,Dycom Industries Inc. Common Stock,$156.24,-2.91,-1.828%,4527700521.00,United States,,573497,Industrials,Water Sewer Pipeline Comm & Power Line Construction
E,ENI S.p.A. Common Stock,$31.17,-0.30,-0.953%,52613992078.00,Italy,,220062,Energy,Oil & Gas Production
EAF,GrafTech International Ltd. Common Stock,$0.99,-0.03,-2.941%,254691073.00,United States,2018,6454155,Energy,Industrial Machinery/Components
EAI,Entergy Arkansas LLC First Mortgage Bonds 4.875% Series Due September 1 2066,$21.27,-0.01,-0.047%,9154875577.00,United States,2016,13769,Utilities,Electric Utilities: Central
EARN,Ellington Credit Company Common Shares of Beneficial Interest,$5.70,-0.06,-1.042%,164161967.00,United States,2013,525796,Real Estate,Real Estate Investment Trusts
EAT,Brinker International Inc. Common Stock,$144.81,-0.61,-0.419%,6430556962.00,United States,,1265548,Consumer Discretionary,Restaurants
EB,Eventbrite Inc. Class A Common Stock,$2.31,-0.03,-1.282%,218594011.00,United States,2018,1304907,Technology,Computer Software: Programming Data Processing
EBF,Ennis Inc. Common Stock,$20.23,-0.77,-3.667%,526234959.00,United States,,2099752,Consumer Discretionary,Office Equipment/Supplies/Services
EBR,Centrais Electricas Brasileiras S A American Depositary Shares (Each representing one Common Share),$7.32,-0.09,-1.215%,16439360544.00,Brazil,2016,989912,Utilities,Electric Utilities: Central
EBS,Emergent BioSolutions Inc. Common Stock,$5.72,-0.01,-0.175%,310807789.00,United States,2006,2014890,Health Care,Biotechnology: Pharmaceutical Preparations
EC,Ecopetrol S.A. American Depositary Shares,$10.16,0.05,0.495%,20887280908.00,Colombia,,1944684,Energy,Oil & Gas Production
ECAT,BlackRock ESG Capital Allocation Term Trust Common Shares of Beneficial Interest,$16.23,0.01,0.062%,1755031050.00,United States,2021,369171,Finance,Trusts Except Educational Religious and Charitable
ECC           ,Eagle Point Credit Company Inc. Common Stock,$7.92,0.03,0.38%,480447190.00,United States,2014,773858,Finance,Trusts Except Educational Religious and Charitable
ECC^D,Eagle Point Credit Company Inc. 6.75% Series D Preferred Stock,$20.1291,0.1991,0.999%,,United States,,34324,,
ECCC,Eagle Point Credit Company Inc. 6.50% Series C Term Preferred Stock due 2031,$23.0999,0.0199,0.086%,1401298238.00,United States,,835,Finance,Trusts Except Educational Religious and Charitable
ECCF,Eagle Point Credit Company Inc. 8.00% Series F Term Preferred Stock due 2029,$25.01,-0.04,-0.16%,27227707428.00,United States,,8983,,
ECCU,Eagle Point Credit Company Inc. 7.75% Notes due 2030,$24.47,0.03,0.123%,0.00,United States,2024,16705,,
ECCV,Eagle Point Credit Company Inc. 5.375% Notes due 2029,$23.049,0.0073,0.032%,1398210516.00,United States,2022,6961,Finance,Trusts Except Educational Religious and Charitable
ECCW,Eagle Point Credit Company Inc. 6.75% Notes due 2031,$23.89,0.1101,0.463%,1449227698.00,United States,2021,5774,Finance,Trusts Except Educational Religious and Charitable
ECCX,Eagle Point Credit Company Inc. 6.6875% Notes due 2028,$24.9999,0.0249,0.10%,1516557034.00,United States,2022,2612,Finance,Trusts Except Educational Religious and Charitable
ECG,Everus Construction Group Inc. Common Stock,$39.21,-0.99,-2.463%,1999679730.00,United States,2024,1697751,Consumer Discretionary,Homebuilding
ECL,Ecolab Inc. Common Stock,$251.00,-0.94,-0.373%,71032261558.00,United States,,3034077,Consumer Discretionary,Package Goods/Cosmetics
ECO,Okeanis Eco Tankers Corp. Common Stock,$22.69,-0.79,-3.365%,730484311.00,,,182522,Consumer Discretionary,Marine Transportation
ECVT,Ecovyst Inc. Common Stock,$6.40,-0.18,-2.736%,751151571.00,United States,2017,1353850,Industrials,Major Chemicals
ED,Consolidated Edison Inc. Common Stock,$107.80,-0.68,-0.627%,37375514684.00,United States,,4415458,Utilities,Power Generation
EDD,Morgan Stanley Emerging Markets Domestic Debt Fund Inc. Common Stock,$4.81,-0.04,-0.825%,0.00,United States,2007,226425,Finance,Finance Companies
EDF,Virtus Stone Harbor Emerging Markets Income Fund Common Shares of Beneficial Interest,$5.16,-0.01,-0.193%,0.00,United States,2010,129378,Finance,Investment Managers
EDN,Empresa Distribuidora Y Comercializadora Norte S.A. (Edenor) American Depositary Shares,$33.09,1.12,3.503%,1499729963.00,Argentina,2007,89905,Utilities,Electric Utilities: Central
EDU,New Oriental Education & Technology Group Inc. Sponsored ADR representing 10 Ordinary Share (Cayman Islands),$50.20,-1.72,-3.313%,8209147417.00,China,2006,738776,Real Estate,Other Consumer Services
EE,Excelerate Energy Inc. Class A Common Stock,$29.17,-0.05,-0.171%,3088838545.00,United States,2022,325741,Utilities,Oil/Gas Transmission
EEA,The European Equity Fund Inc. Common Stock,$9.185,-0.065,-0.703%,0.00,United States,,524,Finance,Trusts Except Educational Religious and Charitable
EEX,Emerald Holding Inc. Common Stock,$3.93,-0.17,-4.146%,786183429.00,United States,2017,120652,Consumer Discretionary,Business Services
EFC,Ellington Financial Inc. Common Stock ,$13.23,-0.20,-1.489%,1199676449.00,United States,2010,2006592,Finance,Real Estate
EFC^A,Ellington Financial Inc. 6.750% Series A Fixed-to-Floating Rate Cumulative Redeemable Preferred Stock,$25.3226,-0.0874,-0.344%,,United States,,1246,,
EFC^B,Ellington Financial Inc. 6.250% Series B Fixed-Rate Reset Cumulative Redeemable Preferred Stock,$23.149,-0.001,-0.004%,,United States,,12111,,
EFC^C,Ellington Financial Inc. 8.625% Series C Fixed-Rate Reset Cumulative Redeemable Preferred Stock,$25.23,0.03,0.119%,,United States,,1114,,
EFC^D,Ellington Financial Inc. 7.00% Series D Cumulative Perpetual Redeemable Preferred Stock,$23.01,-0.1132,-0.49%,,United States,,3641,,
EFR,Eaton Vance Senior Floating-Rate Fund Common Shares of Beneficial Interest,$12.25,-0.05,-0.407%,0.00,United States,2003,64054,Finance,Trusts Except Educational Religious and Charitable
EFT,Eaton Vance Floating Rate Income Trust Common Shares of Beneficial Interest,$12.50,-0.09,-0.715%,363630188.00,United States,2004,89957,Finance,Finance Companies
EFX,Equifax Inc. Common Stock,$244.00,0.55,0.226%,30261816472.00,United States,,1391188,Finance,Finance: Consumer Services
EFXT,Enerflex Ltd Common Shares,$7.56,-0.08,-1.047%,937778771.00,Canada,2022,273764,Industrials,Industrial Machinery/Components
EG,Everest Group Ltd. Common Stock,$352.42,-2.38,-0.671%,15130834465.00,Bermuda,,1348612,Finance,Property-Casualty Insurers
EGO,Eldorado Gold Corporation Ordinary Shares,$15.73,0.10,0.64%,3220894903.00,Canada,,1374975,Basic Materials,Precious Metals
EGP,EastGroup Properties Inc. Common Stock,$176.87,-2.40,-1.339%,9201488241.00,United States,,541724,Real Estate,Real Estate Investment Trusts
EGY,VAALCO Energy Inc.  Common Stock,$3.90,-0.04,-1.015%,404598336.00,United States,,1661930,Energy,Oil & Gas Production
EHAB,Enhabit Inc. Common Stock,$9.05,-0.21,-2.268%,456843557.00,United States,2022,587933,Health Care,Medical/Nursing Services
EHC,Encompass Health Corporation Common Stock,$97.10,-2.06,-2.077%,9778854193.00,United States,,841189,Health Care,Hospital/Nursing Management
EHI,Western Asset Global High Income Fund Inc Common Stock,$6.75,-0.03,-0.442%,0.00,United States,2003,48810,Finance,Investment Managers
EIC,Eagle Point Income Company Inc. Common Stock,$14.96,-0.03,-0.20%,133265296.00,,2019,273044,Finance,Finance/Investors Services
EICA,Eagle Point Income Company Inc. 5.00% Series A Term Preferred Stock due 2026,$24.2365,0.00,0.00%,215901360.00,,2021,59,Finance,Finance/Investors Services
EICB,Eagle Point Income Company Inc. 7.75% Series B Term Preferred Stock Due 2028,$24.93,0.01,0.04%,0.00,,,5024,,
EICC,Eagle Point Income Company Inc. 8.00% Series C Term Preferred Stock due 2029,$25.01,-0.03,-0.12%,0.00,,,21885,,
EIG,Employers Holdings Inc Common Stock,$49.20,-0.89,-1.777%,1198375076.00,United States,2007,968922,Finance,Property-Casualty Insurers
EIIA,Eagle Point Institutional Income Fund 8.125% Series A Term Preferred Shares Due 2029,$24.9383,0.0083,0.033%,0.00,,2024,2855,,
EIX,Edison International Common Stock,$58.17,-0.75,-1.273%,22396818507.00,United States,,11828736,Utilities,Electric Utilities: Central
EL,Estee Lauder Companies Inc. (The) Common Stock,$66.95,-1.07,-1.573%,24082949043.00,United States,1995,5875387,Consumer Discretionary,Package Goods/Cosmetics
ELAN,Elanco Animal Health Incorporated Common Stock,$10.53,-0.05,-0.473%,5208284788.00,United States,2018,4166441,Health Care,Biotechnology: Pharmaceutical Preparations
ELC,Entergy Louisiana Inc. Collateral Trust Mortgage Bonds 4.875 % Series due September 1 2066,$21.096,0.006,0.028%,4498459397.00,United States,2016,4904,Utilities,Electric Utilities: Central
ELF,e.l.f. Beauty Inc. Common Stock,$62.85,0.44,0.705%,3544652513.00,United States,2016,2297422,Consumer Discretionary,Package Goods/Cosmetics
ELME,Elme Communities Common Stock,$17.10,0.01,0.059%,1505300893.00,United States,2000,1230331,Real Estate,Real Estate Investment Trusts
ELP,Companhia Paranaense de Energia (COPEL) American Depositary Shares (each representing one Unit consisting one Common Share and four non-voting Class B Preferred Shares),$7.30,-0.10,-1.351%,2373133823.00,Brazil,2021,474866,Utilities,Electric Utilities: Central
ELPC,Companhia Paranaense de Energia (COPEL) American Depositary Shares (each representing four (4) Common Shares),$6.55,-0.11,-1.652%,2129318704.00,Brazil,2023,1827,Utilities,Electric Utilities: Central
ELS,Equity Lifestyle Properties Inc. Common Stock,$68.47,-0.25,-0.364%,13087552240.00,United States,,2036825,Real Estate,Real Estate Investment Trusts
ELV,Elevance Health Inc. Common Stock,$427.19,-7.09,-1.633%,97122445772.00,United States,,3034783,Health Care,Medical Specialities
EMD,Western Asset Emerging Markets Debt Fund Inc Common Stock,$9.89,-0.02,-0.202%,0.00,United States,,162401,Finance,Finance/Investors Services
EME,EMCOR Group Inc. Common Stock,$395.14,-4.38,-1.096%,17968051462.00,United States,,1255904,Industrials,Engineering & Construction
EMF,Templeton Emerging Markets Fund Common Stock,$13.19,-0.10,-0.752%,0.00,United States,1987,12452,Finance,Finance/Investors Services
EMN,Eastman Chemical Company Common Stock,$88.69,-1.19,-1.324%,10214283800.00,United States,,2390050,Industrials,Major Chemicals
EMO,ClearBridge Energy Midstream Opportunity Fund Inc. Common Stock,$49.70,-0.32,-0.64%,0.00,United States,2011,17741,Finance,Investment Managers
EMP,Entergy Mississippi LLC First Mortgage Bonds 4.90% Series Due October 1 2066,$21.31,-0.02,-0.094%,9172092080.00,United States,2016,10226,Utilities,Electric Utilities: Central
EMR,Emerson Electric Company Common Stock,$113.11,1.31,1.172%,63782729000.00,United States,,9228904,Technology,Consumer Electronics/Appliances
ENB,Enbridge Inc Common Stock,$43.87,-0.36,-0.814%,95548860000.00,Canada,,3269940,Energy,Natural Gas Distribution
ENFN,Enfusion Inc. Class A Common Stock,$11.10,0.00,0.00%,1431909324.00,United States,2021,1203693,Technology,Computer Software: Prepackaged Software
ENFY,Enlightify Inc. Common Stock,$1.10,0.019,1.758%,15892314.00,China,,1134,Industrials,Agricultural Chemicals
ENIC,Enel Chile S.A. American Depositary Shares (Each representing 50 shares of Common Stock),$3.32,-0.07,-2.065%,4592659398.00,Chile,2016,539374,Utilities,Electric Utilities: Central
ENJ,Entergy New Orleans LLC First Mortgage Bonds 5.0% Series due December 1 2052,$21.0726,0.00,0.00%,9069912133.00,United States,,20,Utilities,Power Generation
ENO,Entergy New Orleans LLC First Mortgage Bonds 5.50% Series due April 1 2066,$22.43,-0.03,-0.134%,4796225876.00,United States,2016,4071,Utilities,Power Generation
ENOV,Enovis Corporation Common Stock,$39.08,-0.27,-0.686%,2226131235.00,United States,,1091767,Health Care,Industrial Specialties
ENR,Energizer Holdings Inc. Common Stock,$29.53,-0.35,-1.171%,2131827870.00,United States,2015,994621,Miscellaneous,Industrial Machinery/Components
ENS,EnerSys Common Stock,$96.26,-0.93,-0.957%,3795385966.00,United States,2004,1833537,Technology,Industrial Machinery/Components
ENVA,Enova International Inc. Common Stock,$97.43,0.04,0.041%,2513073761.00,United States,2014,430747,Finance,Finance: Consumer Services
ENZ,Enzo Biochem Inc. Common Stock ($0.01 Par Value),$0.4861,-0.0039,-0.796%,25473003.00,United States,1988,91984,Health Care,Medical Specialities
EOD,Allspring Global Dividend Opportunity Fund Common Shares of Beneficial Interest,$5.02,0.00,0.00%,0.00,United States,2007,50867,Finance,Investment Managers
EOG,EOG Resources Inc. Common Stock,$125.17,0.87,0.70%,69334958726.00,United States,,9750401,Energy,Oil & Gas Production
EOI,Eaton Vance Enhance Equity Income Fund Eaton Vance Enhanced Equity Income Fund Shares of Beneficial Interest,$19.08,0.06,0.315%,0.00,United States,2004,55698,Finance,Finance/Investors Services
EOS,Eaton Vance Enhance Equity Income Fund II Common Stock,$22.00,0.02,0.091%,0.00,,2005,50853,Finance,Trusts Except Educational Religious and Charitable
EOT,Eaton Vance Municipal Income Trust EATON VANCE NATIONAL MUNICIPAL OPPORTUNITIES TRUST,$16.77,0.05,0.299%,262029925.00,United States,2009,45296,Finance,Investment Bankers/Brokers/Service
EP^C,El Paso Corporation Preferred Stock,$47.75,-1.05,-2.152%,,United States,,14888,,
EPAC,Enerpac Tool Group Corp. Common Stock,$42.25,-1.09,-2.515%,2298409126.00,United States,,820909,Technology,Industrial Machinery/Components
EPAM,EPAM Systems Inc. Common Stock,$175.30,3.02,1.753%,9972488838.00,United States,2012,1284605,Technology,EDP Services
EPC,Edgewell Personal Care Company Common Stock,$29.41,-0.18,-0.608%,1418405155.00,United States,,1101441,Consumer Discretionary,Package Goods/Cosmetics
EPD,Enterprise Products Partners L.P. Common Stock,$33.85,-0.25,-0.733%,73308943714.00,United States,,5742251,Utilities,Natural Gas Distribution
EPR,EPR Properties Common Stock,$51.39,-0.22,-0.426%,3908956865.00,United States,1997,1119142,Real Estate,Real Estate Investment Trusts
EPR^C,EPR Properties 5.75% Series C Cumulative Convertible Preferred Shares,$23.04,-0.10,-0.432%,,United States,,3669,,
EPR^E,EPR Properties Series E Cumulative Conv Pfd Shs Ser E,$30.1599,0.1599,0.533%,,United States,,529,,
EPR^G,EPR Properties 5.750% Series G Cumulative Redeemable Preferred Shares,$20.71,-0.10,-0.481%,,United States,,684,,
EPRT,Essential Properties Realty Trust Inc. Common Stock,$31.73,-0.31,-0.968%,5955449931.00,United States,2018,5965832,Real Estate,Real Estate Investment Trusts
EQBK,Equity Bancshares Inc. Class A Common Stock,$39.28,-0.99,-2.458%,687743307.00,United States,,465516,Finance,Major Banks
EQC,Equity Commonwealth Common Shares of Beneficial Interest,$1.60,0.00,0.00%,171874000.00,United States,,2017390,Real Estate,Real Estate Investment Trusts
EQH,Equitable Holdings Inc. Common Stock,$52.55,0.14,0.267%,16175915881.00,United States,2018,12672442,Finance,Specialty Insurers
EQH^A,Equitable Holdings Inc. Depositary Shares,$21.08,-0.04,-0.189%,,United States,,26293,,
EQH^C,Equitable Holdings Inc. Depositary Shares each representing a 1/1000th interest in a share of Fixed Rate Noncumulative Perpetual Preferred Stock Series C,$17.66,-0.09,-0.507%,,United States,,35926,,
EQNR,Equinor ASA,$25.67,0.35,1.382%,75591299806.00,Norway,,2926503,Energy,Integrated oil Companies
EQR,Equity Residential Common Shares of Beneficial Interest,$69.81,-0.36,-0.513%,26507221757.00,United States,,3054298,Real Estate,Real Estate Investment Trusts
EQS,Equus Total Return Inc. Common Stock,$1.0923,0.0223,2.084%,14840177.00,United States,,733,Finance,Finance/Investors Services
EQT,EQT Corporation Common Stock,$52.88,-0.85,-1.582%,31592680080.00,United States,,12816127,Energy,Oil & Gas Production
EQV,EQV Ventures Acquisition Corp. Class A Ordinary Shares,$10.06,0.00,0.00%,0.00,,2024,2776,,
ERJ,Embraer S.A. Common Stock,$52.64,0.14,0.267%,9667767753.00,Brazil,2000,2707334,Industrials,Aerospace
ERO,Ero Copper Corp. Common Shares,$13.40,-0.42,-3.039%,1383317001.00,Canada,2021,341906,Basic Materials,Metal Mining
ES,Eversource Energy (D/B/A) Common Stock,$60.93,-0.67,-1.088%,22348211878.00,United States,,4539397,Utilities,Electric Utilities: Central
ESAB,ESAB Corporation Common Stock,$118.96,-1.42,-1.18%,7200644517.00,United States,2022,443471,Industrials,Industrial Machinery/Components
ESE,ESCO Technologies Inc. Common Stock,$159.44,-2.04,-1.263%,4114513902.00,United States,,369797,Telecommunications,Telecommunications Equipment
ESI,Element Solutions Inc. Common Stock,$25.23,-1.00,-3.812%,6117072210.00,United States,2014,43421920,Industrials,Major Chemicals
ESNT,Essent Group Ltd. Common Shares,$55.59,-0.26,-0.466%,5772208107.00,Bermuda,2013,3073859,Finance,Property-Casualty Insurers
ESRT,Empire State Realty Trust Inc. Class A Common Stock,$7.97,-0.23,-2.805%,1336667095.00,United States,2013,2066175,Real Estate,Real Estate Investment Trusts
ESS,Essex Property Trust Inc. Common Stock,$300.06,-2.02,-0.669%,19301383505.00,United States,1994,849599,Real Estate,Real Estate Investment Trusts
ESTC,Elastic N.V. Ordinary Shares,$97.21,2.40,2.531%,10149969941.00,United States,2018,1137862,Technology,Computer Software: Prepackaged Software
ET,Energy Transfer LP Common Units ,$18.60,-0.25,-1.326%,63820598330.00,United States,,15140374,Utilities,Natural Gas Distribution
ET^I,Energy Transfer L.P. Series I Fixed Rate Perpetual Preferred Units,$11.676,-0.004,-0.034%,,United States,,39139,,
ETB,Eaton Vance Tax-Managed Buy-Write Income Fund Eaton Vance Tax-Managed Buy-Write Income Fund Common Shares of Beneficial Interest,$13.78,0.04,0.291%,404737864.00,United States,2005,82622,Finance,Investment Bankers/Brokers/Service
ETD,Ethan Allen Interiors Inc. Common Stock,$27.57,0.14,0.51%,701103997.00,United States,,1015291,Consumer Discretionary,Home Furnishings
ETG,Eaton Vance Tax-Advantaged Global Dividend Income Fund Common Shares of Beneficial Interest,$18.55,-0.03,-0.161%,0.00,United States,2004,85932,Finance,Investment Managers
ETI^,Entergy Texas Inc 5.375% Series A Preferred Stock Cumulative No Par Value,$24.45,0.175,0.721%,,United States,,859,,
ETJ,Eaton Vance Risk-Managed Diversified Equity Income Fund Common Shares of Beneficial Interest,$8.62,0.01,0.116%,0.00,United States,2007,97765,Finance,Finance Companies
ETN,Eaton Corporation PLC Ordinary Shares,$295.44,-0.09,-0.03%,115812480000.00,Ireland,,3188310,Technology,Industrial Machinery/Components
ETO,Eaton Vance Tax-Advantage Global Dividend Opp Common Stock,$25.05,-0.1366,-0.542%,410522857.00,United States,2004,18415,Finance,Investment Managers
ETR,Entergy Corporation Common Stock,$83.88,-0.76,-0.898%,36103007210.00,United States,,9132309,Utilities,Electric Utilities: Central
ETV,Eaton Vance Corporation Eaton Vance Tax-Managed Buy-Write Opportunities Fund Common Shares of Beneficial Interest,$13.32,0.00,0.00%,1455454409.00,United States,2005,135015,Finance,Investment Bankers/Brokers/Service
ETW,Eaton Vance Corporation Eaton Vance Tax-Managed Global Buy-Write Opportunites Fund Common Shares of Beneficial Interest,$8.34,-0.02,-0.239%,914045535.00,United States,2005,216650,Finance,Investment Managers
ETWO,E2open Parent Holdings Inc.Class A Common Stock,$2.24,0.01,0.448%,692935277.00,United States,2020,2690720,Technology,EDP Services
ETX           ,Eaton Vance Municipal Income 2028 Term Trust Common Shares of Beneficial Interest,$18.18,-0.04,-0.22%,197888500.00,,2013,16956,Finance,Investment Managers
ETY,Eaton Vance Tax-Managed Diversified Equity Income Fund Common Shares of Beneficial Interest,$14.47,0.00,0.00%,0.00,United States,2006,114294,Finance,Finance Companies
EVC,Entravision Communications Corporation Common Stock,$2.16,0.12,5.882%,196508782.00,United States,2000,500657,Industrials,Broadcasting
EVEX,Eve Holding Inc. Common Stock,$3.58,0.07,1.994%,1065566587.00,,2022,760625,Industrials,Aerospace
EVF,Eaton Vance Senior Income Trust Common Stock,$5.85,-0.02,-0.341%,102602319.00,United States,1998,131965,Finance,Investment Bankers/Brokers/Service
EVG,Eaton Vance Short Diversified Income Fund Eaton Vance Short Duration Diversified Income Fund Common Shares of Beneficial Interest,$10.93,-0.01,-0.091%,0.00,United States,2005,35685,Finance,Investment Managers
EVH,Evolent Health Inc Class A Common Stock,$9.58,-0.38,-3.815%,1116943198.00,United States,2015,2102192,Consumer Discretionary,Other Consumer Services
EVN,Eaton Vance Municipal Income Trust Common Stock,$10.40,0.00,0.00%,412538495.00,United States,1999,117469,Finance,Investment Managers
EVR,Evercore Inc. Class A Common Stock,$206.84,2.49,1.218%,8091939874.00,United States,2006,627113,Finance,Investment Managers
EVRI,Everi Holdings Inc. Common Stock,$13.68,0.01,0.073%,1182467969.00,United States,,2242278,Consumer Discretionary,Services-Misc. Amusement & Recreation
EVT,Eaton Vance Tax Advantaged Dividend Income Fund Common Shares of Beneficial Interest,$23.30,-0.12,-0.512%,0.00,United States,2003,114982,Finance,Finance Companies
EVTC,Evertec Inc. Common Stock,$37.24,0.11,0.296%,2368988227.00,Puerto Rico,2013,1083814,Technology,EDP Services
EVTL,Vertical Aerospace Ltd. Ordinary Shares,$4.30,0.02,0.467%,363576700.00,,2021,142262,Industrials,Aerospace
EW,Edwards Lifesciences Corporation Common Stock,$70.46,-0.49,-0.691%,41423434000.00,United States,,7144372,Health Care,Industrial Specialties
EXG,Eaton Vance Tax-Managed Global Diversified Equity Income Fund Common Shares of Beneficial Interest,$8.27,-0.03,-0.361%,0.00,United States,2007,387561,Finance,Finance Companies
EXK,Endeavour Silver Corporation Ordinary Shares (Canada),$4.66,-0.18,-3.719%,1222371418.00,Canada,,8587503,Basic Materials,Precious Metals
EXP,Eagle Materials Inc Common Stock,$218.16,0.87,0.40%,7262031979.00,United States,,640700,Industrials,Building Materials
EXPD,Expeditors International of Washington Inc. Common Stock,$116.30,0.63,0.545%,16053123577.00,United States,,3662087,Consumer Discretionary,Oil Refining/Marketing
EXR,Extra Space Storage Inc Common Stock,$143.80,-2.07,-1.419%,30485330950.00,United States,2004,1769891,Real Estate,Real Estate Investment Trusts
F,Ford Motor Company Common Stock,$10.00,-0.01,-0.10%,39634477040.00,United States,,240638631,Consumer Discretionary,Auto Manufacturing
F^B,Ford Motor Company 6.20% Notes due June 1 2059,$22.50,-0.12,-0.531%,,United States,,34131,,
F^C,Ford Motor Company 6% Notes due December 1 2059,$21.83,0.02,0.092%,,United States,,26251,,
F^D,Ford Motor Company 6.500% Notes due August 15 2062,$23.47,-0.03,-0.128%,,United States,,33045,,
FAF,First American Corporation (New) Common Stock,$64.80,-0.61,-0.933%,6661440000.00,United States,,1037901,Finance,Specialty Insurers
FBIN,Fortune Brands Innovations Inc. Common Stock,$62.41,-0.60,-0.952%,7650008789.00,United States,,3480442,Basic Materials,Forest Products
FBK,FB Financial Corporation Common Stock,$47.22,0.24,0.511%,2204143424.00,United States,2016,551692,Finance,Major Banks
FBMS,First Bancshares Inc.,$35.05,0.22,0.632%,1095353403.00,United States,,496688,Finance,Major Banks
FBP,First BanCorp. New Common Stock,$18.86,0.49,2.667%,3090525981.00,Puerto Rico,,8043329,Finance,Major Banks
FBRT,Franklin BSP Realty Trust Inc. Common Stock,$13.01,-0.13,-0.989%,1069612336.00,United States,2021,1078061,Real Estate,Real Estate Investment Trusts
FBRT^E,Franklin BSP Realty Trust Inc. 7.50% Series E Cumulative Redeemable Preferred Stock,$21.58,-0.06,-0.277%,,United States,,7848,,
FC,Franklin Covey Company Common Stock,$28.49,-0.03,-0.105%,375944467.00,United States,,423906,Consumer Discretionary,Other Consumer Services
FCF,First Commonwealth Financial Corporation Common Stock,$15.58,-0.13,-0.827%,1586856777.00,United States,,5420365,Finance,Major Banks
FCN,FTI Consulting Inc. Common Stock,$160.54,-1.36,-0.84%,5766990605.00,United States,1999,1379410,Consumer Discretionary,Professional Services
FCPT,Four Corners Property Trust Inc. Common Stock,$28.11,-0.41,-1.438%,2810181212.00,United States,2015,1906506,Real Estate,Real Estate Investment Trusts
FCRX,Crescent Capital BDC Inc. 5.00% Notes due 2026,$24.83,0.20,0.812%,920238212.00,United States,2023,4791,Finance,Finance: Consumer Services
FCT,First Trust Senior Floating Rate Income Fund II Common Shares of Beneficial Interest,$10.18,-0.02,-0.196%,0.00,United States,2004,83302,Finance,Finance Companies
FCX,Freeport-McMoRan Inc. Common Stock,$40.25,-0.45,-1.106%,57842188492.00,United States,,22336021,Basic Materials,Metal Mining
FDP,Fresh Del Monte Produce Inc. Common Stock,$29.65,-0.28,-0.936%,1421429895.00,Cayman Islands,1997,1771146,Consumer Staples,Farming/Seeds/Milling
FDX,FedEx Corporation Common Stock,$230.33,-15.88,-6.45%,55475119389.00,United States,,9418186,Consumer Discretionary,Air Freight/Delivery Services
FE,FirstEnergy Corp. Common Stock,$39.56,-0.25,-0.628%,22814150133.00,United States,,7459343,Utilities,Electric Utilities: Central
FEDU,Four Seasons Education (Cayman) Inc. American Depositary Shares each ADS representing 10 ordinary shares,$9.20,-0.19,-2.023%,19470346.00,,2017,760,Real Estate,Other Consumer Services
FENG,Phoenix New Media Limited American Depositary Shares each representing 48 Class A ordinary shares.,$2.39,0.11,4.825%,28893121.00,China,2011,379,Industrials,Broadcasting
FERG,Ferguson Enterprises Inc. Common Stock,$162.33,-1.57,-0.958%,32693108923.00,United Kingdom,2021,3873714,Miscellaneous,Miscellaneous
FET,Forum Energy Technologies Inc. Common Stock,$20.52,-0.51,-2.425%,253404127.00,United States,2012,92117,Industrials,Metal Fabrications
FF,FutureFuel Corp.  Common shares,$4.15,-0.01,-0.24%,181617458.00,United States,,484728,Industrials,Major Chemicals
FFA,First Trust Enhanced Equity Income Fund,$19.72,-0.01,-0.051%,0.00,United States,2004,23941,Finance,Investment Managers
FFC,Flaherty & Crumrine Preferred and Income Securities Fund Incorporated,$16.23,0.01,0.062%,0.00,United States,2003,83758,Finance,Trusts Except Educational Religious and Charitable
FFWM,First Foundation Inc. Common Stock,$4.83,0.01,0.207%,397824824.00,United States,,719030,Finance,Major Banks
FG,F&G Annuities & Life Inc. Common Stock,$34.70,-1.74,-4.775%,4399045759.00,United States,2022,2596158,Finance,Life Insurance
FGB,First Trust Specialty Finance and Financial Opportunities Fund,$4.25,-0.06,-1.392%,0.00,United States,2007,75803,Finance,Finance/Investors Services
FGN,F&G Annuities & Life Inc. 7.950% Senior Notes due 2053,$25.90,-0.05,-0.193%,3265952393.00,United States,2023,22670,Finance,Life Insurance
FGSN,F&G Annuities & Life Inc. 7.300% Junior Subordinated Notes due 2065,$24.61,0.03,0.122%,0.00,United States,2025,35455,Finance,Life Insurance
FHI,Federated Hermes Inc. Common Stock,$39.38,-0.40,-1.006%,3202065418.00,United States,,6799312,Finance,Investment Managers
FHN,First Horizon Corporation Common Stock,$19.29,0.07,0.364%,10064938400.00,United States,,11623348,Finance,Major Banks
FHN^B,First Horizon Corporation Depositary Shares each representing a 1/400th interest in a share of Non-Cumulative Perpetual Preferred Stock Series B,$25.16,0.00,0.00%,,United States,,865,,
FHN^C,First Horizon Corporation Depositary Shares each representing a 1/400th interest in a share of Non-Cumulative Perpetual Preferred Stock Series C,$25.10,-0.06,-0.238%,,United States,,1461,,
FHN^E,First Horizon Corporation Depositary Shares each representing a 1/4000th interest in a share of Non-Cumulative Perpetual Preferred Stock Series E,$24.895,-0.015,-0.06%,,United States,,3818,,
FHN^F,First Horizon Corporation Depositary Shares each representing 1/4000th Interest in a Share of Non-Cumulative Perpetual Preferred Stock Series F,$18.39,0.00,0.00%,,United States,,3111,,
FI,Fiserv Inc. Common Stock,$218.09,-3.70,-1.668%,122411505797.00,United States,,3538035,Consumer Discretionary,Business Services
FICO,Fair Isaac Corporation Common Stock,$1853.29,-0.17,-0.009%,45253890974.00,United States,,215995,Consumer Discretionary,Business Services
FIGS,FIGS Inc. Class A Common Stock,$4.33,-0.09,-2.036%,703712522.00,United States,2021,4032202,Consumer Discretionary,Apparel
FIHL,Fidelis Insurance Holdings Limited Common Shares,$15.59,-0.05,-0.32%,1742546355.00,Bermuda,2023,1431646,Finance,Property-Casualty Insurers
FINS,Angel Oak Financial Strategies Income Term Trust Common Shares of Beneficial Interest,$13.40,0.04,0.299%,335839349.00,,2019,10442,Finance,Finance/Investors Services
FINV,FinVolution Group American Depositary Shares,$10.04,0.05,0.501%,2663401040.00,United States,2017,1594377,Finance,Finance: Consumer Services
FIS,Fidelity National Information Services Inc. Common Stock,$73.35,-1.06,-1.425%,38852877833.00,United States,,6912826,Consumer Discretionary,Business Services
FIX,Comfort Systems USA Inc. Common Stock,$352.15,-4.64,-1.30%,12520010783.00,United States,1997,714241,Industrials,Engineering & Construction
FL,Foot Locker Inc.,$16.13,0.08,0.498%,1530557328.00,United States,,5052967,Consumer Discretionary,Clothing/Shoe/Accessory Stores
FLC,Flaherty & Crumrine Total Return Fund Inc Common Stock,$17.05,0.01,0.059%,0.00,United States,2003,10032,Finance,Trusts Except Educational Religious and Charitable
FLG,Flagstar Financial Inc. Common Stock,$12.14,0.03,0.248%,5034703471.00,United States,,9416082,Finance,Banks
FLG^A,Flagstar Financial Inc. Depositary shares each representing a 1/40th interest in a share of Fixed-to-Floating Rate Series A Noncumulative Perpetual Preferred Stock,$23.07,-0.02,-0.087%,,United States,,47520,,
FLG^U,Flagstar Financial Inc. Bifurcated Option Note Unit SecuritiES,$37.71,0.25,0.667%,,United States,,6150,,
FLNG,FLEX LNG Ltd. Ordinary Shares,$22.37,-0.57,-2.485%,1209943370.00,,2019,440027,Consumer Discretionary,Marine Transportation
FLO,Flowers Foods Inc. Common Stock,$18.16,0.00,0.00%,3828940315.00,United States,,16492815,Consumer Staples,Packaged Foods
FLOC,Flowco Holdings Inc. Class A Common Stock,$25.12,0.64,2.614%,2207911624.00,,2025,4887516,Industrials,Metal Fabrications
FLR,Fluor Corporation Common Stock,$37.66,-0.01,-0.027%,6356495560.00,United States,,5006390,Industrials,Military/Government/Technical
FLS,Flowserve Corporation Common Stock,$50.57,-0.86,-1.672%,6662353601.00,United States,,2206926,Industrials,Fluid Controls
FLUT,Flutter Entertainment plc Ordinary Shares,$241.00,0.15,0.062%,42806480250.00,,2024,5441441,Technology,Computer Software: Programming Data Processing
FMC,FMC Corporation Common Stock,$41.51,-0.75,-1.775%,5182145842.00,United States,,38255684,Industrials,Major Chemicals
FMN,Federated Hermes Premier Municipal Income Fund,$10.9597,0.0197,0.18%,945327280.00,United States,2002,42970,Finance,Investment Managers
FMS,Fresenius Medical Care AG American Depositary Shares (Each representing 1/2 of an Ordinary Share),$24.26,-0.36,-1.462%,14236420545.00,Germany,,358677,Health Care,Misc Health and Biotechnology Services
FMX,Fomento Economico Mexicano S.A.B. de C.V. Common Stock,$97.39,-1.23,-1.247%,369490318450.00,Mexico,,511933,Consumer Staples,Beverages (Production/Distribution)
FMY,First Trust Motgage Income Fund Common Shares of Beneficial Interest,$12.1999,0.0732,0.604%,0.00,United States,2005,4045,Finance,Finance/Investors Services
FN,Fabrinet Ordinary Shares,$220.70,-1.37,-0.617%,7942911341.00,Cayman Islands,2010,650918,Utilities,Telecommunications Equipment
FNA,Paragon 28 Inc. Common Stock,$13.01,-0.02,-0.153%,1091473612.00,United States,2021,943269,Health Care,Medical/Dental Instruments
FNB,F.N.B. Corporation Common Stock,$13.54,-0.01,-0.074%,4870576047.00,United States,,4649231,Finance,Major Banks
FND,Floor & Decor Holdings Inc. Common Stock,$84.18,0.23,0.274%,9040553863.00,United States,2017,2142739,Consumer Discretionary,RETAIL: Building Materials
FNF,FNF Group of Fidelity National Financial Inc. Common Stock,$63.53,-0.59,-0.92%,17470095577.00,United States,2014,5236903,Finance,Specialty Insurers
FNV,Franco-Nevada Corporation,$155.83,0.30,0.193%,29985852194.00,Canada,,809071,Basic Materials,Precious Metals
FOA,Finance of America Companies Inc. Class A Common Stock,$21.19,-0.76,-3.462%,226980669.00,United States,2021,102022,Finance,Finance: Consumer Services
FOF,Cohen & Steers Closed-End Opportunity Fund Inc. Common Stock,$12.07,-0.04,-0.33%,593103240.00,United States,2006,35876,Finance,Investment Managers
FOR,Forestar Group Inc Common Stock ,$21.73,-0.69,-3.078%,1101176377.00,United States,2017,205181,Finance,Real Estate
FOUR,Shift4 Payments Inc. Class A Common Stock,$88.56,1.08,1.235%,7890521891.00,United States,2020,1268749,Consumer Discretionary,Business Services
FPF,First Trust Intermediate Duration Preferred & Income Fund Common Shares of Beneficial Interest,$18.60,0.00,0.00%,0.00,United States,2013,56958,Finance,Trusts Except Educational Religious and Charitable
FPH,Five Point Holdings LLC Class A Common Shares,$5.40,-0.20,-3.571%,803044184.00,United States,2017,96774,Finance,Real Estate
FPI,Farmland Partners Inc. Common Stock,$10.95,-0.10,-0.905%,502543724.00,United States,2014,502244,Real Estate,Real Estate Investment Trusts
FR,First Industrial Realty Trust Inc. Common Stock,$53.51,-1.46,-2.656%,7084360988.00,United States,1994,1625242,Real Estate,Real Estate Investment Trusts
FRA,Blackrock Floating Rate Income Strategies Fund Inc  Common Stock,$12.70,-0.11,-0.859%,1889283382.00,United States,2003,127078,Finance,Investment Bankers/Brokers/Service
FRGE,Forge Global Holdings Inc. Common Stock,$0.6187,0.011,1.81%,116403964.00,United States,2021,735501,Finance,Investment Bankers/Brokers/Service
FRO,Frontline Plc Ordinary Shares,$16.10,-0.78,-4.621%,3584228513.00,Bermuda,,2600424,Consumer Discretionary,Marine Transportation
FRT,Federal Realty Investment Trust Common Stock,$95.10,-2.22,-2.281%,8148226391.00,United States,,1675196,Real Estate,Real Estate Investment Trusts
FRT^C,Federal Realty Investment Trust Depositary Shares each representing a 1/1000th interest in a 5.000% Series C Cumulative Redeemable Preferred Share,$21.22,-0.0001,0.00%,,United States,,3495,,
FSCO,FS Credit Opportunities Corp. Common Stock,$7.15,0.00,0.00%,1418244685.00,United States,2022,653177,Finance,Trusts Except Educational Religious and Charitable
FSK,FS KKR Capital Corp. Common Stock,$20.74,0.27,1.319%,5808577820.00,United States,2014,6616405,Finance,Investment Managers
FSLY,Fastly Inc. Class A Common Stock,$7.11,0.11,1.571%,1011753000.00,United States,2019,7629971,Technology,Computer Software: Prepackaged Software
FSM,Fortuna Mining Corp. Common Shares,$5.86,-0.22,-3.618%,1836118658.00,Canada,,11525377,Basic Materials,Precious Metals
FSS,Federal Signal Corporation Common Stock,$75.36,-0.52,-0.685%,4604275497.00,United States,,2103878,Consumer Discretionary,Auto Manufacturing
FT,Franklin Universal Trust Common Stock,$7.51,0.00,0.00%,188740524.00,United States,,24050,Finance,Trusts Except Educational Religious and Charitable
FTHY,First Trust High Yield Opportunities 2027 Term Fund Common Stock,$14.41,0.03,0.209%,529898771.00,United States,2020,52293,Finance,Investment Managers
FTI,TechnipFMC plc Ordinary Share,$29.36,0.07,0.239%,12347981090.00,,,11451401,Industrials,Metal Fabrications
FTK,Flotek Industries Inc. Common Stock,$8.68,-0.42,-4.615%,258906945.00,United States,,254698,Industrials,Major Chemicals
FTS,Fortis Inc. Common Shares,$44.99,-0.25,-0.553%,22463556714.00,United States,2016,477645,Utilities,Electric Utilities: Central
FTV,Fortive Corporation Common Stock ,$74.79,0.13,0.174%,25450298897.00,United States,2016,4733773,Industrials,Industrial Machinery/Components
FUBO,fuboTV Inc. Common Stock,$3.18,0.10,3.247%,1085895572.00,United States,2020,11827156,Consumer Discretionary,Movies/Entertainment
FUL,H. B. Fuller Company Common Stock,$53.57,-0.37,-0.686%,2928946232.00,United States,,1053341,Industrials,Home Furnishings
FUN,Six Flags Entertainment Corporation Common Stock New,$37.44,0.31,0.835%,3757684432.00,United States,,2018330,Consumer Discretionary,Services-Misc. Amusement & Recreation
FVR,FrontView REIT Inc. Common Stock,$13.39,-0.17,-1.254%,215152609.00,United States,2024,828438,Real Estate,Real Estate Investment Trusts
FVRR,Fiverr International Ltd. Ordinary Shares no par value,$25.69,-0.19,-0.734%,922508016.00,,2019,507417,Consumer Discretionary,Business Services
G,Genpact Limited Common Stock,$49.90,0.46,0.93%,8765901264.00,Bermuda,2007,3102812,Consumer Discretionary,Professional Services
GAB,Gabelli Equity Trust Inc. (The) Common Stock,$5.60,0.11,2.004%,1645376393.00,United States,1986,1678292,Finance,Investment Managers
GAB^G,Gabelli Equity Trust Inc. (The) Series G Cumulative Preferred Stock,$21.36,-0.05,-0.234%,,United States,,2618,,
GAB^H,Gabelli Equity Trust Inc. (The) Pfd Ser H,$21.31,-0.03,-0.141%,,United States,,9741,,
GAB^K,Gabelli Equity Trust Inc. (The) 5.00% Series K Cumulative Preferred Stock,$21.319,0.044,0.207%,,United States,,1648,,
GAM,General American Investors Inc. Common Stock,$50.34,-0.16,-0.317%,1206932207.00,United States,,4937,Finance,Investment Managers
GAM^B,General American Investors Company Inc. Cumulative Preferred Stock,$24.885,-0.0051,-0.02%,,United States,,8633,,
GAP,Gap Inc. (The) Common Stock,$20.02,-0.46,-2.246%,7505592554.00,United States,,23313336,Consumer Discretionary,Clothing/Shoe/Accessory Stores
GATX,GATX Corporation Common Stock,$154.91,-1.04,-0.667%,5514796000.00,United States,,306888,Consumer Discretionary,Transportation Services
GB,Global Blue Group Holding AG Ordinary Shares,$7.36,-0.02,-0.271%,1468869799.00,,2000,293796,Technology,EDP Services
GBAB,Guggenheim Taxable Municipal Bond & Investment Grade Debt Trust Common Shares of Beneficial Interest,$15.45,-0.01,-0.065%,346032182.00,United States,2010,106028,Finance,Investment Managers
GBCI,Glacier Bancorp Inc. Common Stock,$44.30,-0.21,-0.472%,5023794586.00,United States,,1841445,Finance,Major Banks
GBLI,Global Indemnity Group LLC Class A Common Stock (DE),$36.00,-0.65,-1.774%,513295164.00,Ireland,,3583,Finance,Property-Casualty Insurers
GBTG,Global Business Travel Group Inc. Class A Common Stock,$7.61,-0.13,-1.68%,3640720152.00,United States,2020,1319350,Consumer Discretionary,Transportation Services
GBX,Greenbrier Companies Inc. (The) Common Stock,$53.84,-1.00,-1.823%,1688377444.00,United States,1994,660334,Industrials,Railroads
GCI,Gannett Co. Inc. Common Stock,$3.06,-0.08,-2.548%,450949354.00,United States,2014,2056669,Consumer Discretionary,Newspapers/Magazines
GCO,Genesco Inc. Common Stock,$22.09,0.05,0.227%,247679950.00,United States,,682075,Consumer Discretionary,Clothing/Shoe/Accessory Stores
GCTS,GCT Semiconductor Holding Inc. Common Stock,$2.00,0.04,2.041%,95473648.00,United States,2021,90210,Technology,Semiconductors
GCV,Gabelli Convertible and Income Securities Fund Inc. (The) Common Stock,$3.76,0.005,0.133%,71590509.00,United States,,62388,Finance,Finance/Investors Services
GD,General Dynamics Corporation Common Stock,$263.41,-2.29,-0.862%,71213102911.00,United States,,3313675,Industrials,Marine Transportation
GDDY,GoDaddy Inc. Class A Common Stock,$180.33,-0.36,-0.199%,25490710529.00,United States,2015,3085729,Technology,EDP Services
GDL,GDL Fund The Common Shares of Beneficial Interest,$8.25,0.005,0.061%,0.00,United States,2007,6914,Finance,Investment Managers
GDL^C,The GDL Fund Series C Cumulative Puttable and Callable Preferred Shares,$49.83,0.00,0.00%,,United States,,1,,
GDO,Western Asset Global Corporate Opportunity Fund Inc. Common Stock,$11.63,0.06,0.519%,0.00,United States,2009,8401,Finance,Finance Companies
GDOT,Green Dot Corporation Class A Common Stock $0.001 par value,$7.83,0.22,2.891%,424618347.00,United States,2010,11728507,Finance,Finance: Consumer Services
GDV,Gabelli Dividend & Income Trust Common Shares of Beneficial Interest,$24.15,0.00,0.00%,2178052058.00,United States,2003,120222,Finance,Investment Managers
GDV^H,The Gabelli Dividend & Income Trust 5.375% Series H Cumulative Preferred Shares,$23.925,0.075,0.314%,,United States,,1849,,
GDV^K,The Gabelli Dividend & Income Trust 4.250% Series K Cumulative Preferred Shares,$18.67,-0.06,-0.32%,,United States,,14086,,
GE,GE Aerospace Common Stock,$204.13,0.20,0.098%,219090790786.00,United States,,7976314,Technology,Consumer Electronics/Appliances
GEF,Greif Inc. Class A Common Stock,$55.03,-1.23,-2.186%,2610462843.00,United States,,325096,,
GEL,Genesis Energy L.P. Common Units,$15.46,0.41,2.724%,1893298356.00,United States,2001,3398700,Energy,Oil Refining/Marketing
GENI,Genius Sports Limited Ordinary Shares,$10.41,0.36,3.582%,2496500248.00,Guernsey,2021,6292600,Consumer Discretionary,Services-Misc. Amusement & Recreation
GEO,Geo Group Inc (The) REIT,$28.23,-0.84,-2.89%,3962910998.00,United States,,4346598,Consumer Discretionary,Homebuilding
GES,Guess? Inc. Common Stock,$11.97,-0.08,-0.664%,615938387.00,United States,1996,6526417,Consumer Discretionary,Apparel
GETY,Getty Images Holdings Inc. Class A Common Stock,$2.19,0.00,0.00%,903523581.00,United States,2022,1439072,Consumer Discretionary,Business Services
GEV,GE Vernova Inc. Common Stock,$333.87,-2.96,-0.879%,92114984738.00,United States,2024,3012138,,
GF,New Germany Fund Inc. (The) Common Stock,$10.25,-0.17,-1.631%,0.00,United States,1990,45653,Finance,Investment Managers
GFF,Griffon Corporation Common Stock,$70.80,-0.71,-0.993%,3365131009.00,United States,,1231407,Industrials,Building Products
GFI,Gold Fields Limited American Depositary Shares,$21.61,-0.25,-1.144%,19309416969.00,South Africa,,5781535,Basic Materials,Precious Metals
GFL,GFL Environmental Inc. Subordinate voting shares no par value,$47.82,-0.26,-0.541%,18811577929.00,Canada,2020,715455,Utilities,Environmental Services
GFR,Greenfire Resources Ltd. Common Shares,$5.20,0.01,0.193%,361236013.00,Canada,,232459,Energy,Oil & Gas Production
GGB,Gerdau S.A. Common Stock,$2.96,-0.07,-2.31%,6153264458.00,Brazil,,6850421,Industrials,Steel/Iron Ore
GGG,Graco Inc. Common Stock,$82.17,-1.11,-1.333%,13927319515.00,United States,,2288494,Industrials,Fluid Controls
GGT,Gabelli Multi-Media Trust Inc. (The) Common Stock,$4.78,0.10,2.137%,131620890.00,United States,,136469,Finance,Trusts Except Educational Religious and Charitable
GGT^G,Gabelli Multi-Media Trust Inc. (The) 5.125% Series G Cumulative Preferred Shares,$22.52,-0.04,-0.177%,,United States,,4834,,
GGZ,Gabelli Global Small and Mid Cap Value Trust (The) Common Shares of Beneficial Interest,$12.29,-0.04,-0.324%,109036474.00,,2014,6339,Finance,Investment Managers
GHC,Graham Holdings Company Common Stock,$939.81,-21.24,-2.21%,4078759423.00,United States,,90190,Real Estate,Other Consumer Services
GHG,GreenTree Hospitality Group Ltd. American depositary shares each representing one Class A ordinary share,$2.55,-0.04,-1.544%,258935979.00,,2018,54956,Consumer Discretionary,Hotels/Resorts
GHI,Greystone Housing Impact Investors LP Beneficial Unit Certificates representing assignments of limited partnership interests,$12.95,0.06,0.465%,301611224.00,United States,2022,42044,Finance,Finance: Consumer Services
GHLD,Guild Holdings Company Class A Common Stock,$14.43,0.71,5.175%,893272498.00,United States,2020,19730,Finance,Finance: Consumer Services
GHM,Graham Corporation Common Stock,$30.87,-0.54,-1.719%,336573665.00,United States,1978,110020,Industrials,Industrial Machinery/Components
GHY,PGIM Global High Yield Fund Inc.,$13.35,0.19,1.444%,0.00,United States,2012,238200,Finance,Trusts Except Educational Religious and Charitable
GIB,CGI Inc. Common Stock,$98.74,0.01,0.01%,22510662357.00,Canada,,335121,Consumer Discretionary,Professional Services
GIC,Global Industrial Company Common Stock,$22.37,-0.29,-1.28%,857022730.00,United States,,161701,Industrials,Industrial Machinery/Components
GIL,Gildan Activewear Inc. Class A Sub. Vot. Common Stock,$45.17,-0.84,-1.826%,7345111136.00,Canada,2000,585949,Consumer Discretionary,Apparel
GIS,General Mills Inc. Common Stock,$58.64,0.33,0.566%,32111295314.00,United States,,48561162,Consumer Staples,Packaged Foods
GJH,Synthetic Fixed-Income Securities Inc 6.375% (STRATS) Cl A-1,$9.65,0.02,0.208%,0.00,United States,,10190,Finance,Finance: Consumer Services
GJT,Synthetic Fixed-Income Securities Inc. Floating Rate Structured Repackaged Asset-Backed Trust Securities Certificates Series 2006-3,$22.68,0.00,0.00%,0.00,United States,,20,Finance,Finance: Consumer Services
GKOS,Glaukos Corporation Common Stock,$102.26,1.63,1.62%,5784580892.00,United States,2015,1041067,Health Care,Medical/Dental Instruments
GL,Globe Life Inc. Common Stock,$126.83,-1.77,-1.376%,10634495616.00,United States,,1735132,Finance,Life Insurance
GL^D,Globe Life Inc. 4.25% Junior Subordinated Debentures due 2061,$16.59,-0.06,-0.36%,,United States,,5103,,
GLOB,Globant S.A. Common Shares,$130.68,1.52,1.177%,5755873519.00,United States,2014,1121132,Technology,EDP Services
GLOP^A,GasLog Partners LP 8.625% Series A Cumulative Redeemable Perpetual Fixed to Floating Rate Preference Units,$25.78,-0.11,-0.425%,,Greece,,100,,
GLOP^B,GasLog Partners LP 8.200% Series B Cumulative Redeemable Perpetual Fixed to Floating Rate Preference Units,$25.75,0.05,0.195%,,Greece,,4504,,
GLOP^C,GasLog Partners LP 8.500% Series C Cumulative Redeemable Perpetual Fixed to Floating Rate Preference Units,$25.63,0.01,0.039%,,Greece,,384,,
GLP,Global Partners LP Common Units representing Limited Partner Interests,$53.11,-1.37,-2.515%,1805504351.00,United States,2005,295655,Energy,Oil Refining/Marketing
GLP^B,Global Partners LP 9.50% Series B Fixed Rate Cumulative Redeemable Perpetual Preferred Units representing limited partner interests,$26.16,0.0011,0.004%,,United States,,9624,,
GLW,Corning Incorporated Common Stock,$48.53,-0.14,-0.288%,41569050969.00,United States,,10771373,Industrials,Telecommunications Equipment
GM,General Motors Company Common Stock,$49.80,0.36,0.728%,49551094172.00,United States,2010,37624933,Consumer Discretionary,Auto Manufacturing
GME,GameStop Corporation Common Stock,$24.75,1.24,5.274%,11058309034.00,United States,2002,6893871,Consumer Discretionary,Electronics Distribution
GMED,Globus Medical Inc. Class A Common Stock,$73.59,-0.32,-0.433%,10121689876.00,United States,2012,2667230,Health Care,Medical/Dental Instruments
GMRE,Global Medical REIT Inc. Common Stock,$8.37,-0.32,-3.682%,559712178.00,United States,2016,1035481,Real Estate,Real Estate Investment Trusts
GMRE^A,Global Medical REIT Inc. Series A Cumulative Redeemable Preferred Stock,$25.3251,0.0451,0.178%,,United States,,4945,,
GMS,GMS Inc. Common Stock,$72.54,-0.20,-0.275%,2784743718.00,United States,2016,1730263,Consumer Discretionary,RETAIL: Building Materials
GNE,Genie Energy Ltd. Class B Common Stock Stock,$14.81,0.02,0.135%,400014309.00,United States,2011,123139,Utilities,Power Generation
GNK,Genco Shipping & Trading Limited Ordinary Shares New (Marshall Islands),$13.64,-0.35,-2.502%,583217688.00,United States,,1173630,Consumer Discretionary,Marine Transportation
GNL,Global Net Lease Inc. Common Stock,$7.83,-0.11,-1.385%,1807034437.00,United States,2015,3270500,Real Estate,Real Estate Investment Trusts
GNL^A,Global Net Lease Inc. 7.25% Series A Cumulative Redeemable Preferred Stock $0.01 par value per share,$22.94,0.40,1.775%,,United States,,3392,,
GNL^B,Global Net Lease Inc. 6.875% Series B Cumulative Redeemable Perpetual Preferred Stock,$21.84,0.1077,0.496%,,United States,,1461,,
GNL^D,Global Net Lease Inc. 7.50% Series D Cumulative Redeemable Perpetual Preferred Stock,$23.0457,0.0857,0.373%,,United States,,7734,,
GNL^E,Global Net Lease Inc. 7.375% Series E Cumulative Redeemable Perpetual Preferred Stock,$22.72,-0.03,-0.132%,,United States,,2474,,
GNRC,Generac Holdlings Inc. Common Stock,$131.52,-1.84,-1.38%,7840436568.00,United States,2010,1064347,Consumer Discretionary,Metal Fabrications
GNT,GAMCO Natural Resources Gold & Income Trust,$5.90,-0.02,-0.338%,109005090.00,United States,2011,22997,Finance,Finance/Investors Services
GNT^A,GAMCO Natural Resources Gold & Income Tust  5.20% Series A Cumulative Preferred Shares (Liquidation Preference $25.00 per share),$21.5001,0.00,0.00%,,United States,,42,,
GNTY,Guaranty Bancshares Inc. Common Stock,$39.45,-0.74,-1.841%,449657964.00,United States,,77141,Finance,Major Banks
GNW,Genworth Financial Inc Common Stock,$6.93,-0.11,-1.563%,2902632926.00,United States,2004,10813350,Finance,Life Insurance
GOF,Guggenheim Strategic Opportunities Fund Common Shares of Beneficial Interest,$15.89,0.04,0.252%,0.00,United States,,609765,Finance,Finance/Investors Services
GOLD,Barrick Gold Corporation Common Stock (BC),$18.87,-0.41,-2.127%,33074097751.00,Canada,,25016602,Basic Materials,Precious Metals
GOLF,Acushnet Holdings Corp. Common Stock,$65.62,-0.66,-0.996%,3932538946.00,United States,2016,612084,Consumer Discretionary,Recreational Games/Products/Toys
GOOS,Canada Goose Holdings Inc. Subordinate Voting Shares,$8.28,-0.20,-2.358%,801552024.00,,2017,664187,Consumer Discretionary,Apparel
GOTU,Gaotu Techedu Inc. American Depositary Shares,$3.37,-0.23,-6.389%,870190175.00,China,2019,3006822,Real Estate,Other Consumer Services
GPC,Genuine Parts Company Common Stock,$118.78,-1.96,-1.623%,16484529523.00,United States,,3064763,Consumer Discretionary,Automotive Aftermarket
GPI,Group 1 Automotive Inc. Common Stock,$400.34,4.04,1.019%,5302229067.00,United States,1997,289318,Consumer Discretionary,Retail-Auto Dealers and Gas Stations
GPJA,Georgia Power Company Series 2017A 5.00% Junior Subordinated Notes due October 1 2077,$22.9774,-0.0468,-0.203%,212805190.00,United States,2017,3991,Utilities,Electric Utilities: Central
GPK,Graphic Packaging Holding Company,$25.29,-0.70,-2.693%,7592423820.00,United States,,3959055,Consumer Discretionary,Containers/Packaging
GPMT,Granite Point Mortgage Trust Inc. Common Stock,$2.85,0.02,0.707%,139224452.00,United States,2017,1015755,Real Estate,Real Estate Investment Trusts
GPMT^A,Granite Point Mortgage Trust Inc. 7.00% Series A Fixed-to-Floating Rate Cumulative Redeemable Preferred Stock,$17.2582,0.0282,0.164%,,United States,,6994,,
GPN,Global Payments Inc. Common Stock,$97.05,-0.33,-0.339%,24031150851.00,United States,,4603629,Consumer Discretionary,Business Services
GPOR,Gulfport Energy Corporation Common Shares,$183.59,-0.99,-0.536%,3285330566.00,United States,2021,345723,Energy,Oil & Gas Production
GPRK,Geopark Ltd Common Shares,$7.74,-0.08,-1.023%,428235005.00,Bermuda,2014,571307,Energy,Oil & Gas Production
GRBK,Green Brick Partners Inc. Common Stock,$57.49,-1.14,-1.944%,2558200943.00,United States,2021,848863,Consumer Discretionary,Homebuilding
GRBK^A,Green Brick Partners Inc. Depositary Shares (each representing a 1/1000th fractional interest in a share of 5.75% Series A Cumulative Perpetual Preferred Stock),$23.7054,-0.0516,-0.217%,,United States,,456,,
GRC,Gorman-Rupp Company (The) Common Stock,$35.19,-1.83,-4.943%,922947133.00,United States,1971,375494,Industrials,Fluid Controls
GRDN,Guardian Pharmacy Services Inc. Class A Common Stock,$21.35,-0.28,-1.294%,1351331853.00,,2024,171743,Consumer Staples,Retail-Drug Stores and Proprietary Stores
GRMN,Garmin Ltd. Common Stock (Switzerland),$210.19,1.48,0.709%,40441349467.00,Switzerland,2000,4656160,Industrials,Industrial Machinery/Components
GRND,Grindr Inc. Common Stock,$17.34,0.32,1.88%,3610992576.00,Singapore,2021,2198944,Technology,Computer Software: Programming Data Processing
GRNT,Granite Ridge Resources Inc. Common Stock,$5.98,-0.12,-1.967%,782259958.00,United States,2022,631875,Energy,Oil & Gas Production
GROV,Grove Collaborative Holdings Inc. Class A Common Stock,$1.55,-0.02,-1.274%,62236719.00,,2021,162454,Consumer Discretionary,Catalog/Specialty Distribution
GRX,The Gabelli Healthcare & Wellness Trust Common Shares of Beneficial Interest,$9.97,0.01,0.10%,170416941.00,United States,,47447,Finance,Finance/Investors Services
GS,Goldman Sachs Group Inc. (The) Common Stock,$565.14,2.46,0.437%,176345739110.00,United States,1999,3565589,Finance,Investment Bankers/Brokers/Service
GS^A,Goldman Sachs Group Inc. (The) Depositary Shares each representing 1/1000th Interest in a Share of Floating Rate Non-Cumulative Preferred Stock Series A,$23.38,0.03,0.128%,,United States,,15016,,
GS^C,Goldman Sachs Group Inc. (The) Depositary Share repstg 1/1000th Preferred Series C,$23.85,0.14,0.59%,,United States,,13865,,
GS^D,Goldman Sachs Group Inc. (The) Dep Shs repstg 1/1000 Pfd Ser D Fltg,$22.80,0.05,0.22%,,United States,,35943,,
GSBD,Goldman Sachs BDC Inc. Common Stock,$12.26,-0.01,-0.081%,1438063942.00,United States,2015,774388,Finance,Investment Managers
GSK,GSK plc American Depositary Shares (Each representing two Ordinary Shares),$39.24,-0.17,-0.431%,81343450357.00,United Kingdom,2022,4021638,Health Care,Biotechnology: Pharmaceutical Preparations
GSL,Global Ship Lease Inc New Class A Common Shares,$23.32,-0.56,-2.345%,833366388.00,United Kingdom,,490214,Consumer Discretionary,Marine Transportation
GSL^B,Global Ship Lease Inc. Depository Shares Representing 1/100th Perpetual Preferred Series B% (Marshall Island),$26.32,-0.28,-1.053%,,United Kingdom,,4575,,
GTES,Gates Industrial Corporation plc Ordinary Shares,$19.36,-0.30,-1.526%,4944805612.00,United Kingdom,2018,4046293,Industrials,Industrial Machinery/Components
GTLS,Chart Industries Inc. Common Stock,$155.18,-0.16,-0.103%,7089953844.00,United States,2006,1060407,Industrials,Metal Fabrications
GTLS^B,Chart Industries Inc. Depositary Shares each Representing a 1/20th Interest in a Share of 6.75% Series B Mandatory Convertible Preferred Stock,$58.71,-0.28,-0.475%,,United States,,2337,,
GTN,Gray Media Inc. Common Stock,$4.97,-0.22,-4.239%,504668760.00,United States,,5312491,Industrials,Broadcasting
GTY,Getty Realty Corporation Common Stock,$30.53,-0.02,-0.065%,1679995589.00,United States,,761294,Finance,Real Estate
GUG,Guggenheim Active Allocation Fund Common Shares of Beneficial Interest,$15.145,0.005,0.033%,0.00,United States,2021,30833,Finance,Trusts Except Educational Religious and Charitable
GUT,Gabelli Utility Trust (The) Common Stock,$5.29,0.012,0.227%,388280863.00,United States,,246035,Finance,Trusts Except Educational Religious and Charitable
GUT^C,Gabelli Utility Trust (The) 5.375% Series C Cumulative Preferred Shares,$23.8978,-0.4501,-1.849%,,United States,,1149,,
GVA,Granite Construction Incorporated Common Stock,$76.20,-0.05,-0.066%,3309715225.00,United States,,1500520,Industrials,Military/Government/Technical
GWH,ESS Tech Inc. Common Stock,$3.40,0.08,2.41%,40401761.00,United States,,36325,Miscellaneous,Industrial Machinery/Components
GWRE,Guidewire Software Inc. Common Stock,$191.54,-1.92,-0.992%,16066511576.00,United States,2012,1448282,Technology,Computer Software: Prepackaged Software
GWW,W.W. Grainger Inc. Common Stock,$973.09,-0.57,-0.059%,46919196388.00,United States,,384960,Industrials,Office Equipment/Supplies/Services
GXO,GXO Logistics Inc. Common Stock ,$40.37,-0.32,-0.786%,4824943073.00,United States,2021,1929402,Consumer Discretionary,Transportation Services
H,Hyatt Hotels Corporation Class A Common Stock,$121.59,-2.33,-1.88%,11691808785.00,United States,2009,1518030,Consumer Discretionary,Hotels/Resorts
HAE,Haemonetics Corporation Common Stock,$64.00,-0.24,-0.374%,3215197824.00,United States,1991,887929,Health Care,Medical/Dental Instruments
HAFN,Hafnia Limited Common Shares,$4.41,-0.11,-2.434%,2250210204.00,,2024,1380722,Consumer Discretionary,Transportation Services
HAL,Halliburton Company Common Stock,$24.74,-0.25,-1.00%,21476586753.00,United States,,56967314,Energy,Oilfield Services/Equipment
HASI,HA Sustainable Infrastructure Capital Inc. Common Stock,$29.30,-0.39,-1.314%,3494865734.00,United States,2013,2272659,Real Estate,Real Estate Investment Trusts
HAYW,Hayward Holdings Inc. Common Stock,$13.99,-0.24,-1.687%,3020528451.00,United States,2021,1816659,Industrials,Industrial Machinery/Components
HBB,Hamilton Beach Brands Holding Company Class A Common Stock ,$19.69,0.03,0.153%,266112477.00,United States,2017,58449,Consumer Discretionary,Home Furnishings
HBI,Hanesbrands Inc. Common Stock,$6.04,0.03,0.499%,2132777708.00,United States,,38116724,Consumer Discretionary,Clothing/Shoe/Accessory Stores
HBM,Hudbay Minerals Inc. Ordinary Shares (Canada),$8.15,-0.17,-2.043%,3210560560.00,Canada,,7593128,Basic Materials,Metal Mining
HCA,HCA Healthcare Inc. Common Stock,$328.79,-4.73,-1.418%,81652333301.00,United States,2011,3392441,Health Care,Hospital/Nursing Management
HCC,Warrior Met Coal Inc. Common Stock,$46.65,-0.45,-0.955%,2451002476.00,United States,2017,3096510,Energy,Coal Mining
HCI,HCI Group Inc. Common Stock,$136.57,-0.50,-0.365%,1470412862.00,United States,,176503,Finance,Property-Casualty Insurers
HCXY,Hercules Capital Inc. 6.25% Notes due 2033,$25.00,-0.17,-0.675%,4328866450.00,United States,2018,2941,Finance,Investment Managers
HD,Home Depot Inc. (The) Common Stock,$351.15,-4.37,-1.229%,348819281204.00,United States,,8205413,Consumer Discretionary,RETAIL: Building Materials
HDB,HDFC Bank Limited Common Stock,$64.52,0.80,1.255%,163384225304.00,India,2001,3564417,Finance,Commercial Banks
HE,Hawaiian Electric Industries Inc. Common Stock,$10.95,-0.13,-1.173%,1888498408.00,United States,,3593884,Utilities,Electric Utilities: Central
HEI,Heico Corporation Common Stock,$261.50,0.03,0.011%,36334704829.00,United States,2000,543360,Industrials,Aerospace
HEI/A,Heico Corporation,$207.28,-0.94,-0.451%,,United States,,316880,,
HEQ,John Hancock Diversified Income Fund Common Shares of Beneficial Interest,$10.30,-0.06,-0.579%,0.00,United States,2011,22204,Finance,Investment Managers
HES,Hess Corporation Common Stock,$156.58,-0.79,-0.502%,48272308123.00,United States,,2696276,Energy,Integrated oil Companies
HESM,Hess Midstream LP Class A Representing Limited Partner Interests,$42.75,-0.77,-1.769%,4990502475.00,United States,2017,6389916,Energy,Oil & Gas Production
HFRO,Highland Opportunities and Income Fund Common Shares of Beneficial Interest,$5.28,0.02,0.38%,0.00,United States,2017,372496,Finance,Finance/Investors Services
HFRO^A,Highland Opportunities and Income Fund 5.375% Series A Cumulative Preferred Shares,$16.59,-0.10,-0.599%,,United States,,34663,,
HFRO^B,Highland Opportunities and Income Fund 5.375% Series B Cumulative Preferred Shares,$16.0981,-0.0219,-0.136%,,United States,,58904,,
HG,Hamilton Insurance Group Ltd. Class B Common Shares,$20.74,-0.43,-2.031%,1340223757.00,Bermuda,2023,895368,,
HGLB,Highland Global Allocation Fund Common Stock,$8.25,0.06,0.733%,0.00,,2019,77946,Finance,Trusts Except Educational Religious and Charitable
HGTY,Hagerty Inc. Class A Common Stock,$9.11,-0.07,-0.763%,3107189324.00,United States,2021,108722,Finance,Specialty Insurers
HGV,Hilton Grand Vacations Inc. Common Stock ,$37.63,-0.10,-0.265%,3585417708.00,United States,2016,1277444,Consumer Discretionary,Hotels/Resorts
HHH,Howard Hughes Holdings Inc. Common Stock,$74.99,-0.65,-0.859%,3779878524.00,United States,,362980,Real Estate,Real Estate Investment Trusts
HI,Hillenbrand Inc Common Stock,$25.77,-0.45,-1.716%,1814732600.00,United States,,1209159,Consumer Discretionary,Miscellaneous manufacturing industries
HIG,The Hartford Insurance Group Inc. Common Stock,$119.25,-0.42,-0.351%,34032397961.00,United States,,3803095,Finance,Property-Casualty Insurers
HIG^G,The Hartford Insurance Group Inc. Depositary Shares each representing a 1/1000th interest in a share of 6.000% Non-Cumulative Preferred Stock Series G,$25.06,0.00,0.00%,,United States,,7989,,
HII,Huntington Ingalls Industries Inc. Common Stock,$201.47,-0.24,-0.119%,7883553940.00,United States,,1446305,Industrials,Marine Transportation
HIMS,Hims & Hers Health Inc. Class A Common Stock,$34.75,1.88,5.72%,7720253627.00,United States,2019,49693260,Health Care,Medical/Nursing Services
HIO,Western Asset High Income Opportunity Fund Inc. Common Stock,$4.07,0.02,0.494%,0.00,United States,,638449,Finance,Finance/Investors Services
HIPO,Hippo Holdings Inc. Common Stock,$26.45,0.17,0.647%,663411256.00,United States,2021,247925,Finance,Property-Casualty Insurers
HIW,Highwoods Properties Inc. Common Stock,$28.79,-0.11,-0.381%,3098488540.00,United States,1994,1788900,Real Estate,Real Estate Investment Trusts
HIX,Western Asset High Income Fund II Inc. Common Stock,$4.26,0.00,0.00%,0.00,United States,1998,406973,Finance,Finance/Investors Services
HKD,AMTD Digital Inc. American Depositary Shares (every five of which represent two Class A Ordinary Shares),$2.35,0.09,3.982%,296485332.00,,2022,179893,Finance,Finance: Consumer Services
HL,Hecla Mining Company Common Stock,$5.76,-0.09,-1.538%,3639347349.00,United States,,22088246,Industrials,Mining & Quarrying of Nonmetallic Minerals (No Fuels)
HL^B,Hecla Mining Company Preferred Stock,$51.25,0.00,0.00%,,United States,,44,,
HLF,Herbalife Ltd. Common Shares,$8.43,0.44,5.507%,853091022.00,Cayman Islands,2004,3714731,Health Care,Other Pharmaceuticals
HLI,Houlihan Lokey Inc. Class A Common Stock,$162.64,0.37,0.228%,11408355964.00,United States,2015,718541,Finance,Investment Managers
HLIO,Helios Technologies Inc. Common Stock,$33.64,-0.76,-2.209%,1120079357.00,United States,2021,352224,Industrials,Metal Fabrications
HLLY,Holley Inc. Common Stock,$2.53,0.03,1.20%,303496108.00,United States,2020,632233,Consumer Discretionary,Auto Parts:O.E.M.
HLN,Haleon plc American Depositary Shares (Each representing two Ordinary Shares),$10.28,-0.11,-1.059%,46948180198.00,United Kingdom,2022,9109232,Consumer Discretionary,Package Goods/Cosmetics
HLT,Hilton Worldwide Holdings Inc. Common Stock ,$229.33,-2.58,-1.113%,55175999702.00,United States,2016,4380655,Consumer Discretionary,Hotels/Resorts
HLX,Helix Energy Solutions Group Inc. Common Stock,$8.61,-0.03,-0.347%,1299563058.00,United States,,11256492,Energy,Oilfield Services/Equipment
HMC,Honda Motor Company Ltd. Common Stock,$30.03,-0.12,-0.398%,47957476517.00,Japan,,1089195,Consumer Discretionary,Auto Manufacturing
HMN,Horace Mann Educators Corporation Common Stock,$41.23,-0.11,-0.266%,1685151777.00,United States,1991,586717,Finance,Property-Casualty Insurers
HMY,Harmony Gold Mining Company Limited,$12.73,-0.12,-0.934%,8053436077.00,South Africa,,12644824,Basic Materials,Precious Metals
HNI,HNI Corporation Common Stock,$43.36,-0.38,-0.869%,2038582844.00,United States,,2404720,Consumer Discretionary,Office Equipment/Supplies/Services
HOG,Harley-Davidson Inc. Common Stock,$24.71,-0.53,-2.10%,3077305564.00,United States,,10135354,Consumer Discretionary,Motor Vehicles
HOMB,Home BancShares Inc. Common Stock,$28.00,-0.11,-0.391%,5559419292.00,United States,2006,4684799,Finance,Major Banks
HOUS,Anywhere Real Estate Inc. Common Stock,$3.65,-0.24,-6.17%,406105661.00,United States,2012,4368880,Finance,Real Estate
HOV,Hovnanian Enterprises Inc. Class A Common Stock,$106.72,-4.53,-4.072%,632278755.00,United States,1983,175858,Consumer Discretionary,Homebuilding
HP,Helmerich & Payne Inc. Common Stock,$24.80,-0.53,-2.092%,2464589478.00,United States,,2764180,Energy,Oil & Gas Production
HPE,Hewlett Packard Enterprise Company Common Stock,$16.05,-0.18,-1.109%,21082930816.00,United States,2015,47407446,Technology,Retail: Computer Software & Peripheral Equipment
HPE^C,Hewlett Packard Enterprise Company 7.625% Series C Mandatory Convertible Preferred Stock,$49.31,-0.09,-0.182%,,United States,,60499,,
HPF,John Hancock Pfd Income Fund II Pfd Income Fund II,$16.68,-0.07,-0.418%,0.00,United States,2002,38045,Finance,Finance Companies
HPI,John Hancock Preferred Income Fund Common Shares of Beneficial Interest,$16.79,-0.17,-1.002%,0.00,United States,2002,53426,Finance,Trusts Except Educational Religious and Charitable
HPP,Hudson Pacific Properties Inc. Common Stock,$2.92,-0.08,-2.667%,412752030.00,United States,2010,5335473,Finance,Real Estate
HPP^C,Hudson Pacific Properties Inc. 4.750% Series C Cumulative Redeemable Preferred Stock,$13.65,-0.09,-0.655%,,United States,,25572,,
HPQ,HP Inc. Common Stock,$28.68,0.17,0.596%,27036722872.00,United States,,23907656,Technology,Computer Manufacturing
HPS,John Hancock Preferred Income Fund III Preferred Income Fund III,$15.14,0.03,0.199%,0.00,United States,2003,25398,Finance,Investment Managers
HQH,abrdn Healthcare Investors Shares of Beneficial Interest,$16.72,0.09,0.541%,791587099.00,United States,1987,96246,Finance,Finance Companies
HQL,abrdn Life Sciences Investors Shares of Beneficial Interest,$13.14,0.12,0.922%,337430417.00,United States,1992,58416,Finance,Investment Managers
HR,Healthcare Realty Trust Incorporated Common Stock,$16.61,-0.13,-0.777%,5827126944.00,United States,,2894477,Real Estate,Real Estate Investment Trusts
HRB,H&R Block Inc. Common Stock,$52.49,0.09,0.172%,7025747762.00,United States,,11809720,Consumer Discretionary,Other Consumer Services
HRI,Herc Holdings Inc. Common Stock ,$135.61,0.57,0.422%,3858845744.00,United States,2016,751864,Industrials,Misc Corporate Leasing Services
HRL,Hormel Foods Corporation Common Stock,$29.98,0.30,1.011%,16486376780.00,United States,,9492839,Consumer Staples,Meat/Poultry/Fish
HRTG,Heritage Insurance Holdings Inc. Common Stock,$13.57,-0.21,-1.524%,581334905.00,United States,2014,284496,Finance,Property-Casualty Insurers
HSBC,HSBC Holdings plc. Common Stock,$57.83,0.22,0.382%,206289489851.00,United Kingdom,,2156625,Finance,Savings Institutions
HSHP,Himalaya Shipping Ltd. Common Shares,$5.94,-0.08,-1.329%,260766000.00,,2023,323634,Consumer Discretionary,Marine Transportation
HSY,The Hershey Company Common Stock,$167.18,2.71,1.648%,33839009959.00,United States,,3047098,Consumer Staples,Specialty Foods
HTB,HomeTrust Bancshares Inc. Common Stock,$34.02,-0.02,-0.059%,597661965.00,United States,,120172,Finance,Savings Institutions
HTD,John Hancock Tax Advantaged Dividend Income Fund Common Shares of Beneficial Interest,$23.31,0.00,0.00%,0.00,United States,2004,40580,Finance,Finance Companies
HTFC,Horizon Technology Finance Corporation 6.25% Notes due 2027,$24.3513,-0.0487,-0.20%,981722854.00,United States,2022,1651,Finance,Finance: Consumer Services
HTGC,Hercules Capital Inc. Common Stock,$19.24,0.11,0.575%,3331495620.00,United States,2012,1158854,Finance,Investment Managers
HTH,Hilltop Holdings Inc.,$30.52,0.02,0.066%,1979657673.00,United States,,710933,Finance,Major Banks
HUBB,Hubbell Inc Common Stock,$338.36,-0.82,-0.242%,18158994175.00,United States,2015,813564,Technology,Electrical Products
HUBS,HubSpot Inc. Common Stock,$606.27,8.05,1.346%,31618845993.00,United States,2014,645043,Technology,Computer Software: Prepackaged Software
HUM,Humana Inc. Common Stock,$266.17,-0.66,-0.247%,32112009647.00,United States,,1963626,Health Care,Medical Specialities
HUN,Huntsman Corporation Common Stock,$16.27,-0.07,-0.428%,2814447126.00,United States,2005,4131993,Industrials,Major Chemicals
HUYA,HUYA Inc. American depositary shares each  representing one Class A ordinary share,$3.21,0.00,0.00%,748197614.00,United States,2018,5265980,Technology,Computer Software: Programming Data Processing
HVT,Haverty Furniture Companies Inc. Common Stock,$20.86,-0.42,-1.974%,337797119.00,United States,,230727,Consumer Discretionary,Other Specialty Stores
HVT/A,Haverty Furniture Companies Inc.,$23.00,1.38,6.383%,,United States,,2836,,
HWM,Howmet Aerospace Inc. Common Stock,$130.85,-0.82,-0.623%,52997196611.00,United States,,3841503,Industrials,Metal Fabrications
HXL,Hexcel Corporation Common Stock,$55.76,-1.06,-1.866%,4523899800.00,United States,,2410280,Industrials,Major Chemicals
HY,Hyster-Yale Inc. Class A common stock,$44.56,-1.73,-3.737%,788591955.00,United States,,197952,Industrials,Construction/Ag Equipment/Trucks
HYAC,Haymaker Acquisition Corp. 4 Class A Ordinary Shares,$10.91,0.00,0.00%,0.00,,2023,320,,
HYI,Western Asset High Yield Defined Opportunity Fund Inc. Common Stock,$11.97,0.07,0.588%,0.00,,2010,94464,Finance,Investment Managers
HYT,Blackrock Corporate High Yield Fund Inc. Common Stock,$9.60,0.00,0.00%,0.00,United States,2003,530302,Finance,Finance Companies
HZO,MarineMax Inc.  (FL) Common Stock,$22.99,-0.46,-1.962%,522041310.00,United States,1998,383869,Consumer Discretionary,Auto & Home Supply Stores
IAE,Voya Asia Pacific High Dividend Equity Income Fund ING Asia Pacific High Dividend Equity Income Fund Common Shares of Beneficial Interest,$6.20,-0.02,-0.322%,0.00,United States,2007,12314,Finance,Trusts Except Educational Religious and Charitable
IAG,Iamgold Corporation Ordinary Shares,$6.04,-0.16,-2.581%,3444612000.00,Canada,,8807220,Basic Materials,Precious Metals
IBM,International Business Machines Corporation Common Stock,$243.87,0.55,0.226%,226131952645.00,United States,,9580084,Technology,Computer Manufacturing
IBN,ICICI Bank Limited Common Stock,$31.28,0.64,2.089%,110045986513.00,India,,6305679,Finance,Commercial Banks
IBP,Installed Building Products Inc. Common Stock,$172.24,-2.65,-1.515%,4781125590.00,United States,2014,1131224,Consumer Discretionary,Homebuilding
IBTA,Ibotta Inc. Class A Common Stock,$39.01,-0.55,-1.39%,1210183356.00,United States,2024,977324,Consumer Discretionary,Advertising
ICE,Intercontinental Exchange Inc. Common Stock,$174.39,-1.20,-0.683%,100198365587.00,United States,2005,4717158,Finance,Investment Bankers/Brokers/Service
ICL,ICL Group Ltd. Ordinary Shares,$5.89,-0.08,-1.34%,7600704741.00,Israel,2014,556933,Industrials,Agricultural Chemicals
ICR^A,InPoint Commercial Real Estate Income Inc. 6.75% Series A Cumulative Redeemable Preferred Stock,$19.7765,0.5765,3.003%,,,,1775,,
IDA,IDACORP Inc. Common Stock,$114.24,-1.98,-1.704%,6166333851.00,United States,,587376,Utilities,Electric Utilities: Central
IDE,Voya Infrastructure Industrials and Materials Fund Common Shares of Beneficial Interest,$10.49,0.00,0.00%,0.00,United States,2010,24492,Finance,Finance/Investors Services
IDT,IDT Corporation Class B Common Stock,$50.52,-0.43,-0.844%,1273901862.00,United States,,174289,Telecommunications,Telecommunications Equipment
IEX,IDEX Corporation Common Stock,$181.91,-1.82,-0.991%,13785875990.00,United States,1989,1170552,Industrials,Fluid Controls
IFF,International Flavors & Fragrances Inc. Common Stock,$77.84,-1.90,-2.383%,19904784221.00,United States,,3934247,Industrials,Major Chemicals
IFN,India Fund Inc. (The) Common Stock,$15.88,0.115,0.729%,0.00,United States,,133796,Finance,Finance/Investors Services
IFS,Intercorp Financial Services Inc. Common Shares,$34.09,-0.11,-0.322%,3902623541.00,,2019,198119,Finance,Commercial Banks
IGA,Voya Global Advantage and Premium Opportunity Fund Common Shares of Beneficial Interest,$9.72,-0.057,-0.583%,0.00,United States,2005,30859,Finance,Investment Managers
IGD,Voya Global Equity Dividend and Premium Opportunity Fund,$5.66,-0.01,-0.176%,0.00,United States,2005,106891,Finance,Trusts Except Educational Religious and Charitable
IGI,Western Asset Investment Grade Opportunity Trust Inc. Common Stock,$16.57,-0.06,-0.361%,0.00,United States,2009,10946,Finance,Investment Managers
IGR,CBRE Global Real Estate Income Fund Common Shares of Beneficial Interest,$5.17,-0.03,-0.577%,0.00,United States,2004,296365,Finance,Finance Companies
IGT,International Game Technology Ordinary Shares,$17.05,-0.08,-0.467%,3444639377.00,United States,2015,2141065,Consumer Discretionary,Services-Misc. Amusement & Recreation
IH,iHuman Inc. American depositary shares each representing five Class A ordinary shares,$2.72,-0.01,-0.366%,143455403.00,United States,2020,22846,Real Estate,Other Consumer Services
IHD,Voya Emerging Markets High Income Dividend Equity Fund Common Shares,$5.29,-0.03,-0.564%,0.00,United States,2011,54686,Finance,Investment Managers
IHG,Intercontinental Hotels Group American Depositary Shares (Each representing one Ordinary Share),$109.67,-3.01,-2.671%,17379412796.00,United Kingdom,,244082,Consumer Discretionary,Hotels/Resorts
IHS,IHS Holding Limited Ordinary Shares,$5.25,0.55,11.702%,1750564919.00,Cayman Islands,2021,2521141,Telecommunications,Telecommunications Equipment
IIF,Morgan Stanley India Investment Fund Inc. Common Stock,$24.28,0.08,0.331%,0.00,United States,1994,33922,Finance,Trusts Except Educational Religious and Charitable
IIIN,Insteel Industries Inc. Common Stock,$27.28,-0.23,-0.836%,530067641.00,United States,,604562,Industrials,Steel/Iron Ore
IIM,Invesco Value Municipal Income Trust Common Stock,$12.06,0.01,0.083%,567645374.00,United States,,81812,Finance,Investment Managers
IIPR,Innovative Industrial Properties Inc. Common Stock,$63.61,0.23,0.363%,1802187897.00,United States,2016,1322878,Finance,Real Estate
IIPR^A,Innovative Industrial Properties Inc. 9.00% Series A Cumulative Redeemable Preferred Stock,$25.00,0.01,0.04%,,United States,,15528,,
IMAX,Imax Corporation Common Stock,$26.75,0.26,0.982%,1418394434.00,Canada,,1073427,Consumer Discretionary,Industrial Machinery/Components
INFA,Informatica Inc. Class A Common Stock,$18.13,0.13,0.722%,5486120704.00,United States,2021,2190158,Technology,Computer Software: Prepackaged Software
INFY,Infosys Limited American Depositary Shares,$18.32,0.26,1.44%,76062721804.00,India,,18677618,Technology,EDP Services
ING,ING Group N.V. Common Stock,$19.87,-0.11,-0.551%,62538662608.00,Netherlands,1997,3765587,Finance,Commercial Banks
INGM,Ingram Micro Holding Corporation Common Stock,$19.31,-0.12,-0.618%,4534481969.00,United States,2024,862543,Technology,Retail: Computer Software & Peripheral Equipment
INGR,Ingredion Incorporated Common Stock,$130.33,-1.43,-1.085%,8365351866.00,United States,,3525877,Consumer Staples,Packaged Foods
INN,Summit Hotel Properties Inc. Common Stock,$5.56,-0.11,-1.94%,610385290.00,United States,2011,2135076,Real Estate,Real Estate Investment Trusts
INN^E,Summit Hotel Properties Inc. 6.250% Series E Cumulative Redeemable Preferred Stock,$20.19,0.105,0.523%,,United States,,1100,,
INN^F,Summit Hotel Properties Inc. 5.875% Series F Cumulative Redeemable Preferred Stock $0.01 par value per share,$19.5726,0.755,4.012%,,United States,,2829,,
INR,Infinity Natural Resources Inc. Class A Common Stock,$17.55,-0.09,-0.51%,1033500002.00,,2025,3080896,Energy,Oil & Gas Production
INSP,Inspire Medical Systems Inc. Common Stock,$164.92,2.17,1.333%,4893078602.00,United States,2018,571750,Health Care,Medical/Dental Instruments
INSW,International Seaways Inc. Common Stock ,$33.80,-1.47,-4.168%,1662772680.00,United States,2016,2272259,Consumer Discretionary,Marine Transportation
INVH,Invitation Homes Inc. Common Stock,$33.87,-0.17,-0.499%,20751796481.00,United States,2017,5621931,Finance,Real Estate
INVX,Innovex International Inc. Common Stock,$17.90,-0.42,-2.293%,1239772527.00,United States,,1017330,Industrials,Metal Fabrications
IONQ,IonQ Inc. Common Stock,$22.26,1.12,5.298%,4960466905.00,United States,2021,21965919,Technology,EDP Services
IOT,Samsara Inc. Class A Common Stock,$40.16,0.67,1.697%,22537726338.00,United States,2021,7499999,Technology,EDP Services
IP,International Paper Company Common Stock,$51.39,-0.90,-1.721%,27037595303.00,United States,,14551521,Basic Materials,Paper
IPG,Interpublic Group of Companies Inc. (The) Common Stock,$26.51,0.04,0.151%,9878929232.00,United States,,42353556,Consumer Discretionary,Advertising
IPI,Intrepid Potash Inc Common Stock,$28.99,-0.01,-0.034%,383429886.00,United States,2008,174435,Industrials,Mining & Quarrying of Nonmetallic Minerals (No Fuels)
IQI,Invesco Quality Municipal Income Trust Common Stock,$9.82,0.12,1.237%,519318887.00,United States,,132560,Finance,Finance Companies
IQV,IQVIA Holdings Inc. Common Stock,$185.89,1.63,0.885%,32735229000.00,United States,2013,3242789,Health Care,Biotechnology: Commercial Physical & Biological Resarch
IR,Ingersoll Rand Inc. Common Stock,$80.96,-0.71,-0.869%,32633619758.00,United States,2017,2946286,Industrials,Industrial Machinery/Components
IRM,Iron Mountain Incorporated (Delaware)Common Stock REIT,$87.54,-0.89,-1.006%,25714078824.00,United States,,3119318,Real Estate,Real Estate Investment Trusts
IRS,IRSA Inversiones Y Representaciones S.A. Global Depositary Shares (Each representing ten shares of Common Stock),$13.75,0.37,2.765%,1063962474.00,Argentina,,90033,Real Estate,Homebuilding
IRT,Independence Realty Trust Inc. Common Stock,$20.73,-0.13,-0.623%,4786849645.00,United States,2013,3440580,Real Estate,Real Estate Investment Trusts
ISD,PGIM High Yield Bond Fund Inc.,$14.37,0.07,0.49%,0.00,United States,2012,81298,Finance,Trusts Except Educational Religious and Charitable
IT,Gartner Inc. Common Stock,$430.38,11.61,2.772%,33061013043.00,United States,1993,1798672,Consumer Discretionary,Other Consumer Services
ITGR,Integer Holdings Corporation Common Stock,$115.16,-1.13,-0.972%,3871374487.00,United States,,1042329,Health Care,Biotechnology: Electromedical & Electrotherapeutic Apparatus
ITT,ITT Inc. Common Stock ,$135.05,-0.07,-0.052%,10993070000.00,United States,2011,1220039,Industrials,Fluid Controls
ITUB,Itau Unibanco Banco Holding SA American Depositary Shares (Each repstg 500 Preferred shares),$5.66,0.00,0.00%,61040540571.00,Brazil,,16979773,Finance,Major Banks
ITW,Illinois Tool Works Inc. Common Stock,$251.34,-2.02,-0.797%,73768290000.00,United States,,1566101,Industrials,Industrial Machinery/Components
IVR,INVESCO MORTGAGE CAPITAL INC Common Stock,$8.68,-0.06,-0.686%,535813735.00,United States,2009,2396764,Real Estate,Real Estate Investment Trusts
IVR^C,INVESCO MORTGAGE CAPITAL INC 7.5% Fixed-to-Floating Series C Cumulative Redeemable Preferred Stock Liquation Preference $25.00 per Share,$23.89,0.02,0.084%,,United States,,5465,,
IVT,InvenTrust Properties Corp. Common Stock,$28.57,-0.40,-1.381%,2213040085.00,United States,2021,738515,Real Estate,Real Estate Investment Trusts
IVZ,Invesco Ltd Common Stock,$15.32,-0.20,-1.289%,6857259561.00,United States,,9858562,Finance,Investment Managers
IX,ORIX Corporation American Depositary Shares,$21.66,0.01,0.046%,24609396497.00,Japan,,162144,Finance,Diversified Financial Services
J,Jacobs Solutions Inc. Common Stock,$121.25,-0.64,-0.525%,14858420230.00,United States,2022,2533751,Industrials,Military/Government/Technical
JACS,Jackson Acquisition Company II Class A Ordinary Shares,$10.04,-0.01,-0.10%,0.00,,2025,330,,
JBGS,JBG SMITH Properties Common Shares ,$15.43,-0.40,-2.527%,1272265837.00,United States,2017,2026975,Real Estate,Real Estate Investment Trusts
JBI,Janus International Group Inc. Common Stock,$7.94,-0.13,-1.611%,1114067220.00,United States,2021,3635101,Industrials,Building Products
JBK,Lehman ABS 3.50 3.50% Adjustable Corp Backed Tr Certs GS Cap I,$26.29,0.00,0.00%,0.00,United States,,1,Finance,Finance: Consumer Services
JBL,Jabil Inc. Common Stock,$145.22,1.39,0.966%,15854905401.00,United States,1993,3300568,Technology,Electrical Products
JBTM,JBT Marel Corporation Common Stock,$124.13,-1.46,-1.163%,6439900894.00,United States,,922712,Industrials,Industrial Machinery/Components
JCE,Nuveen Core Equity Alpha Fund Common Shares of Beneficial Interest,$14.51,0.05,0.346%,0.00,United States,2007,13725,Finance,Trusts Except Educational Religious and Charitable
JCI,Johnson Controls International plc Ordinary Share,$82.73,-0.42,-0.505%,54650954940.00,Switzerland,,6990736,Industrials,Industrial Machinery/Components
JEF,Jefferies Financial Group Inc. Common Stock,$59.37,0.19,0.321%,12235842280.00,United States,,1907528,Finance,Investment Bankers/Brokers/Service
JELD,JELD-WEN Holding Inc. Common Stock,$5.95,-0.23,-3.722%,504857345.00,United States,2017,2297989,Basic Materials,Forest Products
JEQ,abrdn Japan Equity Fund Inc. Common Stock,$6.735,-0.005,-0.074%,91595933.00,United States,1992,78802,Consumer Discretionary,Air Freight/Delivery Services
JFR,Nuveen Floating Rate Income Fund Common Stock,$8.42,-0.01,-0.119%,0.00,United States,2004,519214,Finance,Trusts Except Educational Religious and Charitable
JGH,Nuveen Global High Income Fund Common Shares of Beneficial Interest,$12.95,0.06,0.465%,0.00,United States,2014,32683,Finance,Investment Managers
JHG,Janus Henderson Group plc Ordinary Shares,$37.37,-0.21,-0.559%,5887935434.00,United Kingdom,2017,2456437,Finance,Investment Managers
JHI,John Hancock Investors Trust Common Stock,$13.58,0.04,0.295%,118750948.00,United States,,12572,Finance,Trusts Except Educational Religious and Charitable
JHS,John Hancock Income Securities Trust Common Stock,$11.29,0.05,0.445%,131489945.00,United States,,5088,Finance,Finance Companies
JHX,James Hardie Industries plc American Depositary Shares (Ireland),$29.28,0.45,1.561%,12701214084.00,Ireland,,139200,Industrials,Building Materials
JILL,J. Jill Inc. Common Stock,$18.00,-0.03,-0.166%,276126804.00,United States,2017,222956,Consumer Discretionary,Apparel
JKS,JinkoSolar Holding Company Limited American Depositary Shares (each representing 4 Common Shares),$22.57,-0.62,-2.674%,1241364738.00,China,2010,1099998,Technology,Semiconductors
JLL,Jones Lang LaSalle Incorporated Common Stock,$250.25,-3.07,-1.212%,11859800953.00,United States,,446490,Finance,Real Estate
JLS,Nuveen Mortgage and Income Fund,$18.745,0.065,0.348%,0.00,United States,2009,23784,Finance,Investment Managers
JMIA,Jumia Technologies AG American Depositary Shares each representing two Ordinary Shares,$2.47,0.04,1.646%,302483178.00,,2019,1266094,Consumer Discretionary,Catalog/Specialty Distribution
JMM,Nuveen Multi-Market Income Fund (MA),$6.24,0.075,1.217%,0.00,United States,,5415,Finance,Trusts Except Educational Religious and Charitable
JNJ,Johnson & Johnson Common Stock,$163.63,0.61,0.374%,393958319476.00,United States,,17047106,Health Care,Biotechnology: Pharmaceutical Preparations
JNPR,Juniper Networks Inc. Common Stock,$36.05,-0.11,-0.304%,12011490956.00,United States,1999,6074254,Telecommunications,Computer Communications Equipment
JOBY,Joby Aviation Inc. Common Stock,$6.64,0.31,4.897%,5231104382.00,United States,2020,17615348,Industrials,Aerospace
JOE,St. Joe Company (The) Common Stock,$45.96,-0.83,-1.774%,2680686905.00,United States,,537069,Real Estate,Homebuilding
JOF,Japan Smaller Capitalization Fund Inc Common Stock,$8.43,0.03,0.357%,0.00,United States,1990,181287,Finance,Trusts Except Educational Religious and Charitable
JPC,Nuveen Preferred & Income Opportunities Fund,$7.97,0.01,0.126%,0.00,United States,2003,800575,Finance,Investment Managers
JPI,Nuveen Preferred Securities & Income Opportunities Fund Common Shares,$19.69,-0.01,-0.051%,448388930.00,,2012,30265,Finance,Finance Companies
JPM,JP Morgan Chase & Co. Common Stock,$241.63,2.62,1.096%,675623116701.00,United States,,19326865,Finance,Major Banks
JPM^C,J P Morgan Chase & Co Depositary Shares each representing a 1/400th interest in a share of 6.00% Non-Cumulative  Preferred Stock Series EE,$25.36,0.01,0.039%,,United States,,36347,,
JPM^D,J P Morgan Chase & Co Depositary Shares each representing a 1/400th  interest in a share of 5.75% Non-Cumulative  Preferred Stock Series DD,$25.06,-0.01,-0.04%,,United States,,38922,,
JPM^J,J P Morgan Chase & Co Depositary Shares each representing a 1/400th interest in a share of JPMorgan Chase & Co. 4.75% Non-Cumulative Preferred Stock Series GG,$21.03,0.05,0.238%,,United States,,18197,,
JPM^K,J P Morgan Chase & Co Depositary Shares each representing a 1/400th interest in a share of 4.55% Non-Cumulative Preferred Stock Series JJ,$20.185,-0.005,-0.025%,,United States,,68991,,
JPM^L,J P Morgan Chase & Co Depositary Shares each representing a 1/400th interest in a share of 4.625% Non-Cumulative Preferred Stock Series LL,$20.52,0.05,0.244%,,United States,,166720,,
JPM^M,J P Morgan Chase & Co Depositary Shares each representing a 1/400th interest in a share of 4.20% Non-Cumulative Preferred Stock Series MM,$18.86,-0.04,-0.212%,,United States,,60748,,
JQC,Nuveen Credit Strategies Income Fund Shares of Beneficial Interest,$5.34,-0.02,-0.373%,0.00,United States,2003,1381684,Finance,Finance Companies
JRI,Nuveen Real Asset Income and Growth Fund Common Shares of Beneficial Interest,$12.99,-0.06,-0.46%,0.00,United States,2012,60676,Finance,Finance Companies
JRS,Nuveen Real Estate Income Fund Common Shares of Beneficial Interest,$8.20,-0.08,-0.966%,0.00,United States,2001,32611,Finance,Finance/Investors Services
JWN,Nordstrom Inc. Common Stock,$24.35,0.04,0.165%,4015483892.00,United States,,5742660,Consumer Discretionary,Clothing/Shoe/Accessory Stores
JXN,Jackson Financial Inc. Class A Common Stock ,$85.58,1.29,1.53%,6217069241.00,United States,2021,8558701,Finance,Life Insurance
JXN^A,Jackson Financial Inc. Depositary Shares each representing a 1/1000th interest in a share of Fixed-Rate Reset Noncumulative Perpetual Preferred Stock Series A,$25.95,0.03,0.116%,,United States,,27693,,
K,Kellanova Common Stock,$82.51,0.18,0.219%,28483765807.00,United States,,3087145,Consumer Staples,Packaged Foods
KAI,Kadant Inc Common Stock,$335.28,-5.90,-1.729%,3941181866.00,United States,1992,222934,Industrials,Industrial Machinery/Components
KAR,OPENLANE Inc. Common Stock,$20.59,-0.05,-0.242%,2201292898.00,United States,2009,1881361,Consumer Discretionary,Retail-Auto Dealers and Gas Stations
KB,KB Financial Group Inc,$55.68,-0.17,-0.304%,21084001776.00,South Korea,,95050,Finance,Commercial Banks
KBDC,Kayne Anderson BDC Inc. Common Stock,$16.71,-0.06,-0.358%,1187407403.00,,2024,114264,,
KBH,KB Home Common Stock,$59.75,-1.52,-2.481%,4311370055.00,United States,1986,4458296,Consumer Discretionary,Homebuilding
KBR,KBR Inc. Common Stock,$50.13,0.09,0.18%,6639301067.00,United States,2006,1193154,Industrials,Military/Government/Technical
KD,Kyndryl Holdings Inc. Common Stock,$34.57,0.35,1.023%,8044248969.00,United States,2021,3375551,Technology,EDP Services
KEN,Kenon Holdings Ltd. Ordinary Shares,$32.12,-0.43,-1.321%,1694838941.00,Singapore,2015,11833,Utilities,Electric Utilities: Central
KEP,Korea Electric Power Corporation Common Stock,$7.51,-0.02,-0.266%,9642300437.00,South Korea,1994,133437,Utilities,Electric Utilities: Central
KEX,Kirby Corporation Common Stock,$101.33,1.19,1.188%,5788577580.00,United States,,1176213,Consumer Discretionary,Marine Transportation
KEY,KeyCorp Common Stock,$16.15,0.06,0.373%,17847676986.00,United States,,57103938,Finance,Major Banks
KEY^I,KeyCorp Depositary Shares Each Representing a 1/40th Ownership Interest in a Share of Fixed-to-Floating Rate Perpetual Non-Cumulative Preferred Stock Series E,$25.19,0.0299,0.119%,,United States,,11610,,
KEY^J,KeyCorp Depositary Shares each representing a 1/40th ownership interest in a share of Fixed Rate Perpetual Non-Cumulative Preferred Stock Series F,$22.245,0.065,0.293%,,United States,,22470,,
KEY^K,KeyCorp Depositary Shares each representing a 1/40th ownership interest in a share of Fixed Rate Perpetual Non-Cumulative Preferred Stock Series G,$22.28,-0.1027,-0.459%,,United States,,7247,,
KEY^L,KeyCorp Depositary Shares each representing a 1/40th ownership interest in a share of Fixed Rate Perpetual Non-Cumulative Preferred Stock Series H,$24.84,-0.02,-0.08%,,United States,,26671,,
KEYS,Keysight Technologies Inc. Common Stock,$154.56,-0.57,-0.367%,26709593044.00,United States,2014,1244219,Industrials,Industrial Machinery/Components
KF,Korea Fund Inc. (The) New Common Stock,$21.13,-0.1573,-0.739%,0.00,United States,,18042,Finance,Investment Managers
KFRC,Kforce Inc. Common Stock,$48.42,-0.79,-1.605%,925354620.00,United States,1995,417876,Consumer Discretionary,Professional Services
KFS,Kingsway Financial Services Inc. Common Stock (DE),$7.88,0.47,6.343%,216992750.00,Canada,,58490,Finance,Property-Casualty Insurers
KFY,Korn Ferry Common Stock,$66.60,-0.28,-0.419%,3439615541.00,United States,1999,2456031,Consumer Discretionary,Diversified Commercial Services
KGC,Kinross Gold Corporation Common Stock,$12.16,-0.16,-1.299%,14944640000.00,Canada,2001,15992142,Basic Materials,Precious Metals
KGS,Kodiak Gas Services Inc. Common Stock,$37.80,-0.65,-1.691%,3323931509.00,United States,2023,2597473,Utilities,Natural Gas Distribution
KIM,Kimco Realty Corporation (HC) Common Stock,$20.75,-0.16,-0.765%,14099252206.00,United States,,10869843,Real Estate,Real Estate Investment Trusts
KIM^L,Kimco Realty Corporation Class L Depositary Shares each of which represents a one-one thousandth fractional interest in a share of 5.125% Class L Cumulative Redeemable Preferred Stock liquidation preference $25000.00 per share,$21.31,-0.02,-0.094%,,United States,,6227,,
KIM^M,Kimco Realty Corporation Class M Depositary Shares each of which represents a one-one thousandth fractional interest in a share of 5.25% Class M Cumulative Redeemable Preferred Stock liquidation preference $25000.00 per share,$21.51,0.00,0.00%,,United States,,16987,,
KIM^N,Kimco Realty Corporation Depositary Shares each representing 1/1000th interest in a share of 7.25% Class N Cumulative Convertible Perpetual Preferred Stock,$60.00,0.00,0.00%,,United States,,142,,
KIND,Nextdoor Holdings Inc. Class A Common Stock,$1.69,-0.01,-0.588%,652849763.00,United States,,2355122,Technology,Computer Software: Programming Data Processing
KIO,KKR Income Opportunities Fund Common Shares,$12.33,0.01,0.081%,0.00,United States,2013,104552,Finance,Investment Managers
KKR,KKR & Co. Inc. Common Stock,$116.50,-0.21,-0.18%,103481187095.00,United States,,6084237,Finance,Investment Managers
KKR^D,KKR & Co. Inc. 6.25% Series D Mandatory Convertible Preferred Stock,$49.33,0.01,0.02%,,United States,,1238222,,
KKRS,KKR Group Finance Co. IX LLC 4.625% Subordinated Notes due 2061,$18.285,0.065,0.357%,16241660996.00,United States,2021,13224,,
KLC,KinderCare Learning Companies Inc. Common Stock,$13.76,-3.92,-22.172%,1623213385.00,,2024,3618130,Consumer Discretionary,Other Consumer Services
KLG,WK Kellogg Co Common Stock,$18.76,0.06,0.321%,1617054951.00,United States,2023,1483655,Consumer Staples,Packaged Foods
KMB,Kimberly-Clark Corporation Common Stock,$138.67,-0.41,-0.295%,45994703621.00,United States,,7442696,Consumer Discretionary,Containers/Packaging
KMI,Kinder Morgan Inc. Common Stock,$27.93,-0.13,-0.463%,62059427288.00,United States,2011,19506438,Utilities,Natural Gas Distribution
KMPB,Kemper Corporation 5.875% Fixed-Rate Reset Junior Subordinated Debentures due 2062,$23.19,0.06,0.259%,1481853917.00,United States,2022,14240,Finance,Property-Casualty Insurers
KMPR,Kemper Corporation,$66.26,-1.13,-1.677%,4234050907.00,United States,,1148386,Finance,Property-Casualty Insurers
KMT,Kennametal Inc. Common Stock,$21.63,0.00,0.00%,1673303873.00,United States,,3149331,Industrials,Industrial Machinery/Components
KMX,CarMax Inc,$71.32,-0.37,-0.516%,10969014146.00,United States,,2971347,Consumer Discretionary,Retail-Auto Dealers and Gas Stations
KN,Knowles Corporation Common Stock,$15.97,-0.14,-0.869%,1399980873.00,United States,2014,2746794,Consumer Staples,Consumer Electronics/Appliances
KNF,Knife Riv Holding Co. Common Stock,$91.11,0.27,0.297%,5157983553.00,United States,2023,826383,Industrials,Mining & Quarrying of Nonmetallic Minerals (No Fuels)
KNOP,KNOT Offshore Partners LP Common Units representing Limited Partner Interests,$6.11,-0.21,-3.323%,208015445.00,United Kingdom,2013,113444,Consumer Discretionary,Marine Transportation
KNSL,Kinsale Capital Group Inc. Common Stock,$470.04,11.02,2.401%,10941306746.00,United States,,351633,Finance,Property-Casualty Insurers
KNTK,Kinetik Holdings Inc. Class A Common Stock,$52.73,-0.98,-1.825%,8319474379.00,United States,2022,805140,Utilities,Natural Gas Distribution
KNX,Knight-Swift Transportation Holdings Inc.,$44.42,-0.11,-0.247%,7194957618.00,United States,2017,6247434,Industrials,Trucking Freight/Courier Services
KO,Coca-Cola Company (The) Common Stock,$68.67,-1.04,-1.492%,295349697125.00,United States,,47479473,Consumer Staples,Beverages (Production/Distribution)
KODK,Eastman Kodak Company Common New,$6.25,-0.26,-3.994%,503750000.00,United States,,1457188,Consumer Discretionary,Industrial Machinery/Components
KOF,Coca Cola Femsa S.A.B. de C.V.  American Depositary Shares each representing 10 Units (each Unit consists of 3 Series B Shares and 5 Series L Shares),$88.77,-1.70,-1.879%,18649087972.00,Mexico,1993,388664,Consumer Staples,Beverages (Production/Distribution)
KOP,Koppers Holdings Inc. Common Stock,$28.15,-1.62,-5.442%,576673919.00,United States,2006,545221,Basic Materials,Forest Products
KORE,KORE Group Holdings Inc. Common Stock,$2.58,0.08,3.20%,43881558.00,United States,,7710,Telecommunications,Telecommunications Equipment
KOS,Kosmos Energy Ltd. Common Shares (DE),$2.26,-0.05,-2.165%,1080064514.00,Bermuda,2011,13747848,Energy,Oil & Gas Production
KR,Kroger Company (The) Common Stock,$65.40,0.68,1.051%,47323840902.00,United States,,8027625,Consumer Staples,Food Chains
KRC,Kilroy Realty Corporation Common Stock,$34.37,-0.19,-0.55%,4060357554.00,United States,1997,2255867,Real Estate,Real Estate Investment Trusts
KREF,KKR Real Estate Finance Trust Inc. Common Stock,$11.38,0.08,0.708%,781960722.00,United States,2017,1491569,Real Estate,Real Estate Investment Trusts
KREF^A,KKR Real Estate Finance Trust Inc. 6.50% Series A Cumulative Redeemable Preferred Stock,$20.20,-0.0109,-0.054%,,United States,,15766,,
KRG,Kite Realty Group Trust Common Stock,$22.09,-0.32,-1.428%,4852390285.00,United States,2004,2813138,Real Estate,Real Estate Investment Trusts
KRMN,Karman Holdings Inc. Common Stock,$34.94,-1.05,-2.917%,4618180279.00,,2025,2190407,Industrials,Military/Government/Technical
KRO,Kronos Worldwide Inc Common Stock,$7.71,-0.17,-2.157%,886927683.00,United States,,281137,Industrials,Major Chemicals
KRP,Kimbell Royalty Partners Common Units Representing Limited Partner Interests,$14.01,-0.18,-1.268%,1498982732.00,United States,2017,607992,Energy,Oil & Gas Production
KSS,Kohl's Corporation Common Stock,$8.28,-0.26,-3.044%,921708933.00,United States,1992,14339870,Consumer Discretionary,Department/Specialty Retail Stores
KT,KT Corporation Common Stock,$17.80,-0.38,-2.09%,8772317823.00,South Korea,,2389649,Telecommunications,Telecommunications Equipment
KTB,Kontoor Brands Inc. Common Stock ,$63.70,0.78,1.24%,3524269258.00,United States,2019,2416064,Consumer Discretionary,Apparel
KTF,DWS Municipal Income Trust,$9.37,0.03,0.321%,370123789.00,United States,1988,50507,Finance,Finance Companies
KTH,Structures Products Cp 8% CorTS Issued by Peco Energy Cap Tr II Preferred Stock,$29.43,0.18,0.615%,0.00,United States,,699,Finance,Finance: Consumer Services
KTN,Structured Products Corp 8.205% CorTS 8.205% Corporate Backed Trust Securities (CorTS),$26.54,0.08,0.302%,0.00,United States,,154,Finance,Finance: Consumer Services
KUKE,Kuke Music Holding Limited American Depositary Shares (each representing ten (10) Class A Ordinary Shares),$2.85,0.35,14.00%,13571307.00,,,451791,Real Estate,Other Consumer Services
KVUE,Kenvue Inc. Common Stock,$23.31,-0.08,-0.342%,44551021183.00,United States,2023,35334723,Consumer Discretionary,Specialty Chemicals
KVYO,Klaviyo Inc. Series A Common Stock,$33.00,0.09,0.273%,9012797508.00,United States,2023,887962,Technology,Computer Software: Prepackaged Software
KW,Kennedy-Wilson Holdings Inc. Common Stock,$8.84,-0.07,-0.786%,1219989854.00,United States,,1869722,Finance,Real Estate
KWR,Quaker Houghton Common Stock,$129.28,-0.14,-0.108%,2284591429.00,United States,,298869,Industrials,Major Chemicals
KYN,Kayne Anderson Energy Infrastructure Fund Inc.,$12.81,-0.03,-0.234%,1743844899.00,United States,2004,185545,Finance,Finance/Investors Services
L,Loews Corporation Common Stock,$87.25,-0.93,-1.055%,18572148425.00,United States,,2713446,Finance,Property-Casualty Insurers
LAC,Lithium Americas Corp. Common Shares,$3.01,0.05,1.689%,657064940.00,Canada,2023,5420030,Basic Materials,Metal Mining
LAD,Lithia Motors Inc. Common Stock,$306.21,1.19,0.39%,8049264493.00,United States,,295517,Consumer Discretionary,Retail-Auto Dealers and Gas Stations
LADR,Ladder Capital Corp Class A Common Stock,$11.49,-0.18,-1.542%,1460453467.00,United States,2014,1255654,Real Estate,Real Estate Investment Trusts
LANV,Lanvin Group Holdings Limited Ordinary Shares,$2.43,0.11,4.741%,352402128.00,Cayman Islands,2022,129309,Consumer Discretionary,Apparel
LAR,Lithium Argentina AG Common Shares,$2.34,-0.11,-4.49%,377442000.00,Canada,2023,970466,Basic Materials,Metal Mining
LAW,CS Disco Inc. Common Stock,$4.47,0.01,0.224%,269913999.00,United States,2021,138099,Technology,Computer Software: Prepackaged Software
LAZ,Lazard Inc. Common Stock,$45.91,0.14,0.306%,5177091238.00,Bermuda,2005,1687695,Finance,Investment Managers
LB,LandBridge Company LLC Class A Shares Representing Limited Liability Company Interests,$77.05,-2.63,-3.301%,5890364399.00,,2024,706961,Energy,Oil & Gas Production
LBRT,Liberty Energy Inc. Class A common stock,$14.63,0.06,0.412%,2368945296.00,United States,2018,15673025,Energy,Oilfield Services/Equipment
LC,LendingClub Corporation Common Stock,$11.08,-0.01,-0.09%,1256293800.00,United States,2014,1248429,Finance,Finance: Consumer Services
LCII,LCI Industries,$88.16,-0.68,-0.765%,2244838092.00,United States,1995,1397505,Consumer Discretionary,Auto Parts:O.E.M.
LDI,loanDepot Inc. Class A Common Stock,$1.42,0.01,0.709%,466160927.00,United States,2021,2620114,Finance,Finance: Consumer Services
LDOS,Leidos Holdings Inc. Common Stock,$133.83,-1.02,-0.756%,17554129395.00,United States,,3989990,Technology,EDP Services
LDP,Cohen & Steers Limited Duration Preferred and Income Fund Inc.,$20.40,-0.02,-0.098%,0.00,United States,2012,50682,Finance,Finance Companies
LEA,Lear Corporation Common Stock,$94.30,-1.48,-1.545%,5058005217.00,United States,,2543077,Consumer Discretionary,Auto Parts:O.E.M.
LEG,Leggett & Platt Incorporated Common Stock,$8.22,-0.08,-0.964%,1107510784.00,United States,,21124497,Consumer Discretionary,Home Furnishings
LEN,Lennar Corporation Class A Common Stock,$115.22,-4.85,-4.039%,30593278578.00,United States,,12342117,Consumer Discretionary,Homebuilding
LEO,BNY Mellon Strategic Municipals Inc. Common Stock,$6.19,0.05,0.814%,385580386.00,United States,1987,75211,Finance,Trusts Except Educational Religious and Charitable
LEVI,Levi Strauss & Co Class A Common Stock,$16.05,0.25,1.582%,6353883839.00,United States,2019,3338633,Consumer Discretionary,Apparel
LFT,Lument Finance Trust Inc. Common Stock,$2.83,0.01,0.355%,148035061.00,United States,2013,138167,Real Estate,Real Estate Investment Trusts
LFT^A,Lument Finance Trust Inc. 7.875% Series A Cumulative Redeemable Preferred Stock,$22.3058,-0.0102,-0.046%,,United States,,1587,,
LGI,Lazard Global Total Return and Income Fund Common Stock,$15.55,-0.10,-0.639%,0.00,United States,2004,67975,,
LH,Labcorp Holdings Inc. Common Stock,$234.21,-1.57,-0.666%,19603377000.00,United States,,851309,Health Care,Medical Specialities
LHX,L3Harris Technologies Inc. Common Stock,$207.98,-1.91,-0.91%,39165512235.00,United States,,1932054,Industrials,Industrial Machinery/Components
LII,Lennox International Inc. Common Stock,$569.55,-9.22,-1.593%,20264397631.00,United States,1999,741298,Industrials,Industrial Machinery/Components
LITB,LightInTheBox Holding Co. Ltd. American Depositary Shares each representing twelve ordinary shares,$1.05,0.03,2.941%,19303792.00,China,,36240,Consumer Discretionary,Catalog/Specialty Distribution
LLY,Eli Lilly and Company Common Stock,$837.57,-5.00,-0.593%,794158746062.00,United States,,5963841,Health Care,Biotechnology: Pharmaceutical Preparations
LMND,Lemonade Inc. Common Stock,$34.58,0.11,0.319%,2518118366.00,United States,2020,1914146,Finance,Property-Casualty Insurers
LMT,Lockheed Martin Corporation Common Stock,$439.70,-27.04,-5.793%,103499181109.00,United States,,7141725,Industrials,Military/Government/Technical
LNC,Lincoln National Corporation Common Stock,$35.91,-0.77,-2.099%,6119201248.00,United States,,10519546,Finance,Life Insurance
LNC^D,Lincoln National Corporation Depositary Shares Each Representing a 1/1000th Interest in a Share of 9.000% Non-Cumulative Preferred Stock Series D,$26.94,-0.08,-0.296%,,United States,,40417,,
LND,Brasilagro Brazilian Agric Real Estate Co Sponsored ADR (Brazil),$3.86,0.02,0.521%,396358094.00,Brazil,,11293,Consumer Staples,Farming/Seeds/Milling
LNG,Cheniere Energy Inc. Common Stock,$226.83,-3.40,-1.477%,50734037653.00,United States,2001,2395031,Utilities,Oil/Gas Transmission
LNN,Lindsay Corporation Common Stock,$126.92,-0.98,-0.766%,1379279493.00,United States,,198520,Industrials,Industrial Machinery/Components
LOAR,Loar Holdings Inc. Common Stock,$64.97,-0.44,-0.673%,5828041008.00,United States,2024,1060114,Industrials,Military/Government/Technical
LOB,Live Oak Bancshares Inc. Common Stock,$27.34,-0.06,-0.219%,1245755685.00,United States,2022,490303,Finance,Major Banks
LOCL,Local Bounti Corporation Common Stock,$1.90,-0.08,-4.04%,16445771.00,,2021,4582,Consumer Staples,Farming/Seeds/Milling
LOMA,Loma Negra Compania Industrial Argentina Sociedad Anonima ADS,$11.27,0.40,3.68%,1315171020.00,Argentina,2017,297939,Industrials,Building Materials
LOW,Lowe's Companies Inc. Common Stock,$227.07,0.81,0.358%,128215076635.00,United States,,6353432,Consumer Discretionary,RETAIL: Building Materials
LPG,Dorian LPG Ltd. Common Stock,$23.03,-0.31,-1.328%,985787151.00,United States,2014,4209429,Consumer Discretionary,Marine Transportation
LPL,LG Display Co Ltd AMERICAN DEPOSITORY SHARES,$3.27,0.06,1.869%,3270000000.00,South Korea,2004,212097,Technology,Industrial Machinery/Components
LPX,Louisiana-Pacific Corporation Common Stock,$92.72,-0.68,-0.728%,6461851605.00,United States,,1061012,Basic Materials,Forest Products
LRN,Stride Inc. Common Stock,$121.96,-0.82,-0.668%,5310948336.00,United States,,1030629,Real Estate,Other Consumer Services
LSPD,Lightspeed Commerce Inc. Subordinate Voting Shares,$10.63,0.05,0.473%,1628922268.00,Canada,,609309,Technology,Computer Software: Prepackaged Software
LTC,LTC Properties Inc. Common Stock,$34.62,-0.43,-1.227%,1573500222.00,United States,,675266,Real Estate,Real Estate Investment Trusts
LTH,Life Time Group Holdings Inc. Common Stock,$30.67,-0.29,-0.937%,6428210716.00,United States,2021,2345243,Consumer Discretionary,Hotels/Resorts
LTM,LATAM Airlines Group S.A. American Depositary Shares (each representing two thousand (2000) shares of Common Stock),$32.07,0.12,0.376%,9692161374.00,Chile,2024,296061,Consumer Discretionary,Air Freight/Delivery Services
LU,Lufax Holding Ltd American Depositary Shares each representing two (2) Ordinary Shares,$3.01,0.00,0.00%,2608586400.00,China,,7819198,Finance,Finance: Consumer Services
LUCK,Lucky Strike Entertainment Corporation Class A Common Stock,$9.96,-0.10,-0.994%,1424246614.00,United States,2021,269300,Consumer Discretionary,Services-Misc. Amusement & Recreation
LUMN,Lumen Technologies Inc. Common Stock,$4.92,0.00,0.00%,4987892797.00,United States,,19783391,Telecommunications,Telecommunications Equipment
LUV,Southwest Airlines Company Common Stock,$34.83,0.68,1.991%,20642385556.00,United States,,21662990,Consumer Discretionary,Air Freight/Delivery Services
LVS,Las Vegas Sands Corp. Common Stock,$41.93,-0.95,-2.215%,30019140755.00,United States,2004,7760570,Consumer Discretionary,Hotels/Resorts
LVWR,LiveWire Group Inc. Common Stock,$2.02,0.03,1.508%,411018981.00,United States,2022,79496,Consumer Discretionary,Motor Vehicles
LW,Lamb Weston Holdings Inc. Common Stock ,$53.08,0.33,0.626%,7571368197.00,United States,2016,4602533,Consumer Staples,Packaged Foods
LXP,LXP Industrial Trust Common Stock (Maryland REIT),$8.73,-0.28,-3.108%,2581705929.00,United States,,4867495,Real Estate,Real Estate Investment Trusts
LXP^C,LXP Industrial Trust 6.5% Series C Cumulative Convertible Preferred Stock,$47.91,0.00,0.00%,,United States,,103,,
LXU,LSB Industries Inc. Common Stock,$6.97,-0.26,-3.596%,500790304.00,United States,2003,898264,Industrials,Major Chemicals
LYB,LyondellBasell Industries NV Ordinary Shares Class A (Netherlands),$71.55,-1.14,-1.568%,23142573177.00,Netherlands,,12985562,Industrials,Major Chemicals
LYG,Lloyds Banking Group Plc American Depositary Shares,$3.74,-0.03,-0.796%,56676907129.00,United Kingdom,,24326178,Finance,Commercial Banks
LYV,Live Nation Entertainment Inc. Common Stock,$123.06,0.92,0.753%,28722346257.00,United States,,3075835,Consumer Discretionary,Services-Misc. Amusement & Recreation
LZB,La-Z-Boy Incorporated Common Stock,$38.42,-0.66,-1.689%,1586317502.00,United States,,4146478,Consumer Discretionary,Home Furnishings
LZM,Lifezone Metals Limited Ordinary Shares,$4.37,-0.13,-2.889%,342039690.00,Isle of Man,,195800,Basic Materials,Metal Mining
M,Macy's Inc Common Stock,$13.24,-0.13,-0.972%,3675897860.00,United States,,5727738,Consumer Discretionary,Department/Specialty Retail Stores
MA,Mastercard Incorporated Common Stock,$535.69,-0.69,-0.129%,488393129579.00,United States,2006,5973495,Consumer Discretionary,Business Services
MAA,Mid-America Apartment Communities Inc. Common Stock,$161.27,-1.30,-0.80%,18852749738.00,United States,1994,1539253,Real Estate,Real Estate Investment Trusts
MAA^I,Mid-America Apartment Communities Inc. 8.50% Series I Cumulative Redeemable Preferred Stock,$54.7462,-0.6238,-1.127%,,United States,,131,,
MAC,Macerich Company (The) Common Stock,$17.21,-0.07,-0.405%,4345471236.00,United States,1994,5595094,Real Estate,Real Estate Investment Trusts
MAGN,Magnera Corporation Common Stock,$18.60,-0.44,-2.311%,658440000.00,United States,2000,493972,Basic Materials,Paper
MAIN,Main Street Capital Corporation Common Stock,$57.54,-0.24,-0.415%,5095525417.00,United States,2007,1007088,Finance,Finance/Investors Services
MAN,ManpowerGroup Common Stock,$57.68,-1.39,-2.353%,2693206269.00,United States,,1525958,Consumer Discretionary,Professional Services
MANU,Manchester United Ltd. Class A Ordinary Shares,$13.76,-0.10,-0.722%,2329812488.00,United Kingdom,2012,179396,Consumer Discretionary,Services-Misc. Amusement & Recreation
MAS,Masco Corporation Common Stock,$69.60,-0.81,-1.15%,14754051113.00,United States,,6155594,Industrials,Industrial Specialties
MATV,Mativ Holdings Inc. Common Stock,$6.09,-0.16,-2.56%,332012233.00,United States,,14021189,Basic Materials,Paper
MATX,Matson Inc. Common Stock,$129.23,-0.54,-0.416%,4246977760.00,United States,,2371373,Consumer Discretionary,Marine Transportation
MAV,Pioneer Municipal High Income Advantage Fund Inc.,$8.47,0.07,0.833%,0.00,United States,,29099,Finance,Finance Companies
MAX,MediaAlpha Inc. Class A Common Stock,$9.72,-0.07,-0.715%,651532893.00,United States,2020,698340,Consumer Discretionary,Business Services
MBC,MasterBrand Inc. Common Stock,$13.35,-0.45,-3.261%,1704114537.00,United States,2022,3185279,Consumer Discretionary,Home Furnishings
MBI,MBIA Inc. Common Stock,$5.46,-0.08,-1.444%,278301840.00,United States,1987,377711,Finance,Property-Casualty Insurers
MC,Moelis & Company Class A Common Stock,$60.89,0.39,0.645%,4563194085.00,United States,2014,5740593,Finance,Investment Managers
MCB,Metropolitan Bank Holding Corp. Common Stock,$55.13,-0.01,-0.018%,618841141.00,United States,2017,149135,Finance,Major Banks
MCD,McDonald's Corporation Common Stock,$305.44,-1.56,-0.508%,218225010296.00,United States,,6016138,Consumer Discretionary,Restaurants
MCI,Barings Corporate Investors Common Stock,$20.56,0.13,0.636%,416580943.00,United States,,21096,Finance,Trusts Except Educational Religious and Charitable
MCK,McKesson Corporation Common Stock,$661.17,-5.19,-0.779%,82862040020.00,United States,,1969610,Health Care,Other Pharmaceuticals
MCN,XAI Madison Equity Premium Income Fund Common Shares,$6.15,-0.06,-0.966%,0.00,United States,2004,18131,,
MCO,Moody's Corporation Common Stock,$459.49,-0.30,-0.065%,82708200000.00,United States,,1091191,Finance,Finance: Consumer Services
MCR,MFS Charter Income Trust Common Stock,$6.275,0.005,0.08%,276152585.00,United States,1989,33955,Finance,Trusts Except Educational Religious and Charitable
MCS,Marcus Corporation (The) Common Stock,$17.44,-0.22,-1.246%,553706432.00,United States,,386799,Consumer Discretionary,Movies/Entertainment
MCY,Mercury General Corporation Common Stock,$55.93,-0.89,-1.566%,3097885908.00,United States,,846210,Finance,Property-Casualty Insurers
MD,Pediatrix Medical Group Inc. Common Stock,$14.21,0.06,0.424%,1219638261.00,United States,,2623410,Health Care,Hospital/Nursing Management
MDT,Medtronic plc. Ordinary Shares,$90.33,-0.89,-0.976%,115852154807.00,United States,,14027974,Health Care,Biotechnology: Electromedical & Electrotherapeutic Apparatus
MDU,MDU Resources Group Inc. Common Stock (Holding Company),$16.77,-0.28,-1.642%,3426633721.00,United States,,3853063,Industrials,Mining & Quarrying of Nonmetallic Minerals (No Fuels)
MDV,Modiv Industrial Inc. Class C Common Stock,$15.58,-0.36,-2.258%,155278491.00,,2022,43054,Real Estate,Real Estate Investment Trusts
MDV^A,Modiv Industrial Inc. 7.375% Series A Cumulative Redeemable Perpetual Preferred Stock,$24.46,0.4402,1.833%,,,,8937,,
MEC,Mayville Engineering Company Inc. Common Stock,$13.99,-0.37,-2.577%,285673324.00,United States,2019,100848,Industrials,Industrial Specialties
MED,MEDIFAST INC Common Stock,$14.34,-0.02,-0.139%,156848482.00,United States,,535329,Consumer Staples,Packaged Foods
MEG,Montrose Environmental Group Inc. Common Stock,$14.63,-0.24,-1.614%,502390747.00,United States,2020,1820498,Consumer Discretionary,Professional Services
MEGI,NYLI CBRE Global Infrastructure Megatrends Term Fund Common Shares,$13.18,-0.08,-0.603%,0.00,United States,2021,60842,Finance,Investment Managers
MEI,Methode Electronics Inc. Common Stock,$6.68,-0.09,-1.329%,238414203.00,United States,,684752,Technology,Electrical Products
MER^K,Bank of America Corporation Income Capital Obligation Notes initially due December 15 2066,$25.93,-0.01,-0.039%,,United States,,21018,,
MET,MetLife Inc. Common Stock,$82.36,-0.36,-0.435%,56105940386.00,United States,2000,5702191,Finance,Life Insurance
MET^A,MetLife Inc. Preferred Series A Floating Rate,$24.62,-0.04,-0.162%,,United States,,14948,,
MET^E,MetLife Inc. Depositary Shares ,$24.00,-0.03,-0.125%,,United States,,16622,,
MET^F,MetLife Inc. Depositary Shares each representing a 1/1000th interest in a share of 4.75% Non-Cumulative Preferred Stock Series F,$20.54,-0.01,-0.049%,,United States,,44556,,
MFA,MFA Financial Inc.,$10.87,-0.13,-1.182%,1114433923.00,United States,,2206122,Real Estate,Real Estate Investment Trusts
MFA^B,MFA Financial Inc. Preferred Series B,$21.855,-0.125,-0.569%,,United States,,7145,,
MFA^C,MFA Financial Inc. 6.50% Series C Fixed-to-Floating Rate Cumulative Redeemable Preferred Stock,$24.7339,0.0339,0.137%,,United States,,3424,,
MFAN,MFA Financial Inc. 8.875% Senior Notes due 2029,$25.16,0.00,0.00%,2579499311.00,United States,2024,7669,Real Estate,Real Estate Investment Trusts
MFAO,MFA Financial Inc. 9.000% Senior Notes due 2029,$25.32,0.07,0.277%,2595903122.00,United States,2024,4898,Real Estate,Real Estate Investment Trusts
MFC,Manulife Financial Corporation Common Stock,$30.44,-0.10,-0.327%,53327205679.00,Canada,,2165911,Finance,Life Insurance
MFG,Mizuho Financial Group Inc. Sponosred ADR (Japan),$6.04,0.15,2.547%,76664662758.00,Japan,,2572838,Finance,Major Banks
MFM,MFS Municipal Income Trust Common Stock,$5.41,0.02,0.371%,222825084.00,United States,1986,64053,Finance,Finance Companies
MG,Mistras Group Inc Common Stock,$10.58,0.57,5.694%,328319036.00,United States,2009,397245,Consumer Discretionary,Military/Government/Technical
MGA,Magna International Inc. Common Stock,$36.42,0.23,0.636%,10462741060.00,Canada,,1934814,Consumer Discretionary,Auto Parts:O.E.M.
MGF,MFS Government Markets Income Trust Common Stock,$3.12,0.005,0.161%,101703866.00,United States,1987,70712,Finance,Trusts Except Educational Religious and Charitable
MGM,MGM Resorts International Common Stock,$31.42,-1.11,-3.412%,8971999978.00,United States,,13130768,Consumer Discretionary,Hotels/Resorts
MGR,Affiliated Managers Group Inc. 5.875% Junior Subordinated Notes due 2059,$22.07,-0.07,-0.316%,645702299.00,United States,2019,12522,Finance,Investment Managers
MGRB,Affiliated Managers Group Inc. 4.750% Junior Subordinated Notes due 2060,$18.07,-0.0366,-0.202%,528674243.00,United States,2020,5856,Finance,Investment Managers
MGRD,Affiliated Managers Group Inc. 4.200% Junior Subordinated Notes due 2061,$16.1247,-0.0153,-0.095%,471760574.00,United States,2021,6022,Finance,Investment Managers
MGRE,Affiliated Managers Group Inc. 6.750% Junior Subordinated Notes due 2064,$25.00,-0.05,-0.20%,731425350.00,United States,2024,15491,Finance,Investment Managers
MGY,Magnolia Oil & Gas Corporation Class A Common Stock,$25.12,-0.21,-0.829%,4877281892.00,United States,2017,24733824,Energy,Oil & Gas Production
MHD,Blackrock MuniHoldings Fund Inc. Common Stock,$11.83,0.07,0.595%,1759860032.00,United States,1997,30859,Finance,Investment Bankers/Brokers/Service
MHF,Western Asset Municipal High Income Fund Inc. Common Stock,$7.64,0.11,1.461%,0.00,United States,1988,32318,Finance,Finance/Investors Services
MHI,Pioneer Municipal High Income Fund Inc.,$9.39,0.15,1.623%,0.00,United States,2003,49414,Finance,Investment Managers
MHK,Mohawk Industries Inc. Common Stock,$111.87,-2.40,-2.10%,7001633196.00,United States,,1696241,Consumer Discretionary,Home Furnishings
MHLA,Maiden Holdings Ltd. 6.625% Notes due 2046,$14.24,0.03,0.211%,1410318963.00,Bermuda,2016,301,Finance,Property-Casualty Insurers
MHN,Blackrock MuniHoldings New York Quality Fund Inc. Common Stock,$10.32,0.12,1.176%,1535228701.00,United States,1997,106251,Finance,Investment Bankers/Brokers/Service
MHO,M/I Homes Inc. Common Stock,$115.88,-1.85,-1.571%,3142022582.00,United States,1993,697044,Consumer Discretionary,Homebuilding
MIN,MFS Intermediate Income Trust Common Stock,$2.68,-0.01,-0.372%,307926026.00,United States,1988,166965,Finance,Trusts Except Educational Religious and Charitable
MIO,Pioneer Municipal High Income Opportunities Fund Inc. Common Stock,$12.30,0.24,1.99%,0.00,,2021,31121,Finance,Investment Managers
MIR,Mirion Technologies Inc. Class A Common Stock,$15.22,0.00,0.00%,3537478380.00,United States,2020,3108097,Industrials,Industrial Machinery/Components
MITN,AG Mortgage Investment Trust Inc. 9.500% Senior Notes due 2029,$25.15,-0.02,-0.079%,741748548.00,United States,2024,2226,Real Estate,Real Estate Investment Trusts
MITP,AG Mortgage Investment Trust Inc. 9.500% Senior Notes due 2029,$25.11,0.03,0.12%,740568828.00,United States,2024,11105,Real Estate,Real Estate Investment Trusts
MITT,AG Mortgage Investment Trust Inc. Common Stock,$7.67,-0.18,-2.293%,227483226.00,United States,2011,365645,Real Estate,Real Estate Investment Trusts
MITT^A,AG Mortgage Investment Trust Inc. 8.25% Preferred Series A,$22.685,-0.055,-0.242%,,United States,,4011,,
MITT^B,AG Mortgage Investment Trust Inc. Preferred Series B,$21.88,-0.12,-0.545%,,United States,,3674,,
MITT^C,AG Mortgage Investment Trust Inc. 8.00% Series C Fixed-to-Floating Rate Cumulative Redeemable Preferred Stock $0.01 par value per share,$24.90,0.08,0.322%,,United States,,11683,,
MIY,Blackrock MuniYield Michigan Quality Fund Inc. Common Stock,$11.3809,0.0359,0.316%,1693050806.00,United States,1992,43001,Finance,Investment Bankers/Brokers/Service
MKC,McCormick & Company Incorporated Common Stock,$80.17,-0.53,-0.657%,21497927585.00,United States,,3781005,Consumer Staples,Packaged Foods
MKFG,Markforged Holding Corporation Common Stock,$2.94,0.20,7.299%,60622903.00,United States,2020,31768,Technology,Computer peripheral equipment
MKL,Markel Group Inc. Common Stock,$1836.58,-10.89,-0.589%,23453132110.00,United States,1986,54206,Finance,Property-Casualty Insurers
ML,MoneyLion Inc. Class A Common Stock,$87.72,-0.56,-0.634%,992998646.00,United States,2020,132061,Finance,Finance: Consumer Services
MLI,Mueller Industries Inc. Common Stock,$77.25,-2.34,-2.94%,8749915457.00,United States,,3204691,Industrials,Metal Fabrications
MLM,Martin Marietta Materials Inc. Common Stock,$477.03,-6.75,-1.395%,29086496866.00,United States,1994,857512,Industrials,Mining & Quarrying of Nonmetallic Minerals (No Fuels)
MLNK,MeridianLink Inc. Common Stock,$19.07,-0.27,-1.396%,1461261234.00,United States,2021,300859,Technology,Computer Software: Prepackaged Software
MLP,Maui Land & Pineapple Company Inc. Common Stock,$18.09,-0.06,-0.331%,355136187.00,United States,1998,42261,Finance,Real Estate
MLR,Miller Industries Inc. Common Stock,$42.76,-1.65,-3.715%,489144126.00,United States,,479424,Consumer Discretionary,Construction/Ag Equipment/Trucks
MMC,Marsh & McLennan Companies Inc. Common Stock,$232.31,-1.06,-0.454%,114094671881.00,United States,,3067283,Finance,Specialty Insurers
MMD,NYLI MacKay DefinedTerm Muni Opportunities Fund Common Shares,$15.15,-0.04,-0.263%,0.00,United States,2012,71250,Finance,Investment Managers
MMI,Marcus & Millichap Inc. Common Stock,$35.41,-0.39,-1.089%,1377027338.00,United States,2013,366904,Finance,Real Estate
MMM,3M Company Common Stock,$150.36,-0.91,-0.602%,81630444000.00,United States,,5538606,Health Care,Medical/Dental Instruments
MMS,Maximus Inc. Common Stock,$67.24,0.03,0.045%,3805810762.00,United States,1997,1944375,Consumer Discretionary,Business Services
MMT,MFS Multimarket Income Trust Common Stock,$4.63,0.01,0.216%,275708652.00,United States,1987,43423,Finance,Trusts Except Educational Religious and Charitable
MMU,Western Asset Managed Municipals Fund Inc. Common Stock,$10.25,0.05,0.49%,0.00,United States,1992,66045,Finance,Investment Managers
MNR,Mach Natural Resources LP Common Units representing Limited Partner Interests,$15.20,0.09,0.596%,1798684689.00,,2023,95898,Energy,Oil & Gas Production
MNSO,MINISO Group Holding Limited American Depositary Shares each representing four Ordinary Shares,$18.94,-1.85,-8.899%,5983570654.00,China,2020,5308352,Consumer Discretionary,Department/Specialty Retail Stores
MO,Altria Group Inc.,$57.60,-0.49,-0.844%,97382110522.00,United States,,33837070,Health Care, Medicinal Chemicals and Botanical Products 
MOD,Modine Manufacturing Company Common Stock,$88.57,0.77,0.877%,4656479180.00,United States,,1276025,Consumer Discretionary,Auto Parts:O.E.M.
MODG,Topgolf Callaway Brands Corp. Common Stock,$6.75,0.14,2.118%,1237925491.00,United States,,4093043,Consumer Discretionary,Recreational Games/Products/Toys
MOGU,MOGU Inc. American Depositary Shares (each  representing 25 Class A Ordinary Shares),$2.11,-0.02,-0.939%,17335783.00,,2018,48717,Consumer Discretionary,Business Services
MOH,Molina Healthcare Inc Common Stock,$309.93,-5.33,-1.691%,17201115000.00,United States,2003,1047049,Health Care,Medical Specialities
MOS,Mosaic Company (The) Common Stock,$27.83,-0.55,-1.938%,8820418799.00,United States,,7382854,Industrials,Agricultural Chemicals
MOV,Movado Group Inc. Common Stock,$17.61,-0.36,-2.003%,389935694.00,United States,,267267,Consumer Discretionary,Consumer Specialties
MP,MP Materials Corp. Common Stock,$25.90,-0.35,-1.333%,4233153420.00,United States,2020,4614284,Basic Materials,Metal Mining
MPA,Blackrock MuniYield Pennsylvania Quality Fund Common Stock,$11.28,0.015,0.133%,0.00,United States,1992,26109,Finance,Finance Companies
MPC,Marathon Petroleum Corporation Common Stock,$149.96,-1.99,-1.31%,46873871917.00,United States,,6814264,Energy,Integrated oil Companies
MPLX,MPLX LP Common Units Representing Limited Partner Interests,$53.70,-0.37,-0.684%,54908775240.00,United States,2012,5143465,Energy,Natural Gas Distribution
MPV,Barings Participation Investors Common Stock,$16.0373,0.2173,1.374%,170022643.00,United States,1988,29338,Finance,Finance Companies
MPW,Medical Properties Trust Inc. common stock,$5.98,0.04,0.673%,3591588000.00,United States,2005,14651072,Real Estate,Real Estate Investment Trusts
MPX,Marine Products Corporation Common Stock,$8.26,0.06,0.732%,288781660.00,United States,2001,40166,Industrials,Marine Transportation
MQT,Blackrock MuniYield Quality Fund II Inc. Common Stock,$10.15,0.05,0.495%,1509939081.00,United States,1992,65827,Finance,Investment Bankers/Brokers/Service
MQY,Blackrock MuniYield Quality Fund Inc. Common Stock,$11.77,0.08,0.684%,1750934284.00,United States,1992,107626,Finance,Investment Bankers/Brokers/Service
MRC,MRC Global Inc. Common Stock,$11.91,-0.38,-3.092%,1025253747.00,United States,2012,2233179,Industrials,Industrial Machinery/Components
MRK,Merck & Company Inc. Common Stock (new),$93.11,-1.62,-1.71%,235199234306.00,United States,,68435789,Health Care,Biotechnology: Pharmaceutical Preparations
MRP,Millrose Properties Inc. Class A Common Stock,$25.35,0.68,2.756%,4258676064.00,United States,2025,10986770,Finance,Real Estate
MS,Morgan Stanley Common Stock,$120.14,-0.33,-0.274%,193768469982.00,United States,,10990077,Finance,Investment Bankers/Brokers/Service
MS^A,Morgan Stanley Dep Shs repstg 1/1000 Pfd Ser A,$23.38,-0.04,-0.171%,,United States,,27067,,
MS^E,Morgan Stanley DEPOSITARY SHARES REP 1/1000TH SHARES FIXED/FLTG PREFERRED STOCK SERIES E,$25.65,-0.04,-0.156%,,United States,,78308,,
MS^F,Morgan Stanley Dep Shs Rpstg 1/1000th Int Prd Ser F Fxd to Flag,$25.50,0.00,0.00%,,United States,,44135,,
MS^I,Morgan Stanley Depository Shares Representing 1/1000th Preferred Series 1 Fixed to Floating Non (Cum),$25.37,-0.02,-0.079%,,United States,,40611,,
MS^K,Morgan Stanley Depositary Shares each representing 1/1000th of a share of Fixed-to-Floating Rate Non-Cumulative Preferred Stock  Series K,$24.53,0.09,0.368%,,United States,,66121,,
MS^L,Morgan Stanley Depositary Shares each representing 1/1000th of a share of 4.875% Non-Cumulative Preferred Stock Series L,$21.0182,0.0682,0.326%,,United States,,43449,,
MS^O,Morgan Stanley Depositary Shares each representing 1/1000th of a share of 4.250% Non-Cumulative Preferred Stock Series O,$18.695,0.0651,0.349%,,United States,,47030,,
MS^P,Morgan Stanley Depositary Shares each representing 1/1000th of a share of 6.500% Non-Cumulative Preferred Stock Series P,$25.87,0.00,0.00%,,United States,,20283,,
MS^Q,Morgan Stanley Depositary Shares each representing 1/1000th of a share of 6.625% Non-Cumulative Preferred Stock Series Q,$26.20,0.06,0.23%,,United States,,20401,,
MSA,MSA Safety Incorporated Common Stock,$149.85,-0.71,-0.472%,5881866945.00,United States,2000,672223,Health Care,Industrial Specialties
MSB,Mesabi Trust Common Stock,$27.21,-0.80,-2.856%,356995472.00,United States,,44834,Industrials,Precious Metals
MSC,Studio City International Holdings Limited American depositary shares each representing four  Class A ordinary shares,$3.79,-0.17,-4.293%,798614076.00,,2018,220,Consumer Discretionary,Hotels/Resorts
MSCI,MSCI Inc. Common Stock,$562.56,-3.43,-0.606%,43683908557.00,United States,,822848,Consumer Discretionary,Business Services
MSD,Morgan Stanley Emerging Markets Debt Fund Inc. Common Stock,$8.26,-0.02,-0.242%,0.00,United States,1993,74925,Finance,Trusts Except Educational Religious and Charitable
MSDL,Morgan Stanley Direct Lending Fund Common Stock,$20.73,0.18,0.876%,0.00,United States,2024,609658,,
MSGE,Madison Square Garden Entertainment Corp. Class A Common Stock,$33.85,-0.17,-0.50%,1619438465.00,United States,2023,633295,Consumer Discretionary,Services-Misc. Amusement & Recreation
MSGS,Madison Square Garden Sports Corp. Class A Common Stock (New),$198.52,0.77,0.389%,4766437804.00,United States,2015,264630,Consumer Discretionary,Services-Misc. Amusement & Recreation
MSI,Motorola Solutions Inc. Common Stock,$422.71,0.43,0.102%,70565918980.00,United States,,1140629,Technology,Radio And Television Broadcasting And Communications Equipment
MSIF,MSC Income Fund Inc. Common Stock,$17.36,0.06,0.347%,1397147070.00,,2025,354318,Finance,Finance/Investors Services
MSM,MSC Industrial Direct Company Inc. Common Stock,$77.54,-0.65,-0.831%,4331317250.00,United States,1995,1994185,Industrials,Industrial Machinery/Components
MT,Arcelor Mittal NY Registry Shares NEW,$31.58,-0.42,-1.313%,24270702323.00,Luxembourg,,1888736,Industrials,Steel/Iron Ore
MTAL,MAC Copper Limited Ordinary Shares,$10.69,-0.06,-0.558%,791650761.00,United States,,1630017,Basic Materials,Metal Mining
MTB,M&T Bank Corporation Common Stock,$178.25,1.34,0.757%,29292438176.00,United States,,8883500,Finance,Major Banks
MTB^H,M&T Bank Corporation Perpetual Fixed-to-Floating Rate Non-Cumulative Preferred Stock Series H,$24.41,-0.065,-0.266%,,United States,,33827,,
MTB^J,M&T Bank Corporation Depositary Shares each representing a 1/400th ownership interest in a share of Perpetual 7.500% Non-Cumulative Preferred Stock Series J,$26.69,-0.03,-0.112%,,United States,,98275,,
MTD,Mettler-Toledo International Inc. Common Stock,$1199.21,-1.17,-0.097%,25083226797.00,Switzerland,1997,210236,Industrials,Biotechnology: Laboratory Analytical Instruments
MTDR,Matador Resources Company Common Stock,$51.51,-0.80,-1.529%,6449423490.00,United States,2012,2355582,Energy,Oil & Gas Production
MTG,MGIC Investment Corporation Common Stock,$23.55,-0.16,-0.675%,5715741796.00,United States,1991,23038337,Finance,Property-Casualty Insurers
MTH,Meritage Homes Corporation Common Stock,$70.38,-1.09,-1.525%,5050884887.00,United States,,2304856,Consumer Discretionary,Homebuilding
MTN,Vail Resorts Inc. Common Stock,$160.67,0.18,0.112%,5999091158.00,United States,1997,785221,Consumer Discretionary,Services-Misc. Amusement & Recreation
MTR,Mesa Royalty Trust Common Stock,$6.28,-0.14,-2.181%,11703345.00,United States,,3199,Energy,Oil & Gas Production
MTRN,Materion Corporation,$85.63,0.31,0.363%,1778125275.00,United States,,369783,Industrials,Industrial Specialties
MTUS,Metallus Inc. Common Shares,$12.92,-0.95,-6.849%,544144198.00,United States,2014,1155277,Industrials,Steel/Iron Ore
MTW,Manitowoc Company Inc. (The) Common Stock,$9.33,-0.36,-3.715%,327802506.00,United States,,390764,Industrials,Construction/Ag Equipment/Trucks
MTX,Minerals Technologies Inc. Common Stock,$65.13,-2.04,-3.037%,2077487692.00,United States,1992,1216099,Industrials,Major Chemicals
MTZ,MasTec Inc. Common Stock,$124.03,-2.55,-2.015%,9834565427.00,United States,,4896186,Industrials,Water Sewer Pipeline Comm & Power Line Construction
MUA,Blackrock MuniAssets Fund Inc Common Stock,$10.84,0.07,0.65%,1612585186.00,United States,1993,78035,Finance,Investment Bankers/Brokers/Service
MUC,Blackrock MuniHoldings California Quality Fund Inc.  Common Stock,$10.76,0.06,0.561%,1600684188.00,United States,1998,192661,Finance,Investment Bankers/Brokers/Service
MUE,Blackrock MuniHoldings Quality Fund II Inc. Common Stock,$10.18,0.07,0.692%,1514401955.00,United States,,62855,Finance,Investment Bankers/Brokers/Service
MUFG,Mitsubishi UFJ Financial Group Inc. Common Stock,$14.98,0.65,4.536%,175673884024.00,Japan,,54976718,Finance,Commercial Banks
MUJ,Blackrock MuniHoldings New Jersey Quality Fund Inc. Common Stock,$11.38,0.09,0.797%,1692916920.00,United States,1998,87948,Finance,Investment Bankers/Brokers/Service
MUR,Murphy Oil Corporation Common Stock,$26.70,-0.13,-0.485%,3894333386.00,United States,,14859325,Energy,Oil & Gas Production
MUSA,Murphy USA Inc. Common Stock,$441.10,2.28,0.52%,8829158171.00,United States,2013,342739,Consumer Discretionary,Retail-Auto Dealers and Gas Stations
MUX,McEwen Mining Inc. Common Stock,$7.65,-0.69,-8.273%,412599002.00,Canada,,1905946,Basic Materials,Precious Metals
MVF,Blackrock MuniVest Fund Inc. Common Stock,$7.15,0.03,0.421%,1063651668.00,United States,1988,72247,Finance,Investment Bankers/Brokers/Service
MVO,MV Oil Trust Units of Beneficial Interests,$5.67,-0.83,-12.769%,65205000.00,United States,2007,273594,Energy,Oil & Gas Production
MVT,Blackrock MuniVest Fund II Inc.  Common Stock,$10.82,0.21,1.979%,1609609936.00,United States,1993,92069,Finance,Investment Bankers/Brokers/Service
MWA,MUELLER WATER PRODUCTS Common Stock,$26.84,-0.84,-3.035%,4203131761.00,United States,2006,30541563,Industrials,Metal Fabrications
MX,Magnachip Semiconductor Corporation Common Stock,$3.83,-0.10,-2.545%,141262959.00,Luxembourg,2011,286560,Technology,Semiconductors
MXE,Mexico Equity and Income Fund Inc. (The) Common Stock,$8.8717,-0.0083,-0.093%,0.00,United States,,10318,Finance,Finance Companies
MXF,Mexico Fund Inc. (The) Common Stock,$14.41,-0.12,-0.826%,0.00,United States,,3397,Finance,Trusts Except Educational Religious and Charitable
MYD,Blackrock MuniYield Fund Inc.  Common Stock,$10.56,0.03,0.285%,1570931694.00,United States,1991,37805,Finance,Investment Bankers/Brokers/Service
MYE,Myers Industries Inc. Common Stock,$12.05,-0.47,-3.754%,449416366.00,United States,1983,471728,Industrials,Plastic Products
MYI,Blackrock MuniYield Quality Fund III Inc Common Stock,$11.02,0.04,0.364%,1639362430.00,United States,,108025,Finance,Investment Bankers/Brokers/Service
MYN,Blackrock MuniYield New York Quality Fund Inc.Common Stock,$10.07,0.09,0.902%,0.00,United States,1992,172459,Finance,Finance Companies
MYTE,MYT Netherlands Parent B.V. American Depositary Shares each representing one Ordinary Share,$7.85,-0.14,-1.752%,669337802.00,,2021,49840,Consumer Discretionary,Catalog/Specialty Distribution
NABL,N-able Inc. Common Stock,$7.49,-0.13,-1.706%,1415240189.00,United States,2021,2129857,Technology,Computer Software: Prepackaged Software
NAC,Nuveen California Quality Municipal Income Fund,$11.33,0.03,0.265%,0.00,United States,1999,273168,Finance,Investment Managers
NAD,Nuveen Quality Municipal Income Fund Common Stock,$11.63,0.08,0.693%,0.00,United States,1999,499322,Finance,Investment Managers
NAN,Nuveen New York Quality Municipal Income Fund Common Stock,$11.43,0.13,1.15%,3455469594.00,United States,1999,101913,Finance,Investment Managers
NAT,Nordic American Tankers Limited Common Stock,$2.56,-0.08,-3.03%,534518897.00,Bermuda,1995,5313267,Consumer Discretionary,Marine Transportation
NATL,NCR Atleos Corporation Common Stock,$27.12,-0.61,-2.20%,1980890199.00,United States,2023,1309339,Miscellaneous,Office Equipment/Supplies/Services
NAZ,Nuveen Arizona Quality Municipal Income Fund Common Stock,$12.30,-0.01,-0.081%,0.00,United States,1992,21822,Finance,Finance/Investors Services
NBB,Nuveen Taxable Municipal Income Fund Common Shares of Beneficial Interest,$16.05,0.14,0.88%,0.00,United States,2010,58221,Finance,Finance Companies
NBHC,National Bank Holdings Corporation Common Stock,$38.85,-0.46,-1.17%,1478449260.00,United States,2012,1171386,Finance,Major Banks
NBR,Nabors Industries Ltd.,$43.51,-0.27,-0.617%,417854986.00,Bermuda,1951,2054894,Energy,Oil & Gas Production
NBXG,Neuberger Berman Next Generation Connectivity Fund Inc. Common Stock,$12.54,0.06,0.481%,0.00,United States,2021,190155,Finance,Trusts Except Educational Religious and Charitable
NC,NACCO Industries Inc. Common Stock,$34.19,0.19,0.559%,254110200.00,United States,,26111,Energy,Coal Mining
NCA,Nuveen California Municipal Value Fund,$8.71,0.052,0.601%,0.00,United States,,46064,Finance,Investment Managers
NCDL,Nuveen Churchill Direct Lending Corp. Common Stock,$17.26,-0.08,-0.461%,896955753.00,,2024,237588,,
NCLH,Norwegian Cruise Line Holdings Ltd. Ordinary Shares,$20.40,0.31,1.543%,8974874369.00,United States,,19959708,Consumer Discretionary,Marine Transportation
NCV,Virtus Convertible & Income Fund Common Shares of Beneficial Interest,$13.22,0.03,0.227%,1194738582.00,United States,2003,52412,Finance,Finance Companies
NCV^A,Virtus Convertible & Income Fund 5.625% Series A Cumulative Preferred Shares,$22.12,0.00,0.00%,,United States,,1166,,
NCZ,Virtus Convertible & Income Fund II Common Shares of Beneficial Interest,$11.87,0.06,0.508%,903493941.00,United States,2003,16759,Finance,Finance Companies
NCZ^A,Virtus Convertible & Income Fund II 5.50% Series A Cumulative Preferred Shares,$21.3123,-0.1577,-0.735%,,United States,,7879,,
NDMO,Nuveen Dynamic Municipal Opportunities Fund Common Shares of Beneficial Interest,$10.28,0.03,0.293%,611302606.00,,2020,127697,Finance,Trusts Except Educational Religious and Charitable
NE,Noble Corporation plc A Ordinary Shares,$24.15,-0.80,-3.206%,3844470209.00,United States,2022,3593607,Energy,Oil & Gas Production
NEA,Nuveen AMT-Free Quality Municipal Income Fund Common Shares of Beneficial Interest Par Value $.01,$11.31,0.05,0.444%,0.00,United States,2002,1158363,Finance,Finance/Investors Services
NEE,NextEra Energy Inc. Common Stock,$70.88,-0.27,-0.379%,145802022726.00,United States,,15781998,Technology,EDP Services
NEE^N,NextEra Energy Inc. Series N Junior Subordinated Debentures due March 1 2079,$23.23,0.00,0.00%,,United States,,32110,,
NEE^R,NextEra Energy Inc. 6.926% Corporate Units,$40.48,-0.19,-0.467%,,United States,,18662,,
NEE^S,NextEra Energy Inc. 7.299% Corporate Units,$48.10,-0.03,-0.062%,,United States,,7930,,
NEE^T,NextEra Energy Inc. 7.234% Corporate Units,$45.37,0.08,0.177%,,United States,,64810,,
NEM,Newmont Corporation,$47.36,-0.40,-0.838%,53368140512.00,United States,,27911749,Basic Materials,Precious Metals
NET,Cloudflare Inc. Class A Common Stock,$119.22,1.28,1.085%,36758021275.00,United States,2019,4325279,Technology,Computer Software: Prepackaged Software
NEU,NewMarket Corp Common Stock,$531.42,-6.92,-1.285%,5061663370.00,United States,,312041,Industrials,Major Chemicals
NEUE,NeueHealth Inc. Common Stock,$5.61,0.34,6.452%,46477661.00,United States,2021,43356,Health Care,Medical Specialities
NEXA,Nexa Resources S.A. Common Shares,$5.78,0.09,1.582%,765495172.00,Luxembourg,2017,13508,Basic Materials,Metal Mining
NFG,National Fuel Gas Company Common Stock,$78.17,-0.84,-1.063%,7083214692.00,United States,,1464670,Utilities,Oil/Gas Transmission
NFJ,Virtus Dividend Interest & Premium Strategy Fund Common Shares of Beneficial Interest,$12.13,-0.04,-0.329%,0.00,United States,2005,147336,Finance,Finance: Consumer Services
NGG,National Grid Transco PLC National Grid PLC (NEW) American Depositary Shares,$63.85,-1.23,-1.89%,62473599789.00,United Kingdom,,697516,Utilities,Natural Gas Distribution
NGL,NGL ENERGY PARTNERS LP Common Units representing Limited Partner Interests,$4.66,0.00,0.00%,615179490.00,United States,2011,669453,Utilities,Natural Gas Distribution
NGL^B,NGL ENERGY PARTNERS LP 9.00% Class B Fixed-to-Floating Rate Cumulative Redeemable Perpetual Preferred Units representing limited partnership interests,$23.87,-0.13,-0.542%,,United States,,98410,,
NGL^C,NGL ENERGY PARTNERS LP 9.625% Class C Fixed-to-Floating Rate Cumulative  Redeemable Perpetual Preferred Units representing  limited partner interests,$23.9291,0.0114,0.048%,,United States,,6661,,
NGS,Natural Gas Services Group Inc. Common Stock,$21.65,0.11,0.511%,270766201.00,United States,2002,100207,Energy,Oilfield Services/Equipment
NGVC,Natural Grocers by Vitamin Cottage Inc. Common Stock,$37.75,0.06,0.159%,865653782.00,United States,2012,135018,Consumer Staples,Food Chains
NGVT,Ingevity Corporation Common Stock ,$42.38,-0.76,-1.762%,1540565382.00,United States,2016,515007,Industrials,Major Chemicals
NHI,National Health Investors Inc. Common Stock,$73.34,-1.41,-1.886%,3350753666.00,United States,,712184,Real Estate,Real Estate Investment Trusts
NI,NiSource Inc Common Stock,$39.23,-0.34,-0.859%,18435732038.00,United States,,10562470,Utilities,Power Generation
NIC,Nicolet Bankshares Inc. Common Stock,$110.95,-1.77,-1.57%,1692966634.00,United States,2022,750572,Finance,Major Banks
NIE,Virtus Equity & Convertible Income Fund Common Shares of Beneficial Interest,$22.37,-0.01,-0.045%,619849547.00,United States,2007,24287,Finance,Investment Managers
NIM,Nuveen Select Maturities Municipal Fund Common Stock,$9.13,-0.07,-0.761%,0.00,United States,1992,18062,Finance,Trusts Except Educational Religious and Charitable
NINE,Nine Energy Service Inc. Common Stock,$1.20,-0.03,-2.439%,50818372.00,United States,2018,400455,Energy,Oilfield Services/Equipment
NIO,NIO Inc. American depositary shares each  representing one Class A ordinary share,$4.50,-0.21,-4.459%,9392260617.00,United States,2018,82883030,Consumer Discretionary,Auto Manufacturing
NJR,NewJersey Resources Corporation Common Stock,$48.48,-0.70,-1.423%,4862031179.00,United States,,1991259,Utilities,Oil/Gas Transmission
NKE,Nike Inc. Common Stock,$67.94,-3.92,-5.455%,100491880703.00,United States,,77286988,Consumer Discretionary,Shoe Manufacturing
NKX,Nuveen California AMT-Free Quality Municipal Income Fund,$12.78,0.03,0.235%,0.00,United States,2002,89698,Finance,Finance/Investors Services
NL,NL Industries Inc. Common Stock,$7.65,-0.27,-3.409%,373685165.00,United States,,31489,Industrials,Major Chemicals
NLOP,Net Lease Office Properties Common Shares of Beneficial Interest,$30.65,-0.20,-0.648%,454051399.00,United States,2023,319553,Real Estate,Real Estate Investment Trusts
NLY,Annaly Capital Management Inc. Common Stock,$21.68,-0.08,-0.368%,12538799359.00,United States,,12579384,Real Estate,Real Estate Investment Trusts
NLY^F,Annaly Capital Management Inc 6.95% Series F,$25.97,0.00,0.00%,,United States,,35858,,
NLY^G,Annaly Capital Management Inc 6.50% Series G Fixed-to-Floating Rate Cumulative Redeemable Preferred Stock,$25.31,0.005,0.02%,,United States,,16219,,
NLY^I,Annaly Capital Management Inc 6.750% Series I Fixed-to-Floating Rate Cumulative Redeemable Preferred Stock,$25.80,-0.05,-0.193%,,United States,,18106,,
NMAI,Nuveen Multi-Asset Income Fund Common Shares of Beneficial Interest,$12.08,-0.02,-0.165%,0.00,United States,2021,93420,Finance,Investment Managers
NMCO,Nuveen Municipal Credit Opportunities Fund Common Shares,$10.87,0.05,0.462%,595365922.00,,2019,62746,Finance,Finance/Investors Services
NMG,Nouveau Monde Graphite Inc. Common Shares,$1.80,0.12,7.143%,274070140.00,,,226500,Basic Materials,Other Metals and Minerals
NMI,Nuveen Municipal Income Fund Inc. Common Stock,$9.87,0.04,0.407%,0.00,United States,1988,9096,Finance,Trusts Except Educational Religious and Charitable
NMM,Navios Maritime Partners LP Common Units Representing Limited Partner Interests,$40.13,-0.66,-1.618%,1211299490.00,Greece,2007,67384,Consumer Discretionary,Marine Transportation
NMR,Nomura Holdings Inc ADR American Depositary Shares,$6.58,0.06,0.92%,19547568953.00,Japan,,487140,Finance,Investment Bankers/Brokers/Service
NMS,Nuveen Minnesota Quality Municipal Income Fund ,$12.2466,0.0416,0.341%,0.00,United States,2014,22700,Finance,Finance Companies
NMT,Nuveen Massachusetts Quality Municipal Income Fund Common Stock,$11.7596,0.0096,0.082%,0.00,United States,,26814,Finance,Finance/Investors Services
NMZ,Nuveen Municipal High Income Opportunity Fund Common Stock $0.01 par value per share,$11.04,0.03,0.272%,0.00,United States,2003,200486,Finance,Finance/Investors Services
NNI,Nelnet Inc. Common Stock,$111.72,-2.29,-2.009%,4054659881.00,United States,2003,145322,Finance,Finance: Consumer Services
NNN,NNN REIT Inc. Common Stock,$41.42,-0.20,-0.481%,7768451059.00,United States,,2078864,Real Estate,Real Estate Investment Trusts
NNY,Nuveen New York Municipal Value Fund Common Stock,$8.27,0.05,0.608%,0.00,United States,1988,44283,Finance,Investment Managers
NOA,North American Construction Group Ltd. Common Shares (no par),$16.12,-0.45,-2.716%,448575786.00,Canada,2006,105294,Energy,Oilfield Services/Equipment
NOAH,Noah Holdings Limited American Depositary Shares,$11.11,0.00,0.00%,728893015.00,China,2010,45344,Finance,Investment Managers
NOC,Northrop Grumman Corporation Common Stock,$490.72,1.49,0.305%,71034496984.00,United States,,2084847,Industrials,Industrial Machinery/Components
NOG,Northern Oil and Gas Inc. Common Stock,$30.11,-0.69,-2.24%,2984311851.00,United States,2022,3519127,Energy,Oil & Gas Production
NOK,Nokia Corporation Sponsored American Depositary Shares,$5.31,-0.02,-0.375%,29767065332.00,Finland,1994,12022410,Technology,Radio And Television Broadcasting And Communications Equipment
NOM,Nuveen Missouri Quality Municipal Income Fund ,$10.50,0.0488,0.467%,0.00,United States,1993,18458,Finance,Investment Managers
NOMD,Nomad Foods Limited Ordinary Shares,$19.37,-0.18,-0.921%,2971415664.00,United Kingdom,2016,815248,Consumer Staples,Packaged Foods
NOTE,FiscalNote Holdings Inc. Class A common stock,$0.9795,-0.0078,-0.79%,138321248.00,United States,2022,2233399,Consumer Discretionary,Business Services
NOV,NOV Inc. Common Stock,$14.64,-0.46,-3.046%,5575202033.00,United States,,25543763,Industrials,Metal Fabrications
NOVA,Sunnova Energy International Inc. Common Stock,$0.41,-0.12,-22.642%,51283603.00,United States,2019,28062602,Utilities,Power Generation
NOW,ServiceNow Inc. Common Stock,$827.75,3.63,0.44%,170516500000.00,United States,2012,2907341,Technology,Computer Software: Prepackaged Software
NPB,Northpointe Bancshares Inc. Common Stock,$14.50,0.01,0.069%,479116279.00,,2025,734883,Finance,Major Banks
NPCT,Nuveen Core Plus Impact Fund Common Shares of Beneficial Interest,$10.70,0.01,0.094%,0.00,United States,2021,146129,Finance,Investment Managers
NPFD,Nuveen Variable Rate Preferred & Income Fund Common Shares,$18.85,0.09,0.48%,0.00,United States,2021,33345,Finance,Trusts Except Educational Religious and Charitable
NPK,National Presto Industries Inc. Common Stock,$89.38,0.02,0.022%,638484600.00,United States,,154938,Industrials,Ordnance And Accessories
NPKI,NPK International Inc. Common Stock,$5.80,-0.03,-0.515%,502016019.00,United States,,1079278,Industrials,Metal Fabrications
NPO,Enpro Inc. Common Stock,$172.26,-1.71,-0.983%,3650240561.00,United States,,237435,Industrials,Metal Fabrications
NPV,Nuveen Virginia Quality Municipal Income Fund Common Stock,$12.17,0.03,0.247%,0.00,United States,1993,27308,Finance,Investment Managers
NPWR,NET Power Inc. Class A Common Stock,$2.94,-0.09,-2.97%,639827717.00,United States,2021,1204299,Energy,Industrial Machinery/Components
NQP,Nuveen Pennsylvania Quality Municipal Income Fund Common Stock,$11.38,0.02,0.176%,0.00,United States,1991,67307,Finance,Trusts Except Educational Religious and Charitable
NRDY,Nerdy Inc. Class A Common Stock,$1.58,0.01,0.637%,288266331.00,United States,2020,764402,Real Estate,Other Consumer Services
NREF,NexPoint Real Estate Finance Inc. Common Stock,$15.83,0.09,0.572%,276409672.00,United States,2020,64048,Real Estate,Real Estate Investment Trusts
NREF^A,NexPoint Real Estate Finance Inc. 8.50% Series A Cumulative Redeemable Preferred Stock,$23.90,0.1754,0.739%,,United States,,1233,,
NRG,NRG Energy Inc. Common Stock,$100.66,1.02,1.024%,19937582860.00,United States,,7623482,Utilities,Electric Utilities: Central
NRGV,Energy Vault Holdings Inc. Common Stock,$0.9533,0.0409,4.483%,145015641.00,United States,2021,1865257,Miscellaneous,Industrial Machinery/Components
NRK,Nuveen New York AMT-Free Quality Municipal Income Fund ,$10.39,0.00,0.00%,0.00,United States,2002,380189,Finance,Trusts Except Educational Religious and Charitable
NRP,Natural Resource Partners LP Limited Partnership,$109.05,0.30,0.276%,1423006863.00,United States,2002,11023,Energy,Coal Mining
NRT,North European Oil Royality Trust Common Stock,$4.77,-0.1865,-3.763%,43839114.00,United States,,22596,Energy,Oil & Gas Production
NRUC,National Rural Utilities Cooperative Finance Corporation 5.500% Subordinated Notes due 2064 (Subordinated Deferrable Interest Notes),$23.63,0.04,0.17%,0.00,United States,2019,7881,Finance,Diversified Financial Services
NSA,National Storage Affiliates Trust Common Shares of Beneficial Interest,$38.15,-0.24,-0.625%,2914738551.00,United States,2015,1361347,Real Estate,Real Estate Investment Trusts
NSA^A,National Storage Affiliates Trust 6.000% Series A Cumulative Redeemable Preferred Shares of Beneficial Interest (Liquidation Preference $25.00 per share),$22.15,-0.14,-0.628%,,United States,,2536,,
NSA^B,National Storage Affiliates Trust 6.000% Series B Cumulative Redeemable Preferred Shares of Beneficial Interest,$21.98,0.20,0.918%,,United States,,8076,,
NSC,Norfolk Southern Corporation Common Stock,$231.75,-1.79,-0.766%,52476109164.00,United States,,1248406,Industrials,Railroads
NSP,Insperity Inc. Common Stock,$86.60,-0.81,-0.927%,3224133068.00,United States,,2436800,Consumer Discretionary,Professional Services
NTB,Bank of N.T. Butterfield & Son Limited (The) Voting Ordinary Shares,$38.30,-0.21,-0.545%,1646900000.00,Bermuda,2016,417802,Finance,Commercial Banks
NTR,Nutrien Ltd. Common Shares,$52.48,0.03,0.057%,25964855547.00,Canada,2018,2457872,Industrials,Agricultural Chemicals
NTST,NetSTREIT Corp. Common Stock,$15.02,-0.30,-1.958%,1226580183.00,United States,2020,1191238,Real Estate,Real Estate Investment Trusts
NTZ,Natuzzi S.p.A.,$4.79,0.10,2.132%,52759977.00,Italy,1993,591,Consumer Discretionary,Home Furnishings
NU,Nu Holdings Ltd. Class A Ordinary Shares,$11.59,0.19,1.667%,55237211615.00,Cayman Islands,2021,60618007,Finance,Finance: Consumer Services
NUE,Nucor Corporation Common Stock,$122.01,-7.49,-5.784%,28127677228.00,United States,,10007352,Industrials,Steel/Iron Ore
NUS,Nu Skin Enterprises Inc. Common Stock,$7.71,-0.41,-5.049%,383362626.00,United States,1996,2276072,Health Care,Other Pharmaceuticals
NUV,Nuveen Municipal Value Fund Inc. Common Stock,$8.79,0.06,0.687%,0.00,United States,1987,431172,Finance,Trusts Except Educational Religious and Charitable
NUVB,Nuvation Bio Inc. Class A Common Stock,$1.89,-0.07,-3.571%,640103036.00,United States,2020,3526547,Health Care,Biotechnology: Pharmaceutical Preparations
NUW,Nuveen AMT-Free Municipal Value Fund,$13.85,0.10,0.727%,0.00,United States,2009,41591,Finance,Investment Managers
NVG,Nuveen AMT-Free Municipal Credit Income Fund ,$12.44,0.05,0.404%,0.00,United States,2002,213673,Finance,Investment Managers
NVGS,Navigator Holdings Ltd. Ordinary Shares (Marshall Islands),$13.91,-0.45,-3.134%,1018331431.00,Marshall Islands,2013,335341,Consumer Discretionary,Marine Transportation
NVO,Novo Nordisk A/S Common Stock,$76.86,-1.93,-2.45%,343179900000.00,Denmark,,5880455,Health Care,Biotechnology: Pharmaceutical Preparations
NVR,NVR Inc. Common Stock,$7184.79,-103.13,-1.415%,21485762440.00,United States,1998,62750,Consumer Discretionary,Homebuilding
NVRI,Enviri Corporation Common Stock,$6.75,-0.01,-0.148%,541334995.00,United States,,4280687,Miscellaneous,Diversified Commercial Services
NVRO,Nevro Corp. Common Stock,$5.77,-0.01,-0.173%,218559320.00,United States,2014,1580602,Health Care,Medical/Dental Instruments
NVS,Novartis AG Common Stock,$112.13,-1.08,-0.954%,221466757378.00,Switzerland,,3595590,Health Care,Biotechnology: Pharmaceutical Preparations
NVST,Envista Holdings Corporation Common Stock,$16.66,-0.22,-1.303%,2868653080.00,United States,2019,12252515,Health Care,Medical/Dental Instruments
NVT,nVent Electric plc Ordinary Shares ,$57.13,0.27,0.475%,9427715201.00,United Kingdom,2018,3766829,Industrials,Industrial Machinery/Components
NWG,NatWest Group plc American Depositary Shares (each representing two (2) Ordinary Shares),$12.00,-0.10,-0.826%,48326491704.00,United Kingdom,2022,4288684,Finance,Commercial Banks
NWN,Northwest Natural Holding Company Common Stock,$41.27,-0.58,-1.386%,1660642689.00,United States,,713210,Utilities,Oil/Gas Transmission
NX,Quanex Building Products Corporation Common Stock,$19.70,-0.47,-2.33%,930436181.00,United States,,1850256,Industrials,Metal Fabrications
NXC,Nuveen California Select Tax-Free Income Portfolio Common Stock,$13.105,0.1045,0.804%,83359372.00,United States,1992,8292,Finance,Investment Managers
NXDT,NexPoint Diversified Real Estate Trust Common Stock,$3.99,-0.07,-1.724%,167280279.00,United States,,2660527,Real Estate,Real Estate Investment Trusts
NXDT^A,NexPoint Diversified Real Estate Trust 5.50% Series A Cumulative Preferred Shares ($25.00 liquidation preference per share),$14.69,-0.32,-2.132%,,United States,,47157,,
NXE,Nexgen Energy Ltd. Common Shares,$4.92,-0.12,-2.381%,2778302337.00,Canada,2017,17916498,Basic Materials,Other Metals and Minerals
NXG,NXG NextGen Infrastructure Income Fund Common Shares of Beneficial Interest,$47.61,-0.24,-0.502%,123867604.00,,2012,38440,,
NXJ,Nuveen New Jersey Qualified Municipal Fund ,$11.90,0.04,0.337%,0.00,United States,2001,84471,Finance,Finance/Investors Services
NXN,Nuveen New York Select Tax-Free Income Portfolio Common Stock,$11.805,0.09,0.768%,46333385.00,United States,1992,8264,Finance,Trusts Except Educational Religious and Charitable
NXP,Nuveen Select Tax Free Income Portfolio Common Stock,$14.36,0.07,0.49%,672035263.00,United States,1992,77344,Finance,Trusts Except Educational Religious and Charitable
NXRT,NexPoint Residential Trust Inc. Common Stock,$37.84,-0.45,-1.175%,963637413.00,United States,2015,566170,Real Estate,Real Estate Investment Trusts
NYC,American Strategic Investment Co. Class A Common Stock,$10.35,0.7938,8.307%,27265574.00,,2020,4741,Real Estate,Real Estate Investment Trusts
NYT,New York Times Company (The) Common Stock,$48.69,0.09,0.185%,7951228231.00,United States,,4784894,Consumer Discretionary,Newspapers/Magazines
NZF,Nuveen Municipal Credit Income Fund ,$12.24,0.06,0.493%,0.00,United States,2007,404601,Finance,Finance Companies
O,Realty Income Corporation Common Stock,$55.80,-0.66,-1.169%,49746601784.00,United States,,10839460,Real Estate,Real Estate Investment Trusts
OAK^A,Brookfield Oaktree Holdings LLC 6.625% Series A Preferred Units,$22.25,-0.1845,-0.822%,,United States,,6154,,
OAK^B,Brookfield Oaktree Holdings LLC 6.550% Series B Preferred Units,$21.62,-0.11,-0.506%,,United States,,1351,,
OBDC,Blue Owl Capital Corporation Common Stock,$14.98,-0.09,-0.597%,7652497557.00,,2019,10922851,Finance,Diversified Financial Services
OBK,Origin Bancorp Inc. Common Stock,$35.11,-0.30,-0.847%,1095868417.00,United States,,353334,Finance,Major Banks
OC,Owens Corning Inc Common Stock New,$144.44,-2.63,-1.788%,12355479064.00,United States,,2356703,Industrials,Industrial Machinery/Components
OCFT,OneConnect Financial Technology Co. Ltd. American Depositary Shares each representing thirty ordinary shares,$6.76,0.06,0.896%,263635640.00,China,2019,44748,Technology,Computer Software: Programming Data Processing
ODC,Oil-Dri Corporation Of America Common Stock,$46.03,-1.07,-2.272%,671581060.00,United States,,178840,Consumer Discretionary,Miscellaneous manufacturing industries
ODV,Osisko Development Corp. Common Shares,$1.55,-0.01,-0.641%,211699361.00,Canada,2022,205544,Basic Materials,Precious Metals
OEC,Orion S.A. Common Shares,$13.45,-0.38,-2.748%,761997618.00,Luxembourg,2014,1012444,Industrials,Major Chemicals
OFG,OFG Bancorp Common Stock,$40.19,-0.03,-0.075%,1824382770.00,Puerto Rico,,4156476,Finance,Major Banks
OGE,OGE Energy Corp Common Stock,$44.96,-0.30,-0.663%,9043653780.00,United States,,3377872,Utilities,Electric Utilities: Central
OGN,Organon & Co. Common Stock ,$15.39,-0.21,-1.346%,3969852793.00,United States,2021,20289041,Health Care,Biotechnology: Pharmaceutical Preparations
OGS,ONE Gas Inc. Common Stock,$73.08,-1.07,-1.443%,4375851500.00,United States,2014,629813,Utilities,Oil/Gas Transmission
OHI,Omega Healthcare Investors Inc. Common Stock,$37.37,-0.24,-0.638%,10532248690.00,United States,1992,6961235,Real Estate,Real Estate Investment Trusts
OI,O-I Glass Inc. Common Stock,$11.98,-0.28,-2.284%,1845728890.00,United States,,2633914,Consumer Discretionary,Containers/Packaging
OIA,Invesco Municipal Income Opportunities Trust Common Stock,$6.05,0.03,0.498%,288013813.00,United States,,152562,Finance,Finance Companies
OII,Oceaneering International Inc. Common Stock,$21.50,-0.24,-1.104%,2382932892.00,United States,,1502329,Energy,Oilfield Services/Equipment
OIS,Oil States International Inc. Common Stock,$5.29,-0.13,-2.399%,326713616.00,United States,2001,1202339,Industrials,Metal Fabrications
OKE,ONEOK Inc. Common Stock,$99.34,-1.31,-1.302%,62021894672.00,United States,,9379363,Utilities,Oil & Gas Production
OKLO,Oklo Inc. Class A common stock,$27.16,-0.61,-2.197%,3316134693.00,United States,2021,8093336,Utilities,Electric Utilities: Central
OLN,Olin Corporation Common Stock,$24.99,0.11,0.442%,2884442261.00,United States,,5361902,Industrials,Major Chemicals
OLO,Olo Inc. Class A Common Stock,$6.44,0.09,1.417%,1069144534.00,United States,2021,1790152,Technology,Computer Software: Prepackaged Software
OLP,One Liberty Properties Inc. Common Stock,$26.24,-0.09,-0.342%,566442303.00,United States,1986,170332,Real Estate,Real Estate Investment Trusts
OMC,Omnicom Group Inc. Common Stock,$81.14,0.45,0.558%,15943252315.00,United States,,11642476,Consumer Discretionary,Advertising
OMF,OneMain Holdings Inc. Common Stock,$50.42,0.41,0.82%,6018535568.00,United States,2013,1884428,Finance,Finance: Consumer Services
OMI,Owens & Minor Inc. Common Stock,$9.00,-0.54,-5.66%,695225538.00,United States,,3552221,Health Care,Medical Specialities
ONIT,Onity Group Inc. Common Stock,$33.57,-0.92,-2.667%,264298389.00,United States,,90633,Finance,Finance: Consumer Services
ONL,Orion Properties Inc. Common Stock,$2.31,-0.04,-1.702%,129612439.00,United States,2021,1013317,Real Estate,Real Estate Investment Trusts
ONON,On Holding AG Class A Ordinary Shares,$46.25,0.69,1.514%,29356440239.00,,2021,4225266,Consumer Discretionary,Shoe Manufacturing
ONTF,ON24 Inc. Common Stock,$5.48,0.10,1.859%,231942178.00,United States,2021,255614,Technology,Computer Software: Prepackaged Software
ONTO,Onto Innovation Inc. Common Stock,$135.59,-2.06,-1.497%,6680554011.00,United States,,1002548,Industrials,Industrial Machinery/Components
OOMA,Ooma Inc. Common Stock,$13.36,-0.26,-1.909%,360720000.00,United States,2015,218985,Technology,EDP Services
OPAD,Offerpad Solutions Inc. Class A Common Stock,$1.84,0.00,0.00%,50380006.00,United States,2020,54546,Finance,Real Estate
OPFI,OppFi Inc. Class A Common Stock,$9.76,-0.15,-1.514%,843311687.00,United States,2020,988745,Finance,Finance: Consumer Services
OPP,RiverNorth/DoubleLine Strategic Opportunity Fund Inc. Common Stock,$8.5897,-0.0003,-0.003%,0.00,United States,2016,42979,Finance,Finance/Investors Services
OPP^A,RiverNorth/DoubleLine Strategic Opportunity Fund Inc. 4.375% Series A Cumulative Preferred Stock,$18.5733,0.1433,0.778%,,United States,,7765,,
OPP^B,RiverNorth/DoubleLine Strategic Opportunity Fund Inc. 4.75% Series B Cumulative Preferred Stock,$20.2101,-0.0221,-0.109%,,United States,,1110,,
OPY,Oppenheimer Holdings Inc. Class A Common Stock (DE),$60.92,-0.26,-0.425%,641197621.00,United States,,71927,Finance,Investment Bankers/Brokers/Service
OR,Osisko Gold Royalties Ltd Common Shares,$20.32,0.30,1.499%,3784177060.00,Canada,2016,1525613,Basic Materials,Precious Metals
ORA,Ormat Technologies Inc. Common Stock,$71.64,-0.38,-0.528%,4334261551.00,United States,2004,890896,Utilities,Electric Utilities: Central
ORC,Orchid Island Capital Inc. Common Stock,$8.21,-0.02,-0.243%,765940686.00,United States,2013,3211400,Real Estate,Real Estate Investment Trusts
ORCL,Oracle Corporation Common Stock,$152.23,-0.49,-0.321%,426888541820.00,United States,1986,17620224,Technology,Computer Software: Prepackaged Software
ORI,Old Republic International Corporation Common Stock,$37.64,-0.13,-0.344%,9341910256.00,United States,,3157457,Finance,Property-Casualty Insurers
ORN,Orion Group Holdings Inc. Common,$5.76,-0.13,-2.207%,224579779.00,United States,,491314,Industrials,Military/Government/Technical
OSCR,Oscar Health Inc. Class A Common Stock,$13.04,0.12,0.929%,3267404112.00,United States,2021,4675428,Health Care,Medical Specialities
OSK,Oshkosh Corporation (Holding Company)Common Stock,$95.78,-1.90,-1.945%,6180157185.00,United States,,1047175,Consumer Discretionary,Auto Manufacturing
OTIS,Otis Worldwide Corporation Common Stock ,$101.21,-0.69,-0.677%,40131643761.00,United States,2020,7259819,Technology,Consumer Electronics/Appliances
OUT,OUTFRONT Media Inc. Common Stock,$16.25,-0.02,-0.123%,2714149961.00,United States,2014,4289174,Real Estate,Real Estate Investment Trusts
OVV,Ovintiv Inc. (DE),$41.46,-0.66,-1.567%,10796184000.00,Canada,,22256954,Energy,Oil & Gas Production
OWL,Blue Owl Capital Inc. Class A Common Stock,$20.65,0.01,0.048%,31756274702.00,United States,2020,11327186,Finance,Investment Managers
OWLT,Owlet Inc. Class A Common Stock,$4.29,0.14,3.373%,71069980.00,,2020,10616,Industrials,Industrial Machinery/Components
OXM,Oxford Industries Inc. Common Stock,$60.12,-1.01,-1.652%,943946104.00,United States,,562749,Consumer Discretionary,Apparel
OXY,Occidental Petroleum Corporation Common Stock,$47.94,-0.02,-0.042%,44991736262.00,United States,,23304423,Energy,Oil & Gas Production
PAAS,Pan American Silver Corp. Common Stock,$25.75,-0.65,-2.462%,9384330000.00,Canada,,4101565,Basic Materials,Precious Metals
PAC,Grupo Aeroportuario Del Pacifico S.A. B. de C.V. Grupo Aeroportuario Del Pacifico S.A. de C.V. (each representing 10 Series B shares),$186.19,-3.31,-1.747%,9407761028.00,Mexico,2006,96780,Consumer Discretionary,Aerospace
PACK,Ranpak Holdings Corp Class A Common Stock,$5.65,-0.05,-0.877%,472395263.00,United States,2018,777375,Consumer Discretionary,Containers/Packaging
PACS,PACS Group Inc. Common Stock,$11.51,-0.29,-2.458%,1754120927.00,United States,2024,779496,Health Care,Hospital/Nursing Management
PAG,Penske Automotive Group Inc. Common Stock,$149.38,-0.59,-0.393%,9970998782.00,United States,,303210,Consumer Discretionary,Retail-Auto Dealers and Gas Stations
PAGS,PagSeguro Digital Ltd. Class A Common Shares,$8.26,-0.17,-2.017%,2609077990.00,Cayman Islands,2018,4229932,Technology,EDP Services
PAI,Western Asset Investment Grade Income Fund Inc.,$12.82,0.12,0.945%,0.00,United States,,68222,Finance,Trusts Except Educational Religious and Charitable
PAM,Pampa Energia S.A.,$82.38,2.88,3.623%,4480290506.00,Argentina,,194450,Utilities,Electric Utilities: Central
PAR,PAR Technology Corporation Common Stock,$61.74,0.74,1.213%,2482755497.00,United States,,497110,Miscellaneous,Office Equipment/Supplies/Services
PARR,Par Pacific Holdings Inc.  Common Stock,$14.31,-0.47,-3.18%,783442234.00,United States,,4778778,Energy,Oil & Gas Production
PATH,UiPath Inc. Class A Common Stock,$10.81,-0.01,-0.092%,5941164422.00,United States,2021,11484073,Technology,Computer Software: Prepackaged Software
PAXS,PIMCO Access Income Fund Common Shares of Beneficial Interest,$16.03,0.05,0.313%,0.00,United States,2022,143664,Finance,Investment Managers
PAY,Paymentus Holdings Inc. Class A Common Stock,$27.29,-0.08,-0.292%,3410395004.00,United States,2021,484219,Consumer Discretionary,Business Services
PAYC,Paycom Software Inc. Common Stock,$218.30,2.87,1.332%,12500887939.00,United States,2014,2944716,Technology,Computer Software: Prepackaged Software
PB,Prosperity Bancshares Inc. Common Stock,$70.54,0.00,0.00%,6719832057.00,United States,,924179,Finance,Major Banks
PBA,Pembina Pipeline Corp. Ordinary Shares (Canada),$39.63,-0.35,-0.875%,22993880820.00,Canada,,2021163,Energy,Oil & Gas Production
PBF,PBF Energy Inc. Class A Common Stock,$20.76,-1.13,-5.162%,2393908115.00,United States,2012,4254156,Energy,Integrated oil Companies
PBH,Prestige Consumer Healthcare Inc. Common Stock,$84.21,-0.15,-0.178%,4171581422.00,United States,2005,641724,Health Care,Biotechnology: Pharmaceutical Preparations
PBI,Pitney Bowes Inc. Common Stock,$9.38,-0.06,-0.636%,1714541816.00,United States,,4152418,Miscellaneous,Office Equipment/Supplies/Services
PBI^B,Pitney Bowes Inc 6.70% Notes Due 2043,$20.90,-0.09,-0.429%,,United States,,10432,,
PBR,Petroleo Brasileiro S.A.- Petrobras Common Stock,$14.16,0.13,0.927%,91616171815.00,Brazil,,38991245,Energy,Oil & Gas Production
PBT,Permian Basin Royalty Trust Common Stock,$10.07,-0.09,-0.886%,469350576.00,United States,,78529,Energy,Oil & Gas Production
PCF,High Income Securities Fund Common Stock,$6.6401,-0.0499,-0.746%,0.00,United States,,54027,Finance,Trusts Except Educational Religious and Charitable
PCG,Pacific Gas & Electric Co. Common Stock,$16.88,-0.32,-1.86%,49554534942.00,United States,,31888074,Utilities,Power Generation
PCG^X,PG&E Corp 6.000% Series A Mandatory Convertible Preferred Stock,$43.13,-0.47,-1.078%,,United States,,6351,,
PCK,Pimco California Municipal Income Fund II Common Shares of Beneficial Interest,$5.79,0.02,0.347%,0.00,United States,2002,77421,Finance,Trusts Except Educational Religious and Charitable
PCM,PCM Fund Inc. Common Stock,$6.515,-0.025,-0.382%,0.00,United States,1993,17979,Finance,Trusts Except Educational Religious and Charitable
PCN,Pimco Corporate & Income Strategy Fund Common Stock,$13.58,0.01,0.074%,0.00,United States,2001,175335,Finance,Investment Managers
PCOR,Procore Technologies Inc. Common Stock,$70.38,0.91,1.31%,10551665618.00,United States,2021,1122467,Technology,Computer Software: Prepackaged Software
PCQ,PIMCO California Municipal Income Fund Common Stock,$8.96,0.01,0.112%,0.00,United States,2001,57626,Finance,Investment Managers
PD,PagerDuty Inc. Common Stock,$18.89,0.04,0.212%,1720585336.00,United States,2019,1763057,Technology,Computer Software: Prepackaged Software
PDCC,Pearl Diver Credit Company Inc. Common Stock,$19.03,-0.02,-0.105%,0.00,,2024,10210,,
PDI,PIMCO Dynamic Income Fund Common Stock,$19.89,0.02,0.101%,4835060100.00,United States,2012,1662296,Finance,Trusts Except Educational Religious and Charitable
PDM,Piedmont Office Realty Trust Inc. Class A Common Stock,$7.23,-0.14,-1.90%,898628774.00,United States,,1223944,Real Estate,Building operators
PDO,PIMCO Dynamic Income Opportunities Fund Common Shares of Beneficial Interest,$13.80,0.04,0.291%,1703996386.00,United States,2021,442077,Finance,Trusts Except Educational Religious and Charitable
PDPA,Pearl Diver Credit Company Inc. 8.00% Series A Preferred Stock Due 2029,$25.0095,0.0004,0.002%,0.00,,,5634,,
PDS,Precision Drilling Corporation Common Stock,$44.98,-0.48,-1.056%,632745805.00,Canada,,58950,Energy,Oil & Gas Production
PDT,John Hancock Premium Dividend Fund,$12.93,-0.11,-0.844%,0.00,United States,,66821,Finance,Finance Companies
PDX,PIMCO Dynamic Income Strategy Fund Common Shares of Beneficial Interest,$23.77,-0.11,-0.461%,1062685390.00,,2019,100523,Finance,Finance/Investors Services
PEB,Pebblebrook Hotel Trust Common Shares of Beneficial Interest,$10.27,-0.31,-2.93%,1230489421.00,United States,2009,3991272,Real Estate,Real Estate Investment Trusts
PEB^E,Pebblebrook Hotel Trust 6.375% Series E Cumulative Redeemable Preferred Shares of Beneficial Interest,$18.51,-0.09,-0.484%,,United States,,2613,,
PEB^F,Pebblebrook Hotel Trust 6.3% Series F Cumulative Redeemable Preferred Shares of Beneficial Interest,$18.5824,-0.2176,-1.157%,,United States,,1594,,
PEB^G,Pebblebrook Hotel Trust 6.375% Series G Cumulative Redeemable Preferred Shares of Beneficial Interest,$18.5526,-0.1074,-0.576%,,United States,,1313,,
PEB^H,Pebblebrook Hotel Trust 5.700% Series H Cumulative Redeemable Preferred Shares of Beneficial Interest,$16.85,-0.10,-0.59%,,United States,,1225,,
PEG,Public Service Enterprise Group Incorporated Common Stock,$82.98,-0.32,-0.384%,41370630532.00,United States,,5340105,Utilities,Power Generation
PEN,Penumbra Inc. Common Stock,$280.38,-0.95,-0.338%,10799101781.00,United States,2015,737372,Health Care,Medical/Dental Instruments
PEO,Adams Natural Resources Fund Inc. Common Stock,$22.54,-0.18,-0.792%,0.00,United States,,26733,Finance,Finance/Investors Services
PERF,Perfect Corp. Class A Ordinary Share,$1.93,0.06,3.209%,196567935.00,Taiwan,2022,65663,Technology,Computer Software: Prepackaged Software
PFD,Flaherty & Crumrine Preferred and Income Fund Incorporated,$11.345,0.045,0.398%,0.00,United States,1991,5032,Finance,Investment Managers
PFE,Pfizer Inc. Common Stock,$26.28,0.09,0.344%,148937706080.00,United States,,349996520,Health Care,Biotechnology: Pharmaceutical Preparations
PFGC,Performance Food Group Company Common Stock,$76.76,0.79,1.04%,11991177542.00,United States,2015,1892129,Consumer Discretionary,Food Distributors
PFH,Prudential Financial Inc. 4.125% Junior Subordinated Notes due 2060,$18.06,-0.07,-0.386%,6447420000.00,United States,2020,51152,Finance,Life Insurance
PFL,PIMCO Income Strategy Fund Shares of Beneficial Interest,$8.53,0.01,0.117%,0.00,United States,2003,74445,Finance,Finance Companies
PFLT,PennantPark Floating Rate Capital Ltd. Common Stock,$11.18,0.06,0.54%,983346917.00,United States,2022,1350583,Finance,Finance: Consumer Services
PFN,PIMCO Income Strategy Fund II,$7.53,0.00,0.00%,0.00,United States,2004,181647,Finance,Finance/Investors Services
PFO,Flaherty & Crumrine Preferred and Income Opportunity Fund Incorporated,$9.2407,-0.0193,-0.208%,0.00,United States,1992,14135,Finance,Finance Companies
PFS,Provident Financial Services Inc Common Stock,$16.92,-0.05,-0.295%,2207882222.00,United States,2003,1920264,Finance,Savings Institutions
PFSI,PennyMac Financial Services Inc. Common Stock,$101.01,-0.57,-0.561%,5195349350.00,United States,2013,352658,Finance,Finance: Consumer Services
PG,Procter & Gamble Company (The) Common Stock,$166.69,-0.86,-0.513%,390863348876.00,United States,,16027251,Consumer Discretionary,Package Goods/Cosmetics
PGP,Pimco Global StocksPlus & Income Fund Common Shares of Beneficial Interest,$8.11,0.04,0.496%,0.00,United States,2005,34307,Finance,Finance Companies
PGR,Progressive Corporation (The) Common Stock,$272.86,-1.76,-0.641%,159952627292.00,United States,,7280219,Finance,Property-Casualty Insurers
PGRE,Paramount Group Inc. Common Stock,$4.15,-0.06,-1.425%,902740358.00,United States,2014,2089858,Real Estate,Real Estate Investment Trusts
PGZ,Principal Real Estate Income Fund Common Shares of Beneficial Interest,$10.47,0.02,0.191%,0.00,,2013,21250,Finance,Investment Managers
PH,Parker-Hannifin Corporation Common Stock,$622.10,-2.62,-0.419%,80104608830.00,United States,,813228,Industrials,Metal Fabrications
PHD,Pioneer Floating Rate Fund Inc.,$9.40,-0.015,-0.159%,0.00,United States,2004,44018,Finance,Investment Managers
PHG,Koninklijke Philips N.V. NY Registry Shares,$25.49,-0.39,-1.507%,23578481296.00,Netherlands,,720804,Health Care,Medical Electronics
PHI,PLDT Inc. Sponsored ADR,$22.82,-0.56,-2.395%,4930392786.00,Philippines,,140985,Telecommunications,Telecommunications Equipment
PHIN,PHINIA Inc. Common Stock,$44.51,0.34,0.77%,1816611511.00,United States,2023,3242411,Consumer Discretionary,Auto Parts:O.E.M.
PHK,Pimco High Income Fund,$4.89,0.00,0.00%,0.00,United States,2003,380867,Finance,Finance/Investors Services
PHM,PulteGroup Inc. Common Stock,$102.72,-2.62,-2.487%,20796480829.00,United States,,8818591,Consumer Discretionary,Homebuilding
PHR,Phreesia Inc. Common Stock,$27.46,-0.15,-0.543%,1613891422.00,United States,2019,543059,Consumer Discretionary,Business Services
PHT,Pioneer High Income Fund Inc.,$7.68,0.0299,0.391%,0.00,United States,,51439,Finance,Investment Managers
PHX,PHX Minerals Inc. Common Stock,$4.08,-0.02,-0.488%,154723261.00,United States,2003,38868,Energy,Oil & Gas Production
PII,Polaris Inc. Common Stock,$41.99,-0.15,-0.356%,2355634003.00,United States,,2629564,Consumer Discretionary,Industrial Specialties
PIM,Putnam Master Intermediate Income Trust Common Stock,$3.31,0.01,0.303%,166338734.00,United States,1988,19436,Finance,Finance Companies
PINE,Alpine Income Property Trust Inc. Common Stock,$16.21,-0.24,-1.459%,238165393.00,United States,2019,136355,Real Estate,Real Estate Investment Trusts
PINS,Pinterest Inc. Class A Common Stock,$32.42,1.00,3.183%,21988457059.00,United States,2019,15163851,Technology,Computer Software: Programming Data Processing
PIPR,Piper Sandler Companies Common Stock,$259.07,1.92,0.747%,4593422500.00,United States,,215926,Finance,Investment Bankers/Brokers/Service
PJT,PJT Partners Inc. Class A Common Stock,$144.02,1.56,1.095%,3355380408.00,United States,2015,388367,Finance,Investment Managers
PK,Park Hotels & Resorts Inc. Common Stock ,$11.17,-0.42,-3.624%,2256841857.00,United States,2016,8786142,Consumer Discretionary,Hotels/Resorts
PKE,Park Aerospace Corp. Common Stock,$13.84,0.15,1.096%,275765363.00,United States,,142821,Industrials,Military/Government/Technical
PKG,Packaging Corporation of America Common Stock,$194.41,-2.77,-1.405%,17458256152.00,United States,2000,2535164,Consumer Discretionary,Containers/Packaging
PKST,Peakstone Realty Trust Common Shares,$13.18,0.61,4.853%,484436027.00,United States,2023,1349371,Real Estate,Real Estate Investment Trusts
PKX,POSCO HOLDINGS INC. American Depositary Shares (Each representing 1/4th of a share of Common Stock),$51.93,-3.39,-6.128%,15761005718.00,South Korea,1994,1531251,Industrials,Steel/Iron Ore
PL,Planet Labs PBC Class A Common Stock,$3.79,-0.45,-10.613%,1124526462.00,United States,2021,17295908,Technology,Radio And Television Broadcasting And Communications Equipment
PLD,Prologis Inc. Common Stock,$108.42,-3.65,-3.257%,100490161200.00,United States,,7526647,Real Estate,Real Estate Investment Trusts
PLNT,Planet Fitness Inc. Common Stock,$100.02,-0.31,-0.309%,8468891340.00,United States,2015,2407815,Consumer Discretionary,Hotels/Resorts
PLOW,Douglas Dynamics Inc. Common Stock,$23.70,-0.33,-1.373%,547328914.00,United States,2010,252018,Industrials,Construction/Ag Equipment/Trucks
PLYM,Plymouth Industrial REIT Inc. Common Stock,$17.01,-0.33,-1.903%,774820775.00,United States,2017,530222,Real Estate,Real Estate Investment Trusts
PM,Philip Morris International Inc Common Stock,$151.48,-0.99,-0.649%,235529771837.00,United States,,11194916,Health Care, Medicinal Chemicals and Botanical Products 
PMF,PIMCO Municipal Income Fund Common Stock,$8.91,0.01,0.112%,0.00,United States,2001,45912,Finance,Finance/Investors Services
PML,Pimco Municipal Income Fund II Common Shares of Beneficial Interest,$8.19,0.05,0.614%,0.00,United States,2002,123596,Finance,Investment Managers
PMM,Putnam Managed Municipal Income Trust Common Stock,$6.27,0.03,0.481%,305592332.00,United States,1989,92217,Finance,Investment Managers
PMO,Putnam Municipal Opportunities Trust Common Stock,$10.33,0.04,0.389%,351029587.00,United States,1993,75091,Finance,Finance Companies
PMT,PennyMac Mortgage Investment Trust Common Shares of Beneficial Interest,$14.63,-0.13,-0.881%,1270775845.00,United States,2009,1754130,Real Estate,Real Estate Investment Trusts
PMT^A,PennyMac Mortgage Investment Trust 8.125% Series A Fixed-to-Floating Rate Cumulative Redeemable Preferred Shares of Beneficial Interest,$24.7399,0.2999,1.227%,,United States,,2260,,
PMT^B,PennyMac Mortgage Investment Trust 8.00% Series B Fixed-to-Floating Rate Cumulative Redeemable Preferred Shares of Beneficial Interest,$24.5426,-0.0274,-0.112%,,United States,,7375,,
PMT^C,PennyMac Mortgage Investment Trust 6.75% Series C Cumulative Redeemable Preferred Shares of Beneficial Interest,$19.84,-0.01,-0.05%,,United States,,29858,,
PMTU,PennyMac Mortgage Investment Trust 8.50% Senior Notes due 2028,$25.50,0.05,0.196%,2214954480.00,United States,2023,1532,Real Estate,Real Estate Investment Trusts
PMTV,PennyMac Mortgage Investment Trust 9.00% Senior Notes due 2030,$25.52,0.01,0.039%,0.00,United States,2025,12288,Real Estate,Real Estate Investment Trusts
PMX,PIMCO Municipal Income Fund III Common Shares of Beneficial Interest,$7.24,0.04,0.556%,0.00,United States,2002,124248,Finance,Trusts Except Educational Religious and Charitable
PNC,PNC Financial Services Group Inc. (The) Common Stock,$173.61,0.20,0.115%,68706085105.00,United States,,5500386,Finance,Major Banks
PNF,PIMCO New York Municipal Income Fund Common Stock,$7.68,0.11,1.453%,0.00,United States,2001,45203,Finance,Finance Companies
PNI,Pimco New York Municipal Income Fund II Common Shares of Beneficial Interest,$7.22,0.05,0.697%,0.00,United States,2002,62059,Finance,Trusts Except Educational Religious and Charitable
PNNT,PennantPark Investment Corporation Common Stock,$7.12,0.02,0.282%,464908189.00,United States,2022,247247,Finance,Finance: Consumer Services
PNR,Pentair plc. Ordinary Share,$87.42,-0.88,-0.997%,14408318138.00,Switzerland,,3262896,Industrials,Industrial Machinery/Components
PNW,Pinnacle West Capital Corporation Common Stock,$93.76,-0.44,-0.467%,11166728241.00,United States,,2078638,Utilities,Electric Utilities: Central
POR,Portland General Electric Co Common Stock,$43.74,-0.59,-1.331%,4782863412.00,United States,,2446289,Utilities,Electric Utilities: Central
POST,Post Holdings Inc. Common Stock,$111.53,-0.40,-0.357%,6299420507.00,United States,2012,1030878,Consumer Staples,Packaged Foods
PPG,PPG Industries Inc. Common Stock,$110.73,-0.53,-0.476%,25130567588.00,United States,,3160761,Consumer Discretionary,Paints/Coatings
PPL,PPL Corporation Common Stock,$34.76,-0.22,-0.629%,25644616227.00,United States,,8732283,Utilities,Electric Utilities: Central
PPT,Putnam Premier Income Trust Common Stock,$3.57,0.00,0.00%,355315899.00,United States,1988,119180,Finance,Finance Companies
PR,Permian Resources Corporation Class A Common Stock,$13.78,-0.19,-1.36%,11072212871.00,United States,2022,10209929,Energy,Oil & Gas Production
PRA,ProAssurance Corporation Common Stock,$23.16,0.14,0.608%,1184791974.00,United States,,2136501,Finance,Property-Casualty Insurers
PRG,PROG Holdings Inc. Common Stock,$27.19,0.01,0.037%,1109801478.00,United States,,1190041,Consumer Discretionary,Diversified Commercial Services
PRGO,Perrigo Company plc Ordinary Shares,$27.94,-0.55,-1.931%,3812653843.00,United States,,2015681,Health Care,Biotechnology: Pharmaceutical Preparations
PRH,Prudential Financial Inc. 5.950% Junior Subordinated Notes due 2062,$25.34,0.00,0.00%,8970360000.00,United States,2022,18598,Finance,Life Insurance
PRI,Primerica Inc. Common Stock,$284.52,-4.37,-1.513%,9460492863.00,United States,2010,791580,Finance,Life Insurance
PRIF^D,Priority Income Fund Inc. 7.00% Series D Term Preferred Stock due 2029,$24.20,-0.15,-0.616%,,,,691,,
PRIF^F,Priority Income Fund Inc. 6.625% Series F Term Preferred Stock due 2027,$24.80,0.00,0.00%,,,,4506,,
PRIF^H,Priority Income Fund Inc. 6.00% Series H Term Preferred Stock due 2026,$25.3301,0.0004,0.002%,,,,1651,,
PRIF^I,Priority Income Fund Inc. 6.125% Series I Term Preferred Stock due 2028,$23.89,0.12,0.505%,,,,1504,,
PRIF^J,Priority Income Fund Inc. 6.000% Series J Term Preferred Stock due 2028,$23.34,-0.01,-0.043%,,,,765,,
PRIF^K,Priority Income Fund Inc. 7.000% Series K Cumulative Preferred Stock,$22.80,0.00,0.00%,,,,123,,
PRIF^L,Priority Income Fund Inc. 6.375% Series L Term Preferred Stock Due 2029,$23.882,0.0495,0.208%,,,,1183,,
PRIM,Primoris Services Corporation Common Stock,$63.62,-0.81,-1.257%,3419424093.00,United States,,1349945,Industrials,Water Sewer Pipeline Comm & Power Line Construction
PRKS,United Parks & Resorts Inc. Common Stock,$49.29,0.51,1.046%,2712381086.00,United States,2013,911590,Health Care,Biotechnology: Electromedical & Electrotherapeutic Apparatus
PRLB,Proto Labs Inc. Common stock,$36.28,-0.10,-0.275%,879180351.00,United States,2012,509682,Industrials,Metal Fabrications
PRM,Perimeter Solutions SA Common Stock,$9.04,-0.26,-2.796%,1352962894.00,Luxembourg,,3526755,Industrials,Major Chemicals
PRMB,Primo Brands Corporation Class A Common Stock,$32.29,-0.11,-0.34%,5179181092.00,United States,2024,4341567,Consumer Staples,Beverages (Production/Distribution)
PRO,PROS Holdings Inc. Common Stock,$20.60,-0.07,-0.339%,979892169.00,United States,2007,621696,Technology,EDP Services
PRS,Prudential Financial Inc. 5.625% Junior Subordinated Notes due 2058,$23.71,0.03,0.127%,8393340000.00,United States,2018,27379,Finance,Life Insurance
PRSU,Pursuit Attractions and Hospitality Inc. Common Stock,$36.58,-1.09,-2.894%,1029712441.00,United States,,568985,Consumer Discretionary,Business Services
PRT,PermRock Royalty Trust Trust Units,$4.09,0.07,1.741%,49757844.00,United States,2018,47770,Energy,Oil & Gas Production
PRU,Prudential Financial Inc. Common Stock,$110.27,-0.51,-0.46%,39035580000.00,United States,2001,3274318,Finance,Life Insurance
PSA,Public Storage Common Stock,$291.14,-5.34,-1.801%,51070477404.00,United States,,1421738,Real Estate,Real Estate Investment Trusts
PSA^F,Public Storage Depositary Shares Each Representing 1/1000 of a 5.15% Cumulative Preferred Share of Beneficial Interest Series F par value $0.01 per share,$21.65,0.04,0.185%,,United States,,18808,,
PSA^G,Public Storage Depositary Shares Each Representing 1/1000 of a 5.05% Cumulative Preferred Share of Beneficial Interest Series G,$21.48,0.00,0.00%,,United States,,10067,,
PSA^H,Public Storage Depositary Shares Each Representing 1/1000 of a  5.60% Cumulative Preferred  Share of Beneficial Interest Series H,$23.41,-0.01,-0.043%,,United States,,29763,,
PSA^I,Public Storage Depositary Shares Each Representing 1/1000 of a 4.875% Cumulative Preferred Share of Beneficial Interest Series I par value $0.01 per share,$20.49,0.02,0.098%,,United States,,7641,,
PSA^J,Public Storage Depositary Shares Each Representing 1/1000 of a 4.700% Cumulative Preferred Share of Beneficial Interest Series J par value $0.01 per share,$19.77,-0.015,-0.076%,,United States,,15468,,
PSA^K,Public Storage Depositary Shares Each Representing 1/1000 of a 4.75% Cumulative Preferred Share of Beneficial Interest Series K,$20.0199,0.0099,0.049%,,United States,,4988,,
PSA^L,Public Storage Depositary Shares Each Representing 1/1000 of a 4.625% Cumulative Preferred Share of Beneficial Interest Series L par value $0.01 per share,$19.4068,-0.0132,-0.068%,,United States,,5415,,
PSA^M,Public Storage Depositary Shares Each Representing 1/1000 of a 4.125% Cumulative Preferred Share of Beneficial Interest Series M,$17.344,-0.0303,-0.174%,,United States,,1375,,
PSA^N,Public Storage Depositary Shares Each Representing 1/1000 of a 3.875% Cumulative Preferred Share of Beneficial Interest Series N,$16.36,-0.01,-0.061%,,United States,,3750,,
PSA^O,Public Storage Depositary Shares Each Representing 1/1000 of a 3.900% Cumulative Preferred Share of Beneficial Interest Series O,$16.3276,-0.0324,-0.198%,,United States,,4968,,
PSA^P,Public Storage Depositary Shares Each Representing 1/1000 of a 4.000% Cumulative Preferred Share of Bene cial Interest Series P,$16.92,-0.0444,-0.262%,,United States,,14504,,
PSA^Q,Public Storage Depositary Shares Each Representing 1/1000 of a 3.950% Cumulative Preferred Share of Beneficial Interest Series Q par value $0.01 per share,$16.52,-0.02,-0.121%,,United States,,4053,,
PSA^R,Public Storage Depositary Shares Each Representing 1/1000 of a 4.00% Cumulative Preferred Share of Bene cial Interest Series R,$16.86,0.00,0.00%,,United States,,39991,,
PSA^S,Public Storage Depositary Shares Each Representing 1/1000 of a 4.100% Cumulative Preferred Share of Beneficial Interest Series S,$17.19,-0.03,-0.174%,,United States,,20364,,
PSBD,Palmer Square Capital BDC Inc. Common Stock,$14.49,-0.18,-1.227%,0.00,,2024,67095,,
PSEC^A,Prospect Capital Corporation 5.35% Series A Fixed Rate Cumulative Perpetual Preferred Stock,$16.38,0.04,0.245%,,United States,,3275,,
PSF,Cohen & Steers Select Preferred and Income Fund Inc. Common Stock,$20.07,-0.04,-0.199%,986212264.00,,2010,20882,Finance,Investment Managers
PSFE,Paysafe Limited Common Shares,$17.33,0.06,0.347%,1037864308.00,,2021,494325,Consumer Discretionary,Business Services
PSN,Parsons Corporation Common Stock,$59.05,0.03,0.051%,6305189290.00,United States,2019,1254624,Technology,EDP Services
PSO,Pearson Plc Common Stock,$15.49,-0.42,-2.64%,10320442232.00,United Kingdom,,1056649,Consumer Discretionary,Books
PSQH,PSQ Holdings Inc. Class A Common Stock,$2.66,-0.05,-1.845%,114152192.00,,2021,729676,Consumer Discretionary,Advertising
PSTG,Pure Storage Inc. Class A Common Stock,$51.15,0.36,0.709%,16687021118.00,United States,2015,4096439,Technology,Electronic Components
PSTL,Postal Realty Trust Inc. Class A Common Stock,$13.85,-0.26,-1.843%,326258148.00,United States,2019,406918,Real Estate,Real Estate Investment Trusts
PSX,Phillips 66 Common Stock,$125.49,-3.33,-2.585%,51162065565.00,United States,,4624731,Energy,Integrated oil Companies
PTA,Cohen & Steers Tax-Advantaged Preferred Securities and Income Fund Common Shares of Beneficial Interest,$19.62,0.02,0.102%,1084465226.00,United States,2020,94390,Finance,Trusts Except Educational Religious and Charitable
PTY,Pimco Corporate & Income Opportunity Fund,$14.35,0.00,0.00%,0.00,United States,2002,372998,Finance,Investment Managers
PUK,Prudential Public Limited Company Common Stock,$20.67,-0.04,-0.193%,27333527712.00,United Kingdom,,1204017,Finance,Life Insurance
PUMP,ProPetro Holding Corp. Common Stock,$7.22,-0.07,-0.96%,744877696.00,United States,2017,3607582,Energy,Oilfield Services/Equipment
PVH,PVH Corp. Common Stock,$65.15,0.32,0.494%,3624502850.00,United States,,3548518,Consumer Discretionary,Apparel
PVL,Permianville Royalty Trust Trust Units ,$1.56,0.00,0.00%,51480000.00,United States,2011,24486,Energy,Oil & Gas Production
PWR,Quanta Services Inc. Common Stock,$268.22,-2.88,-1.062%,39749753659.00,United States,,1606226,Industrials,Engineering & Construction
PX,P10 Inc. Class A Common Stock,$11.86,-0.10,-0.836%,1318811542.00,United States,2021,1686011,Finance,Investment Managers
PYN,PIMCO New York Municipal Income Fund III Common Shares of Beneficial Interest,$5.77,0.06,1.051%,0.00,United States,2002,5903,Finance,Investment Managers
PYT,PPlus Tr GSC-2 Tr Ctf Fltg Rate,$23.48,0.68,2.982%,0.00,United States,,1218,Finance,Finance: Consumer Services
PZC,PIMCO California Municipal Income Fund III Common Shares of Beneficial Interest,$6.66,-0.0081,-0.121%,0.00,United States,2002,64863,Finance,Investment Managers
QBTS,D-Wave Quantum Inc. Common Shares,$8.36,-0.33,-3.797%,2435671989.00,,2022,97399495,Technology,EDP Services
QD,Qudian Inc. American Depositary Shares each representing one Class A Ordinary Share,$2.84,-0.05,-1.73%,537906937.00,China,2017,316450,Finance,Finance: Consumer Services
QGEN,Qiagen N.V. Common Shares,$39.66,0.30,0.762%,8535146266.00,Netherlands,,1095493,Health Care,Biotechnology: Biological Products (No Diagnostic Substances)
QS,QuantumScape Corporation Class A Common Stock,$4.54,0.09,2.022%,2482966479.00,United States,2020,8269311,Miscellaneous,Industrial Machinery/Components
QSR,Restaurant Brands International Inc. Common Shares,$67.00,-0.97,-1.427%,30285555874.00,Canada,2014,1683818,Consumer Discretionary,Restaurants
QTWO,Q2 Holdings Inc. Common Stock,$79.21,0.60,0.763%,4810263771.00,United States,2014,894441,Technology,Computer Software: Prepackaged Software
QUAD,Quad Graphics Inc Class A Common Stock,$5.50,-0.01,-0.181%,287912323.00,United States,,260830,Consumer Discretionary,Publishing
QVCC,QVC Inc. 6.250% Senior Secured Notes due 2068,$10.84,-0.21,-1.90%,0.00,United States,2019,16334,Consumer Discretionary,Catalog/Specialty Distribution
QVCD,QVC Inc. 6.375% Senior Secured Notes due 2067,$10.89,-0.1211,-1.10%,0.00,United States,2018,9350,Consumer Discretionary,Catalog/Specialty Distribution
QXO,QXO Inc. Common Stock,$12.67,-0.76,-5.659%,5187480571.00,United States,,8635081,Technology,EDP Services
R,Ryder System Inc. Common Stock,$141.64,1.18,0.84%,5960909202.00,United States,,624107,Consumer Discretionary,Rental/Leasing Companies
RA,Brookfield Real Assets Income Fund Inc. Common Stock,$13.15,0.02,0.152%,0.00,United States,2016,121111,Finance,Investment Managers
RACE,Ferrari N.V. Common Shares,$436.32,-7.71,-1.736%,105754021649.00,Italy,2015,475145,Consumer Discretionary,Auto Manufacturing
RAMP,LiveRamp Holdings Inc. Common Stock,$27.18,0.03,0.11%,1787375554.00,United States,2018,1466641,Technology,EDP Services
RBA,RB Global Inc. Common Stock,$98.96,0.09,0.091%,18233776335.00,Canada,,2341044,Consumer Discretionary,Business Services
RBC,RBC Bearings Incorporated Common Stock,$330.02,-3.55,-1.064%,10377229735.00,United States,2022,276059,Industrials,Metal Fabrications
RBLX,Roblox Corporation Class A Common Stock,$61.16,3.24,5.594%,40812067083.00,United States,2021,13370947,Technology,Computer Software: Prepackaged Software
RBOT,Vicarious Surgical Inc. Class A Common Stock,$7.73,-0.27,-3.375%,45843553.00,Hong Kong,2020,11622,Health Care,Industrial Specialties
RBRK,Rubrik Inc. Class A Common Stock,$68.19,-2.00,-2.849%,12631770085.00,United States,2024,3935832,Technology,Computer Software: Prepackaged Software
RC,Ready Capital Corporation Common Stock,$5.03,-0.05,-0.984%,820649963.00,United States,2013,3921176,Real Estate,Real Estate Investment Trusts
RC^E,Ready Capital Corporation 6.50% Series E Cumulative Redeemable Preferred Stock,$16.60,-0.1457,-0.87%,,United States,,15506,,
RCB,Ready Capital Corporation 6.20% Senior Notes due 2026,$23.93,0.002,0.008%,3904205488.00,United States,2019,2590,Real Estate,Real Estate Investment Trusts
RCC,Ready Capital Corporation 5.75% Senior Notes due 2026,$24.56,0.2097,0.861%,4006990672.00,United States,2021,3404,Real Estate,Real Estate Investment Trusts
RCD,Ready Capital Corporation 9.00% Senior Notes due 2029,$23.54,-0.06,-0.254%,0.00,United States,2024,10849,Real Estate,Real Estate Investment Trusts
RCI,Rogers Communication Inc. Common Stock,$27.29,-0.62,-2.221%,14585622032.00,Canada,,1656870,Telecommunications,Cable & Other Pay Television Services
RCL,Royal Caribbean Cruises Ltd. Common Stock,$215.49,0.77,0.359%,57994555199.00,United States,1993,3608773,Consumer Discretionary,Marine Transportation
RCS,PIMCO Strategic Income Fund Inc.,$6.25,-0.09,-1.42%,0.00,United States,1994,57609,Finance,Investment Managers
RCUS,Arcus Biosciences Inc. Common Stock,$8.94,-0.13,-1.433%,946222313.00,United States,2018,2190538,Health Care,Biotechnology: Pharmaceutical Preparations
RDDT,Reddit Inc. Class A Common Stock,$115.70,6.95,6.391%,20930633179.00,United States,2024,7987117,Technology,EDP Services
RDN,Radian Group Inc. Common Stock,$32.02,0.03,0.094%,4644921903.00,United States,,20727759,Finance,Property-Casualty Insurers
RDW,Redwire Corporation Common Stock,$11.47,0.18,1.594%,866825682.00,United States,2021,1284427,Industrials,Military/Government/Technical
RDY,Dr. Reddy's Laboratories Ltd Common Stock,$13.71,0.13,0.957%,11439428358.00,India,,1569663,Health Care,Biotechnology: Pharmaceutical Preparations
RELX,RELX PLC PLC American Depositary Shares (Each representing One Ordinary Share),$50.01,0.12,0.241%,92944700073.00,United Kingdom,2015,605358,Consumer Discretionary,Business Services
RERE,ATRenew Inc. American Depositary Shares (every three of which representing two Class A ordinary shares),$3.10,-0.07,-2.208%,687270000.00,Cayman Islands,2021,578480,Consumer Discretionary,Other Specialty Stores
RES,RPC Inc. Common Stock,$5.48,0.00,0.00%,1183968423.00,United States,,8759812,Energy,Oilfield Services/Equipment
REVG,REV Group Inc. Common Stock,$31.51,-0.28,-0.881%,1628284449.00,United States,2017,852659,Consumer Discretionary,Auto Manufacturing
REX,REX American Resources Corporation,$36.71,0.05,0.136%,644890150.00,United States,,365448,Industrials,Major Chemicals
REXR,Rexford Industrial Realty Inc. Common Stock,$39.04,-1.32,-3.271%,8899725218.00,United States,2013,7366499,Real Estate,Real Estate Investment Trusts
REXR^B,Rexford Industrial Realty Inc. 5.875% Series B Cumulative Redeemable Preferred Stock,$23.60,0.00,0.00%,,United States,,981,,
REXR^C,Rexford Industrial Realty Inc. 5.625% Series C Cumulative Redeemable Preferred Stock par value $0.01 per share,$22.22,0.07,0.316%,,United States,,248,,
REZI,Resideo Technologies Inc. Common Stock ,$17.88,-0.22,-1.215%,2644061250.00,United States,2018,4921251,Industrials,Wholesale Distributors
RF,Regions Financial Corporation Common Stock,$21.71,0.03,0.138%,19657646691.00,United States,,38595225,Finance,Major Banks
RF^C,Regions Financial Corporation Depositary Shares each Representing a 1/40th Interest in a  Share of 5.700% Fixed-to-Floating Rate Non-Cumulative  Perpetual Preferred Stock Series C,$24.08,0.08,0.333%,,United States,,30019,,
RF^E,Regions Financial Corporation Depositary Shares Each Representing a 1/40th Interest in a Share of 4.45% Non-Cumulative Perpetual Preferred Stock Series E,$18.10,0.199,1.112%,,United States,,49792,,
RF^F,Regions Financial Corporation Depositary Shares Each Representing a 1/40th Interest in a Share of Non-Cumulative Perpetual Preferred Stock Series F,$25.41,-0.01,-0.039%,,United States,,16195,,
RFI,Cohen & Steers Total Return Realty Fund Inc. Common Stock,$11.95,-0.02,-0.167%,587206605.00,United States,1993,39272,Finance,Investment Managers
RFL,Rafael Holdings Inc. Class B Common Stock,$1.86,-0.10,-5.102%,46337756.00,United States,2018,17259,Finance,Real Estate
RFM,RiverNorth Flexible Municipal Income Fund Inc. Common Stock,$14.95,0.05,0.336%,91414750.00,,2020,36426,Finance,Finance/Investors Services
RFMZ,RiverNorth Flexible Municipal Income Fund II Inc. Common Stock,$13.52,0.03,0.222%,329235741.00,,2021,45559,Finance,Trusts Except Educational Religious and Charitable
RGA,Reinsurance Group of America Incorporated Common Stock,$191.86,0.28,0.146%,12667449826.00,United States,,1184683,Finance,Life Insurance
RGR,Sturm Ruger & Company Inc. Common Stock,$39.41,-0.16,-0.404%,660594361.00,United States,,289904,Industrials,Ordnance And Accessories
RGT,Royce Global Trust Inc. Common Stock,$10.625,-0.055,-0.515%,66586269.00,,2013,12766,Finance,Trusts Except Educational Religious and Charitable
RH,RH Common Stock,$242.18,8.15,3.482%,4505237729.00,United States,2012,1263478,Consumer Discretionary,Other Specialty Stores
RHI,Robert Half Inc. Common Stock,$53.14,-0.70,-1.30%,5430879783.00,United States,,5984778,Consumer Discretionary,Professional Services
RHP,Ryman Hospitality Properties Inc. (REIT),$94.48,-1.11,-1.161%,5659673326.00,United States,,11771268,Real Estate,Real Estate Investment Trusts
RIG,Transocean Ltd (Switzerland) Common Stock,$3.19,-0.05,-1.543%,2792705642.00,Switzerland,,40861275,Energy,Oil & Gas Production
RIO,Rio Tinto Plc Common Stock,$61.99,-0.93,-1.478%,77676674201.00,Australia,2002,3703992,Basic Materials,Metal Mining
RITM,Rithm Capital Corp. Common Stock,$11.63,-0.20,-1.691%,6055276765.00,United States,,9054306,Real Estate,Real Estate Investment Trusts
RITM^A,Rithm Capital Corp. 7.50% Series A Fixed-to-Floating Rate Cumulative Redeemable Preferred Stock,$25.49,0.0706,0.278%,,United States,,17087,,
RITM^B,Rithm Capital Corp. 7.125% Series B Fixed-to-Floating Rate Cumulative Redeemable Preferred Stock,$25.48,0.0001,0.00%,,United States,,2836,,
RITM^C,Rithm Capital Corp. 6.375% Series C Fixed-to-Floating Rate Cumulative Redeemable Preferred Stock,$25.02,-0.04,-0.16%,,United States,,28501,,
RITM^D,Rithm Capital Corp. 7.00% Fixed-Rate Reset Series D Cumulative Redeemable Preferred Stock,$24.29,0.072,0.297%,,United States,,24273,,
RIV,RiverNorth Opportunities Fund Inc. Common Stock,$11.80,0.04,0.34%,0.00,United States,2015,67553,Finance,Finance Companies
RIV^A,RiverNorth Opportunities Fund Inc. 6.00% Series A Perpetual Preferred Stock,$23.91,0.185,0.78%,,United States,,2835,,
RJF,Raymond James Financial Inc. Common Stock,$141.06,-0.67,-0.473%,28904609396.00,United States,,5311522,Finance,Investment Bankers/Brokers/Service
RJF^B,Raymond James Financial Inc. Depositary Shares each representing a 1/40th interest in a share of 6.375% Fixed-to-Floating Rate Series B Non-Cumulative Perpetual Preferred Stock,$25.1477,0.0477,0.19%,,United States,,19227,,
RKT,Rocket Companies Inc. Class A Common Stock,$14.11,-0.23,-1.604%,28166189003.00,United States,2020,6865789,Finance,Finance: Consumer Services
RL,Ralph Lauren Corporation Common Stock,$224.03,-1.10,-0.489%,13837037086.00,United States,1997,2324304,Consumer Discretionary,Apparel
RLI,RLI Corp. Common Stock (DE),$76.18,0.05,0.066%,6990591576.00,United States,,961987,Finance,Property-Casualty Insurers
RLJ,RLJ Lodging Trust Common Shares of Beneficial Interest $0.01 par value,$8.41,-0.47,-5.293%,1277998132.00,United States,2011,5654912,Real Estate,Real Estate Investment Trusts
RLJ^A,RLJ Lodging Trust $1.95 Series A Cumulative Convertible  Preferred Shares,$25.18,0.02,0.079%,,United States,,14089,,
RLTY,Cohen & Steers Real Estate Opportunities and Income Fund Common Shares of Beneficial Interest,$15.34,-0.16,-1.032%,0.00,,2022,49073,Finance,Investment Managers
RLX,RLX Technology Inc. American Depositary Shares each representing the right to receive one (1) Class A ordinary share,$1.99,0.00,0.00%,2530487471.00,Cayman Islands,2021,9462744,Health Care, Medicinal Chemicals and Botanical Products 
RM,Regional Management Corp. Common Stock,$30.84,0.16,0.522%,303202257.00,United States,2012,150154,Finance,Finance: Consumer Services
RMAX,RE/MAX Holdings Inc. Class A Common Stock,$8.90,-0.28,-3.05%,168948006.00,United States,2013,267052,Finance,Real Estate
RMD,ResMed Inc. Common Stock,$219.70,-1.41,-0.638%,32266660566.00,United States,,1171798,Health Care,Medical/Dental Instruments
RMI,RiverNorth Opportunistic Municipal Income Fund Inc. Common Stock,$15.12,0.05,0.332%,96363812.00,,2018,8727,Finance,Finance/Investors Services
RMM,RiverNorth Managed Duration Municipal Income Fund Inc. Common Stock,$14.40,0.03,0.209%,284250643.00,,2019,37204,Finance,Trusts Except Educational Religious and Charitable
RMMZ,RiverNorth Managed Duration Municipal Income Fund II Inc. Common Stock,$15.28,-0.03,-0.196%,301621516.00,,2022,14150,Finance,Investment Managers
RMT,Royce Micro-Cap Trust Inc. Common Stock,$8.55,-0.03,-0.35%,395600865.00,United States,,124750,Finance,Investment Managers
RNG,RingCentral Inc. Class A Common Stock,$26.90,-0.13,-0.481%,2440418222.00,United States,2013,6642769,Technology,EDP Services
RNGR,Ranger Energy Services Inc. Class A Common Stock,$14.15,-0.35,-2.414%,314879186.00,United States,2017,302823,Energy,Oilfield Services/Equipment
RNP,Cohen & Steers REIT and Preferred and Income Fund Inc. Common Shares,$21.88,-0.08,-0.364%,1075153181.00,United States,2003,175023,Finance,Investment Managers
RNR,RenaissanceRe Holdings Ltd. Common Stock,$236.34,0.64,0.272%,11640014191.00,Bermuda,,1416311,Finance,Property-Casualty Insurers
RNR^F,RenaissanceRe Holdings Ltd. Depositary Shares each Representing a 1/1000th Interest in a 5.750% Series F Preference Share,$22.20,-0.10,-0.448%,,Bermuda,,14298,,
RNR^G,RenaissanceRe Holdings Ltd. Depositary Shares each representing a 1/1000th interest in a share of 4.20% Series G Preference Shares,$16.14,-0.08,-0.493%,,Bermuda,,36230,,
RNST,Renasant Corporation Common Stock,$35.05,0.20,0.574%,2231193412.00,United States,2023,1606987,Finance,Major Banks
ROG,Rogers Corporation Common Stock,$72.24,-2.29,-3.073%,1337747183.00,United States,1960,437165,Industrials,Major Chemicals
ROK,Rockwell Automation Inc. Common Stock,$258.79,0.70,0.271%,29262148213.00,United States,,1197441,Industrials,Industrial Machinery/Components
ROL,Rollins Inc. Common Stock,$51.63,-0.05,-0.097%,25000534582.00,United States,,3167418,Finance,Diversified Commercial Services
RPM,RPM International Inc. Common Stock,$114.27,0.24,0.21%,14691497356.00,United States,,1172703,Consumer Discretionary,Paints/Coatings
RPT,Rithm Property Trust Inc. Common stock,$2.99,0.00,0.00%,141995064.00,United States,2015,177068,Real Estate,Real Estate Investment Trusts
RPT^C,Rithm Property Trust Inc. 9.875% Series C Fixed-to-Floating Rate Cumulative Redeemable Preferred Stock,$25.195,0.0995,0.396%,,United States,,32983,,
RQI,Cohen & Steers Quality Income Realty Fund Inc Common Shares,$12.47,-0.15,-1.189%,1674726088.00,United States,2002,176300,Finance,Trusts Except Educational Religious and Charitable
RRC,Range Resources Corporation Common Stock,$39.88,-0.39,-0.968%,9624275135.00,United States,,3212187,Energy,Oil & Gas Production
RRX,Regal Rexnord Corporation Common Stock,$120.74,-2.79,-2.259%,8001242390.00,United States,1976,826578,Consumer Discretionary,Metal Fabrications
RS,Reliance Inc. Common Stock,$277.56,-3.94,-1.40%,14702930247.00,United States,1994,3082041,Industrials,Metal Fabrications
RSF,RiverNorth Capital and Income Fund Common Stock,$15.0845,-0.0655,-0.432%,50406018.00,,2019,5943,Finance,Investment Managers
RSG,Republic Services Inc. Common Stock,$233.34,-1.52,-0.647%,72868570933.00,United States,1998,1625620,Utilities,Environmental Services
RSI,Rush Street Interactive Inc. Class A Common Stock,$10.96,0.03,0.274%,2499536701.00,United States,2020,1816071,Consumer Discretionary,Services-Misc. Amusement & Recreation
RSKD,Riskified Ltd. Class A Ordinary Shares,$4.66,-0.03,-0.64%,753449686.00,,2021,462698,Consumer Discretionary,Business Services
RTO,Rentokil Initial plc American Depositary Shares (each representing five (5) Ordinary Shares),$22.49,-0.02,-0.089%,11355380403.00,United States,2022,771758,Consumer Discretionary,Other Consumer Services
RTX,RTX Corporation Common Stock,$132.37,-2.10,-1.562%,176333089476.00,United States,,9545861,Industrials,Aerospace
RVLV,Revolve Group Inc. Class A Common Stock,$22.16,0.22,1.003%,1578458152.00,United States,2019,1435726,Consumer Discretionary,Catalog/Specialty Distribution
RVT,Royce Small-Cap Trust Inc. Common Stock,$14.49,-0.08,-0.549%,1564292800.00,United States,1986,188533,Finance,Trusts Except Educational Religious and Charitable
RVTY,Revvity Inc. Common Stock,$107.29,0.31,0.29%,12894893915.00,United States,,1282005,Industrials,Biotechnology: Laboratory Analytical Instruments
RWT,Redwood Trust Inc. Common Stock,$6.30,-0.11,-1.716%,837025314.00,United States,1995,2498769,Real Estate,Real Estate Investment Trusts
RWT^A,Redwood Trust Inc. 10.00% Series A Fixed-Rate Reset Cumulative Redeemable Preferred Stock,$25.265,-0.115,-0.453%,,United States,,922,,
RWTN,Redwood Trust Inc. 9.125% Senior Notes Due 2029,$24.95,0.21,0.849%,3314885967.00,United States,2024,2728,Real Estate,Real Estate Investment Trusts
RWTO,Redwood Trust Inc. 9.00% Senior Notes Due 2029,$24.80,0.12,0.486%,3294956793.00,United States,2024,2389,Real Estate,Real Estate Investment Trusts
RWTP,Redwood Trust Inc. 9.125% Senior Notes Due 2030,$24.73,-0.02,-0.081%,0.00,United States,2025,2237,Real Estate,Real Estate Investment Trusts
RXO,RXO Inc. Common Stock,$18.59,-0.35,-1.848%,3036262110.00,United States,2022,2942976,Consumer Discretionary,Transportation Services
RY,Royal Bank Of Canada Common Stock,$113.60,-0.21,-0.185%,160744001477.00,Canada,,758358,Finance,Commercial Banks
RYAM,Rayonier Advanced Materials Inc. Common Stock,$5.35,-0.08,-1.473%,352922813.00,United States,2014,1048323,Basic Materials,Paper
RYAN,Ryan Specialty Holdings Inc. Class A Common Stock,$71.04,-0.65,-0.907%,18605795207.00,United States,2021,1096710,Finance,Specialty Insurers
RYI,Ryerson Holding Corporation Common Stock,$22.89,-1.56,-6.38%,729067170.00,United States,2014,690448,Industrials,Metal Fabrications
RYN,Rayonier Inc. REIT Common Stock,$27.58,-0.66,-2.337%,4305172525.00,United States,,3015764,Real Estate,Real Estate Investment Trusts
RZB,Reinsurance Group of America Incorporated 5.75% Fixed-To-Floating Rate Subordinated Debentures due 2056,$24.66,0.02,0.081%,1628162789.00,United States,2016,10423,Finance,Life Insurance
RZC,Reinsurance Group of America Incorporated 7.125% Fixed-Rate Reset Subordinated Debentures due 2052,$26.11,-0.01,-0.038%,1723898233.00,United States,2022,21515,Finance,Life Insurance
S,SentinelOne Inc. Class A Common Stock,$19.27,-0.10,-0.516%,6192250589.00,United States,2021,8165804,Technology,Computer Software: Prepackaged Software
SA,Seabridge Gold Inc. Ordinary Shares (Canada),$11.89,-0.18,-1.491%,1063995757.00,Canada,,1047401,Basic Materials,Precious Metals
SABA,Saba Capital Income & Opportunities Fund II Shares of Beneficial Interest,$8.82,0.02,0.227%,0.00,United States,,31254,,
SAFE,Safehold Inc. New Common Stock ,$18.33,-0.19,-1.026%,1309660427.00,United States,2023,700377,Real Estate,Real Estate Investment Trusts
SAH,Sonic Automotive Inc. Common Stock,$60.87,0.22,0.363%,2052660818.00,United States,1997,450894,Consumer Discretionary,Retail-Auto Dealers and Gas Stations
SAJ,Saratoga Investment Corp 8.00% Notes due 2027,$25.50,0.172,0.679%,365832512.00,United States,2022,446,Finance,Investment Managers
SAM,Boston Beer Company Inc. (The) Common Stock,$227.96,0.45,0.198%,2563136876.00,United States,,337296,Consumer Staples,Beverages (Production/Distribution)
SAN,Banco Santander S.A. Sponsored ADR (Spain),$6.92,0.03,0.435%,102413754488.00,Spain,,4602031,Finance,Commercial Banks
SAND          ,Sandstorm Gold Ltd. Ordinary Shares (Canada),$6.79,-0.07,-1.02%,2019263026.00,Canada,,2792275,Basic Materials,Precious Metals
SAP,SAP  SE ADS,$272.53,0.84,0.309%,334804258347.00,Germany,,1275097,Technology,Computer Software: Prepackaged Software
SAR,Saratoga Investment Corp New,$24.36,-0.08,-0.327%,349477646.00,United States,,40250,Finance,Investment Managers
SARO,StandardAero Inc. Common Stock,$28.59,-0.54,-1.854%,9562258002.00,,2024,6668204,Industrials,Aerospace
SAT,Saratoga Investment Corp 6.00% Notes due 2027,$24.6262,0.0562,0.229%,353296651.00,United States,2022,2188,Finance,Investment Managers
SAY,Saratoga Investment Corp 8.125% Notes due 2027,$25.41,0.03,0.118%,364541338.00,United States,2022,1228,Finance,Investment Managers
SAZ,Saratoga Investment Corp 8.50% Notes due 2028,$25.4493,0.0093,0.037%,365105150.00,United States,2023,694,Finance,Investment Managers
SB,Safe Bulkers Inc Common Stock ($0.001 par value),$3.74,-0.08,-2.094%,393708723.00,Monaco,2008,1111453,Consumer Discretionary,Marine Transportation
SB^C,Safe Bulkers Inc Cumulative Redeemable Perpetual Preferred Series C (Marshall Islands),$25.4093,0.00,0.00%,,Monaco,,170,,
SB^D,Safe Bulkers Inc Perpetual Preferred Series D (Marshall Islands),$25.4197,0.0165,0.065%,,Monaco,,203,,
SBH,Sally Beauty Holdings Inc. (Name to be changed from Sally Holdings Inc.) Common Stock,$8.59,0.09,1.059%,875788700.00,United States,,4218872,Consumer Discretionary,Other Specialty Stores
SBI,Western Asset Intermediate Muni Fund Inc Common Stock,$7.83,0.00,0.00%,0.00,United States,1992,44743,Finance,Finance/Investors Services
SBR,Sabine Royalty Trust Common Stock,$66.26,-0.87,-1.296%,966027400.00,United States,,57525,Energy,Oil & Gas Production
SBS,Companhia de saneamento Basico Do Estado De Sao Paulo - Sabesp American Depositary Shares (Each repstg 250 Common Shares),$17.66,-0.31,-1.725%,12070784287.00,Brazil,2002,1816470,Utilities,Water Supply
SBSI,Southside Bancshares Inc. Common Stock,$29.28,0.11,0.377%,889809216.00,United States,,382892,Finance,Major Banks
SBSW,D/B/A Sibanye-Stillwater Limited ADS,$4.37,-0.01,-0.228%,3092179500.00,South Africa,,7475403,Basic Materials,Precious Metals
SBXD,SilverBox Corp IV Class A Ordinary Shares,$10.16,-0.0134,-0.132%,0.00,,2024,100,,
SCCO,Southern Copper Corporation Common Stock,$100.41,1.19,1.199%,79944725491.00,United States,,5119651,Basic Materials,Metal Mining
SCD,LMP Capital and Income Fund Inc. Common Stock,$16.12,-0.11,-0.678%,0.00,United States,2004,22556,Finance,Trusts Except Educational Religious and Charitable
SCE^G,SCE Trust II Trust Preferred Securities,$18.00,0.1325,0.742%,,United States,,16585,,
SCE^J,Southern California Edison Company 5.375% Fixed-to-Floating Rate Trust Preference Securities,$22.95,-0.13,-0.563%,,United States,,12023,,
SCE^K,Southern California Edison Company 5.45% Fixed-to-Floating Rate Trust Preference Securities,$23.49,0.01,0.043%,,United States,,6208,,
SCE^L,SCE TRUST VI,$17.70,0.00,0.00%,,United States,,37091,,
SCE^M,SCE Trust VII 7.50% Trust Preference Securities,$23.23,-0.12,-0.514%,,United States,,54390,,
SCE^N,SCE Trust VIII 6.95% Trust Preference Securities,$22.795,-0.075,-0.328%,,United States,,27659,,
SCHW,Charles Schwab Corporation (The) Common Stock,$78.39,-0.18,-0.229%,142165569259.00,United States,,11842775,Finance,Investment Bankers/Brokers/Service
SCHW^D,The Charles Schwab Corporation Depositary Shares each representing 1/40th interest in a share of 5.95% Non-Cumulative Perpetual Preferred Stock Series D,$25.17,0.03,0.119%,,United States,,38403,,
SCHW^J,The Charles Schwab Corporation Depositary Shares Each Representing a 1/40th Interest in a Share of 4.450% Non-Cumulative Perpetual Preferred Stock Series J,$19.45,0.10,0.517%,,United States,,60956,,
SCI,Service Corporation International Common Stock,$77.97,-0.81,-1.028%,11244229522.00,United States,,1164293,Consumer Discretionary,Other Consumer Services
SCL,Stepan Company Common Stock,$57.91,-0.97,-1.647%,1303213415.00,United States,,390370,Consumer Discretionary,Package Goods/Cosmetics
SCM,Stellus Capital Investment Corporation Common Stock,$14.23,-0.12,-0.836%,391602570.00,United States,2012,138922,Finance,Finance/Investors Services
SCS,Steelcase Inc. Common Stock,$10.57,-0.42,-3.822%,1202040832.00,United States,1998,2746436,Consumer Discretionary,Office Equipment/Supplies/Services
SD,SandRidge Energy Inc. Common Stock,$11.34,-0.34,-2.911%,421226920.00,United States,2016,1077748,Energy,Oil & Gas Production
SDHC,Smith Douglas Homes Corp. Class A Common Stock,$20.73,0.12,0.582%,1063076917.00,United States,2024,109260,Consumer Discretionary,Homebuilding
SDHY,PGIM Short Duration High Yield Opportunities Fund Common Shares,$16.57,0.04,0.242%,408832538.00,,2020,30099,Finance,Finance/Investors Services
SDRL,Seadrill Limited Common Shares,$25.17,0.05,0.199%,1564643415.00,,2022,1733726,Energy,Oil & Gas Production
SE,Sea Limited American Depositary Shares each representing one Class A Ordinary Share,$126.07,-1.02,-0.803%,72407044682.00,United States,2017,3156099,Consumer Discretionary,Other Consumer Services
SEAL^A,Seapeak LLC 9.00% Series A Cumulative Redeemable Perpetual Preferred Units,$25.62,-0.03,-0.117%,,Bermuda,,1369,,
SEAL^B,Seapeak LLC 8.50% Series B Fixed-to-Floating Rate Cumulative Redeemable Perpetual Preferred Units,$25.57,-0.33,-1.274%,,Bermuda,,8226,,
SEE,Sealed Air Corporation Common Stock,$29.10,-0.45,-1.523%,4241670883.00,United States,,7077580,Industrials,Major Chemicals
SEI,Solaris Energy Infrastructure Inc. Class A Common Stock,$22.47,-0.07,-0.311%,1508205432.00,United States,2017,1948066,Industrials,Metal Fabrications
SEM,Select Medical Holdings Corporation Common Stock,$16.56,-0.27,-1.604%,2135624796.00,United States,2009,2448652,Health Care,Hospital/Nursing Management
SEMR,SEMrush Holdings Inc. Class A Common Stock,$9.95,-0.18,-1.777%,1463141938.00,United States,2021,897967,Technology,Computer Software: Prepackaged Software
SES,SES AI Corporation Class A Common Stock,$0.5267,-0.0051,-0.959%,192066348.00,United States,2021,16798181,Miscellaneous,Industrial Machinery/Components
SF,Stifel Financial Corporation Common Stock,$98.27,0.05,0.051%,10196003359.00,United States,,1117468,Finance,Investment Bankers/Brokers/Service
SF^B,Stifel Financial Corporation Depositary Shares Each Representing 1/1000th  Interest in a Share of 6.25% Non-Cumulative  Preferred Stock Series B,$24.73,0.10,0.406%,,United States,,7383,,
SF^C,Stifel Financial Corporation Depositary Shares Each Representing 1/1000th Interest in a Share of 6.125% Non Cumulative Preferred Stock Series C,$24.4174,0.1255,0.517%,,United States,,2989,,
SF^D,Stifel Financial Corporation Depositary Shares Each Representing 1/1000th Interest in a Share of 4.50% Non-Cumulative Preferred Stock Series D,$18.087,-0.013,-0.072%,,United States,,22677,,
SFB,Stifel Financial Corporation 5.20% Senior Notes due 2047,$22.17,-0.58,-2.549%,2300248239.00,United States,2017,15482,Finance,Investment Bankers/Brokers/Service
SFBS,ServisFirst Bancshares Inc. Common Stock,$81.78,-0.22,-0.268%,4463719313.00,United States,,493994,Finance,Major Banks
SFL,SFL Corporation Ltd,$8.17,-0.32,-3.769%,1190438641.00,Bermuda,,2237033,Consumer Discretionary,Marine Transportation
SG,Sweetgreen Inc. Class A Common Stock,$24.94,0.51,2.088%,2925542157.00,United States,2021,4235975,Consumer Discretionary,Restaurants
SGHC,Super Group (SGHC) Limited Ordinary Shares,$6.83,-0.15,-2.149%,3400922311.00,,2022,1278122,Consumer Discretionary,Services-Misc. Amusement & Recreation
SGI,Somnigroup International Inc. Common Stock,$55.87,-1.55,-2.699%,11650243255.00,United States,,9117847,Consumer Discretionary,Home Furnishings
SGU,Star Group L.P. Common Stock,$13.34,-0.11,-0.818%,461124620.00,United States,,149872,Consumer Discretionary,Other Specialty Stores
SHAK,Shake Shack Inc. Class A Common Stock,$90.70,0.06,0.066%,3857723327.00,United States,2015,1155063,Consumer Discretionary,Restaurants
SHCO,Soho House & Co Inc. Class A Common Stock,$7.08,0.09,1.288%,1373950846.00,,2021,296249,Consumer Discretionary,Hotels/Resorts
SHEL,Shell PLC American Depositary Shares (each representing two (2) Ordinary Shares) ,$71.01,-0.94,-1.306%,215962558411.00,Netherlands,2022,3756595,Energy,Oil & Gas Production
SHG,Shinhan Financial Group Co Ltd American Depositary Shares,$32.58,0.09,0.277%,16705703565.00,South Korea,,201509,Finance,Major Banks
SHO,Sunstone Hotel Investors Inc. Sunstone Hotel Investors Inc. Common Shares,$9.73,-0.08,-0.815%,1955915814.00,United States,2004,3667777,Consumer Discretionary,Hotels/Resorts
SHO^H,Sunstone Hotel Investors Inc. 6.125% Series H Cumulative Redeemable Preferred Stock,$21.40,0.25,1.182%,,United States,,7432,,
SHO^I,Sunstone Hotel Investors Inc. 5.70% Series I Cumulative Redeemable Preferred Stock,$19.8263,-0.0437,-0.22%,,United States,,4923,,
SHOP,Shopify Inc. Class A Subordinate Voting Shares,$104.21,2.36,2.317%,134649563635.00,Canada,2015,8696437,Technology,Computer Software: Prepackaged Software
SHW,Sherwin-Williams Company (The) Common Stock,$334.41,-1.62,-0.482%,84058680385.00,United States,,3478360,Consumer Discretionary,RETAIL: Building Materials
SID,Companhia Siderurgica Nacional S.A. Common Stock,$1.77,-0.02,-1.117%,2347186286.00,Brazil,,1332841,Industrials,Steel/Iron Ore
SIG,Signet Jewelers Limited Common Shares,$58.06,1.76,3.126%,2490529393.00,Bermuda,,5994627,Consumer Discretionary,Consumer Specialties
SII,Sprott Inc. Common Shares,$44.35,-0.83,-1.837%,1127031469.00,,2020,109604,Finance,Finance: Consumer Services
SILA,Sila Realty Trust Inc. Common Stock,$25.91,-0.38,-1.445%,1428766608.00,United States,2024,1436484,Real Estate,Real Estate Investment Trusts
SITC,SITE Centers Corp. Common Stock,$12.81,0.01,0.078%,671633744.00,United States,,3700872,Real Estate,Real Estate Investment Trusts
SITE,SiteOne Landscape Supply Inc. Common Stock,$122.00,0.12,0.098%,5485720728.00,United States,2016,890325,Consumer Discretionary,Professional and commerical equipment
SJM,The J.M. Smucker Company Common Stock,$109.70,0.35,0.32%,11673903324.00,United States,,2326856,Consumer Staples,Packaged Foods
SJT,San Juan Basin Royalty Trust Common Stock,$5.10,-0.18,-3.409%,237704860.00,United States,,124045,Energy,Oil & Gas Production
SKE,Skeena Resources Limited Common Shares,$10.38,-0.42,-3.889%,1114440375.00,,2021,1703694,Basic Materials,Precious Metals
SKIL,Skillsoft Corp. Class A Common Stock,$20.42,-0.39,-1.874%,169150193.00,United States,2019,34462,Technology,Computer Software: Prepackaged Software
SKLZ,Skillz Inc. Class A Common Stock,$4.73,0.11,2.381%,84517953.00,United States,2020,91795,Technology,EDP Services
SKM,SK Telecom Co. Ltd. Common Stock,$21.37,0.08,0.376%,8197104600.00,South Korea,,361436,Telecommunications,Telecommunications Equipment
SKT,Tanger Inc. Common Stock,$31.88,-0.33,-1.025%,3595543942.00,United States,1993,1323226,Real Estate,Real Estate Investment Trusts
SKX,Skechers U.S.A. Inc. Common Stock,$56.08,-0.29,-0.514%,8375810735.00,United States,1999,2545281,Consumer Discretionary,Shoe Manufacturing
SKY,Champion Homes Inc. Common Stock,$94.19,-0.75,-0.79%,5394822107.00,United States,,1024881,Consumer Discretionary,Homebuilding
SKYH,Sky Harbour Group Corporation Class A Common Stock,$12.07,0.37,3.162%,862252955.00,United States,2022,571234,Finance,Real Estate
SLB,Schlumberger N.V. Common Stock,$40.99,-0.29,-0.703%,57420858716.00,France,,73470363,Energy,Oilfield Services/Equipment
SLF,Sun Life Financial Inc. Common Stock,$56.20,-0.49,-0.864%,32477066300.00,Canada,,319588,Finance,Life Insurance
SLG,SL Green Realty Corp Common Stock,$57.39,-0.88,-1.51%,4074951928.00,United States,1997,1412663,Real Estate,Real Estate Investment Trusts
SLG^I,SL Green Realty Corporation Preferred Series I,$23.06,0.0083,0.036%,,United States,,976,,
SLGN,Silgan Holdings Inc. Common Stock,$49.77,-0.58,-1.152%,5315169731.00,United States,2022,4421878,Industrials,Containers/Packaging
SLQT,SelectQuote Inc. Common Stock,$3.79,-0.02,-0.525%,652426833.00,United States,2020,1396119,Finance,Specialty Insurers
SLVM,Sylvamo Corporation Common Stock,$65.36,-0.45,-0.684%,2650143881.00,United States,2021,3665310,Basic Materials,Paper
SM,SM Energy Company Common Stock,$30.67,-0.26,-0.841%,3510547516.00,United States,,10003134,Energy,Oil & Gas Production
SMBK,SmartFinancial Inc. Common Stock,$31.04,-0.51,-1.616%,528239279.00,United States,,132168,Finance,Major Banks
SMC,Summit Midstream Corporation Common Stock,$36.22,-1.27,-3.388%,385695371.00,United States,2012,301393,Utilities,Natural Gas Distribution
SMFG,Sumitomo Mitsui Financial Group Inc Unsponsored American Depositary Shares (Japan),$16.72,0.46,2.829%,328138777264.00,Japan,,876698,Finance,Commercial Banks
SMG,Scotts Miracle-Gro Company (The) Common Stock,$57.99,-1.33,-2.242%,3332841873.00,United States,1992,4125440,Industrials,Agricultural Chemicals
SMHI,SEACOR Marine Holdings Inc. Common Stock ,$5.29,-0.13,-2.399%,146370920.00,United States,2017,126624,Consumer Discretionary,Marine Transportation
SMP,Standard Motor Products Inc. Common Stock,$26.50,0.30,1.145%,579339820.00,United States,,162668,Consumer Discretionary,Auto Parts:O.E.M.
SMR,NuScale Power Corporation Class A Common Stock,$18.20,-0.33,-1.781%,5140232133.00,United States,2022,5779785,Industrials,Metal Fabrications
SMRT,SmartRent Inc. Class A Common Stock,$1.19,0.01,0.847%,229314511.00,United States,,1169366,Technology,EDP Services
SMWB,Similarweb Ltd. Ordinary Shares,$9.01,-0.14,-1.53%,746293146.00,,2021,298742,Technology,Computer Software: Programming Data Processing
SN,SharkNinja Inc. Ordinary Shares,$87.95,-1.45,-1.622%,12232382304.00,United States,2023,1397193,Consumer Discretionary,Consumer Electronics/Appliances
SNA,Snap-On Incorporated Common Stock,$327.97,-1.90,-0.576%,17183409283.00,United States,,1763849,Consumer Discretionary,Industrial Machinery/Components
SNAP,Snap Inc. Class A Common Stock,$9.33,0.10,1.083%,15827048130.00,United States,2017,37538461,Technology,Computer Software: Programming Data Processing
SNDA,Sonida Senior Living Inc. Common Stock,$23.48,-0.22,-0.928%,444146224.00,United States,,52554,Health Care,Hospital/Nursing Management
SNDR,Schneider National Inc. Common Stock,$23.15,0.00,0.00%,4062539792.00,United States,2017,1201045,Industrials,Trucking Freight/Courier Services
SNN,Smith & Nephew SNATS Inc. Common Stock,$28.13,-0.33,-1.16%,12298263254.00,United Kingdom,,443228,Health Care,Industrial Specialties
SNOW,Snowflake Inc. Class A Common Stock,$158.39,1.20,0.763%,52284539000.00,United States,2020,3608196,Technology,Computer Software: Prepackaged Software
SNV,Synovus Financial Corp. Common Stock,$47.44,0.14,0.296%,6684003200.00,United States,,11510061,Finance,Major Banks
SNV^D,Synovus Financial Corp. Fixed-to-Floating Rate Non-Cumulative Perpetual Preferred Stock Series D Liquation Preference $25.00 per Share,$25.10,-0.0755,-0.30%,,United States,,12738,,
SNV^E,Synovus Financial Corp. 5.875% Fixed-Rate Reset Non-Cumulative Perpetual Preferred Stock Series E,$25.70,0.00,0.00%,,United States,,12133,,
SNX,TD SYNNEX Corporation Common Stock,$127.73,-1.85,-1.428%,10812577863.00,United States,2003,1809751,Technology,Retail: Computer Software & Peripheral Equipment
SO,Southern Company (The) Common Stock,$89.36,-0.61,-0.678%,98010244324.00,United States,,8327608,Utilities,Electric Utilities: Central
SOBO,South Bow Corporation Common Shares,$26.40,-0.25,-0.938%,5479858798.00,Canada,2024,553175,Energy,Natural Gas Distribution
SOC,Sable Offshore Corp. Common Stock,$25.12,-0.83,-3.198%,2246063553.00,United States,2021,1182671,Energy,Oil & Gas Production
SOJC,Southern Company (The) Series 2017B 5.25% Junior Subordinated Notes due December 1 2077,$22.04,-0.09,-0.407%,24173520422.00,United States,2017,28750,Utilities,Electric Utilities: Central
SOJD,Southern Company (The) Series 2020A 4.95% Junior Subordinated Notes due January 30 2080,$20.91,0.04,0.192%,22934133939.00,United States,2020,36237,Utilities,Electric Utilities: Central
SOJE,Southern Company (The) Series 2020C 4.20% Junior Subordinated Notes due October 15 2060,$18.87,-0.04,-0.212%,20654455457.00,United States,2020,90038,Basic Materials,Metal Mining
SOJF,Southern Company (The) Series 2025A 6.50% Junior Subordinated Notes due March 15 2085,$25.64,-0.20,-0.774%,0.00,United States,2025,84883,Basic Materials,Metal Mining
SOL,Emeren Group Ltd American Depositary Shares each representing 10 shares,$1.66,-0.05,-2.924%,85083227.00,China,2008,196095,Technology,Semiconductors
SOLV,Solventum Corporation Common Stock,$73.97,-1.02,-1.36%,12796106545.00,United States,2024,1920334,Health Care,Medical/Dental Instruments
SON,Sonoco Products Company Common Stock,$46.68,-1.15,-2.404%,4589277961.00,United States,,1550143,Consumer Discretionary,Containers/Packaging
SONY,Sony Group Corporation American Depositary Shares ,$25.23,0.34,1.366%,152113558466.00,Japan,,24505942,Consumer Staples,Consumer Electronics/Appliances
SOR,Source Capital Inc. Cmn Shs of BI,$41.36,-0.34,-0.815%,345127817.00,United States,,14419,Finance,Investment Managers
SOS,SOS Limited American Depositary Shares one hundred and fifty (150) Class A Ordinary Shares,$4.90,-0.08,-1.606%,64548234.00,,,1725,Finance,Finance: Consumer Services
SPB,Spectrum Brands Holdings Inc. Common Stock,$69.67,-0.40,-0.571%,1833290876.00,United States,,986494,Miscellaneous,Industrial Machinery/Components
SPCE,Virgin Galactic Holdings Inc. Common Stock,$4.10,-0.16,-3.756%,145666235.00,United States,2017,2933446,Consumer Discretionary,Transportation Services
SPE,Special Opportunities Fund Inc Common Stock,$14.97,-0.06,-0.399%,0.00,United States,,19254,Finance,Finance/Investors Services
SPG,Simon Property Group Inc. Common Stock,$162.10,-2.35,-1.429%,52889686170.00,United States,,3094383,Real Estate,Real Estate Investment Trusts
SPG^J,Simon Property Group Inc. Simon Property Group 8 3/8% Series J Cumulative Redeemable Preferred Stock,$58.22,0.1019,0.175%,,United States,,461,,
SPGI,S&P Global Inc. Common Stock,$497.88,0.68,0.137%,153247464000.00,United States,,2603919,Finance,Finance: Consumer Services
SPH,Suburban Propane Partners L.P. Common Stock,$20.77,-0.27,-1.283%,1339535146.00,United States,1996,1408225,Consumer Discretionary,Other Specialty Stores
SPHR,Sphere Entertainment Co. Class A Common Stock,$32.09,-0.13,-0.403%,1148605745.00,United States,2020,530795,Consumer Discretionary,Services-Misc. Amusement & Recreation
SPIR,Spire Global Inc. Class A Common Stock,$8.71,-0.17,-1.914%,237280424.00,United States,2020,484775,Consumer Discretionary,Telecommunications Equipment
SPLP,Steel Partners Holdings LP LTD PARTNERSHIP UNIT,$41.325,-0.1486,-0.358%,788274044.00,United States,,3380,Industrials,Industrial Specialties
SPLP^A,Steel Partners Holdings LP 6.0% Series A Preferred Units no par value,$24.44,0.04,0.164%,,United States,,17929,,
SPMA,Sound Point Meridian Capital Inc. 8.00% Series A Preferred Shares Due 2029,$24.54,-0.03,-0.122%,0.00,,,6361,,
SPMC,Sound Point Meridian Capital Inc. Common Stock,$20.57,0.12,0.587%,0.00,,2024,9580,,
SPNT,SiriusPoint Ltd. Common Shares,$15.76,-0.01,-0.063%,2556791718.00,Bermuda,2013,1833413,Finance,Property-Casualty Insurers
SPNT^B,SiriusPoint Ltd. 8.00% Resettable Fixed Rate Preference Shares Series B $25.00 liquidation preference per share,$25.29,0.04,0.158%,,Bermuda,,3107,,
SPOT,Spotify Technology S.A. Ordinary Shares,$599.94,5.39,0.907%,122294414735.00,Luxembourg,2018,2544198,Consumer Discretionary,Broadcasting
SPR,Spirit Aerosystems Holdings Inc. Common Stock,$35.61,0.62,1.772%,4175846569.00,United States,2006,3029931,Industrials,Military/Government/Technical
SPRU,Spruce Power Holding Corporation Class A Common Stock,$2.41,-0.16,-6.226%,44832295.00,United States,2019,41926,Consumer Discretionary,Auto Parts:O.E.M.
SPXC,SPX Technologies Inc. Common Stock,$134.27,-1.30,-0.959%,6227784451.00,United States,,726359,Industrials,Industrial Machinery/Components
SPXX,Nuveen S&P 500 Dynamic Overwrite Fund,$17.00,0.03,0.177%,0.00,United States,,29540,Finance,Trusts Except Educational Religious and Charitable
SQM,Sociedad Quimica y Minera S.A. Common Stock,$43.85,-0.39,-0.882%,12525246296.00,Chile,1993,2089199,Industrials,Mining & Quarrying of Nonmetallic Minerals (No Fuels)
SQNS,Sequans Communications S.A. American Depositary Shares (each representing ten (10) Ordinary Shares),$2.32,-0.08,-3.333%,57983456.00,France,,34867,Technology,Semiconductors
SR,Spire Inc. Common Stock,$76.41,-1.00,-1.292%,4458205558.00,United States,,898892,Utilities,Oil/Gas Transmission
SR^A,Spire Inc. Depositary Shares each representing a 1/1000th interest in a share of 5.90% Series A Cumulative Redeemable Perpetual Preferred Stock,$24.51,0.03,0.123%,,United States,,4206,,
SRE,DBA Sempra Common Stock,$69.54,-0.46,-0.657%,45302337095.00,United States,,7235943,Utilities,Natural Gas Distribution
SREA,DBA Sempra 5.750% Junior Subordinated Notes due 2079,$21.95,0.09,0.412%,13897551956.00,United States,2019,48195,Utilities,Natural Gas Distribution
SRFM,Surf Air Mobility Inc. Common Stock,$3.72,0.02,0.541%,57691215.00,,2023,136354,Consumer Discretionary,Transportation Services
SRG,Seritage Growth Properties Class A Common Stock,$3.27,-0.10,-2.967%,183997397.00,United States,2015,168579,Finance,Real Estate
SRG^A,Seritage Growth Properties 7.00% Series A Cumulative Redeemable Preferred Shares of Beneficial Interest,$22.7632,0.00,0.00%,,United States,,54,,
SRI,Stoneridge Inc. Common Stock,$5.01,-0.30,-5.65%,138753192.00,United States,1997,363573,Consumer Discretionary,Auto Parts:O.E.M.
SRL,Scully Royalty Ltd.,$7.87,-0.27,-3.317%,116651115.00,Canada,,3870,Finance,Commercial Banks
SRV,NXG Cushing Midstream Energy Fund Common Shares of Beneficial Interest,$43.98,0.02,0.045%,0.00,United States,,23844,Finance,Finance Companies
SSB,SouthState Corporation Common Stock,$92.45,-0.36,-0.388%,9371152370.00,United States,,2931476,Finance,Major Banks
SSD,Simpson Manufacturing Company Inc. Common Stock,$155.45,-1.31,-0.836%,6524926076.00,United States,,909944,Consumer Discretionary,Industrial Machinery/Components
SSL,Sasol Ltd. American Depositary Shares,$4.14,-0.08,-1.896%,2658475154.00,South Africa,,600148,Energy,Oil & Gas Production
SST,System1 Inc. Class A Common Stock,$0.50,0.0296,6.293%,46606847.00,United States,2020,198534,Technology,Computer Software: Programming Data Processing
SSTK,Shutterstock Inc. Common Stock,$19.58,0.06,0.307%,683217843.00,United States,2012,704416,Technology,EDP Services
ST,Sensata Technologies Holding plc Ordinary Shares,$27.15,-0.75,-2.688%,4060335714.00,Netherlands,2010,2199141,Industrials,Industrial Machinery/Components
STAG,Stag Industrial Inc. Common Stock,$34.02,-1.12,-3.187%,6346933475.00,United States,2011,3580048,Real Estate,Real Estate Investment Trusts
STC,Stewart Information Services Corporation Common Stock,$70.24,-0.68,-0.959%,1953422093.00,United States,,598392,Finance,Specialty Insurers
STE,STERIS plc (Ireland) Ordinary Shares,$220.42,-5.05,-2.24%,21656438911.00,United States,,1348221,Health Care,Industrial Specialties
STEL,Stellar Bancorp Inc. Common Stock,$27.08,-0.32,-1.168%,1433889845.00,United States,,634722,Finance,Major Banks
STEM,Stem Inc. Class A Common Stock,$0.42,-0.01,-2.326%,68942884.00,United States,2020,3685137,Miscellaneous,Industrial Machinery/Components
STEW,SRH Total Return Fund Inc. Common Stock,$16.63,-0.10,-0.598%,0.00,United States,,61180,Finance,Investment Managers
STG,Sunlands Technology Group American Depositary Shares representing Class A ordinary shares,$5.85,0.2564,4.584%,80273396.00,,2018,2754,Real Estate,Other Consumer Services
STK,Columbia Seligman Premium Technology Growth Fund Inc,$29.39,-0.10,-0.339%,0.00,United States,2009,22707,Finance,Investment Managers
STLA,Stellantis N.V. Common Shares,$12.07,-0.10,-0.822%,34767541808.00,United Kingdom,2014,14538396,Consumer Discretionary,Auto Manufacturing
STM,STMicroelectronics N.V. Common Stock,$24.01,-0.39,-1.598%,21565191546.00,Switzerland,,5512313,Technology,Semiconductors
STN,Stantec Inc Common Stock,$82.12,-1.53,-1.829%,9367181629.00,Canada,,298937,Consumer Discretionary,Military/Government/Technical
STNG,Scorpio Tankers Inc. Common Shares,$39.65,-2.53,-5.998%,6343330074.00,Monaco,2010,2354169,Consumer Discretionary,Marine Transportation
STR,Sitio Royalties Corp. Class A Common Stock,$20.28,-0.21,-1.025%,3072519534.00,United States,2022,2519939,Energy,Oil & Gas Production
STT,State Street Corporation Common Stock,$90.55,0.03,0.033%,26120876643.00,United States,,4709654,Finance,Major Banks
STT^G,State Street Corporation Depositary shares each representing a 1/4000th ownership interest in a share of Fixed-to-Floating Rate Non-Cumulative,$23.36,-0.11,-0.469%,,United States,,18517,,
STVN,Stevanato Group S.p.A. Ordinary Shares,$22.51,0.84,3.876%,6816985485.00,,2021,328843,Health Care,Medical/Dental Instruments
STWD,STARWOOD PROPERTY TRUST INC. Starwood Property Trust Inc.,$19.94,-0.33,-1.628%,6728225786.00,United States,2009,3747055,Real Estate,Real Estate Investment Trusts
STZ,Constellation Brands Inc. Common Stock,$177.42,-1.46,-0.816%,32065175503.00,United States,,6618601,Consumer Staples,Beverages (Production/Distribution)
SU,Suncor Energy  Inc. Common Stock,$37.45,-0.26,-0.689%,47078915255.00,Canada,,3669706,Energy,Integrated oil Companies
SUI,Sun Communities Inc. Common Stock,$130.98,-0.62,-0.471%,16683991397.00,United States,1993,1167372,Real Estate,Real Estate Investment Trusts
SUN,Sunoco LP Common Units representing limited partner interests,$56.74,-1.12,-1.936%,8661171375.00,United States,2012,948594,Energy,Integrated oil Companies
SUP,Superior Industries International Inc. Common Stock (DE),$2.49,0.00,0.00%,71966620.00,United States,,49412,Consumer Discretionary,Auto Parts:O.E.M.
SUPV,Grupo Supervielle S.A. American Depositary Shares each Representing five Class B shares,$14.25,0.66,4.857%,1301658612.00,,2016,916586,Finance,Commercial Banks
SUZ,Suzano S.A. American Depositary Shares (each representing One Ordinary Share),$9.53,-0.30,-3.052%,12428240871.00,Brazil,2018,1752319,Basic Materials,Paper
SVV,Savers Value Village Inc. Common Stock,$7.01,-0.06,-0.849%,1112542211.00,United States,2023,1127611,Consumer Discretionary,Other Specialty Stores
SW,Smurfit WestRock plc Ordinary Shares,$44.21,-1.50,-3.282%,23076035735.00,,2024,9219578,Consumer Discretionary,Containers/Packaging
SWI,SolarWinds Corporation Common Stock,$18.40,0.02,0.109%,3157566868.00,United States,2018,1800676,Technology,Computer Software: Prepackaged Software
SWK,Stanley Black & Decker Inc. Common Stock,$79.56,-0.96,-1.192%,12285173862.00,United States,,2491068,Consumer Discretionary,Industrial Machinery/Components
SWX,Southwest Gas Holdings Inc. Common Stock (DE),$75.13,-0.92,-1.21%,5396011578.00,United States,,825335,Utilities,Oil & Gas Production
SWZ,Swiss Helvetia Fund Inc. (The) Common Stock,$8.948,0.013,0.145%,0.00,United States,,12342,Finance,Finance Companies
SXC,SunCoke Energy Inc. Common Stock,$9.11,-0.25,-2.671%,768446155.00,United States,2011,3255018,Industrials,Steel/Iron Ore
SXI,Standex International Corporation Common Stock,$164.72,-4.32,-2.556%,1959851738.00,United States,,244939,Industrials,Industrial Machinery/Components
SXT,Sensient Technologies Corporation Common Stock,$72.78,-1.33,-1.795%,3085386703.00,United States,,642721,Industrials,Major Chemicals
SYF,Synchrony Financial Common Stock,$54.02,0.15,0.278%,21000247396.00,United States,2014,6429710,Finance,Finance: Consumer Services
SYF^A,Synchrony Financial Depositary Shares each Representing a 1/40th Interest in a Share of 5.625% Fixed Rate Non-Cumulative Perpetual Preferred Stock Series A,$18.69,-0.09,-0.479%,,United States,,24879,,
SYF^B,Synchrony Financial Depositary Shares Each Representing a 1/40th Interest in a Share of 8.250% Fixed Rate Reset Non-Cumulative Perpetual Preferred Stock Series B,$25.39,0.06,0.237%,,United States,,52766,,
SYK,Stryker Corporation Common Stock,$371.11,-3.11,-0.831%,141607828337.00,United States,,2372481,Health Care,Medical/Dental Instruments
SYY,Sysco Corporation Common Stock,$71.11,-0.08,-0.112%,34789119985.00,United States,,4898013,Consumer Discretionary,Food Distributors
T,AT&T Inc.,$27.02,0.23,0.859%,193954504660.00,United States,,91268550,Telecommunications,Telecommunications Equipment
T^A,AT&T Inc. Depositary Shares each representing a 1/1000th interest in a share of 5.000% Perpetual Preferred Stock Series A,$21.1599,-0.0201,-0.095%,,United States,,33723,,
T^C,AT&T Inc. Depositary Shares each representing a 1/1000th interest in a share of 4.750% Perpetual Preferred Stock Series C,$19.97,-0.10,-0.498%,,United States,,44572,,
TAC,TransAlta Corporation Ordinary Shares,$9.74,-0.04,-0.409%,2907390000.00,Canada,,2183234,Utilities,Electric Utilities: Central
TAK,Takeda Pharmaceutical Company Limited American Depositary Shares (each representing 1/2 of a share of Common Stock),$15.19,0.03,0.198%,47666629036.00,Japan,2018,2903079,Health Care,Biotechnology: Pharmaceutical Preparations
TAL,TAL Education Group American Depositary Shares,$13.15,-0.82,-5.87%,7963087674.00,China,,4675147,Real Estate,Other Consumer Services
TALO,Talos Energy Inc. Common Stock,$9.16,-0.06,-0.651%,1649345304.00,United States,2018,3130657,Energy,Oil & Gas Production
TAP,Molson Coors Beverage Company Class B Common Stock,$58.89,-0.10,-0.17%,11931462629.00,Canada,,8355748,Consumer Staples,Beverages (Production/Distribution)
TBB,AT&T Inc. 5.350% Global Notes due 2066,$23.59,-0.09,-0.38%,169333336970.00,United States,2017,39906,Telecommunications,Telecommunications Equipment
TBBB,BBB Foods Inc. Class A Common Shares,$25.84,0.19,0.741%,2899267432.00,,2024,289530,Consumer Staples,Food Chains
TBI,TrueBlue Inc. Common Stock,$5.71,-0.09,-1.552%,169631886.00,United States,,736287,Consumer Discretionary,Professional Services
TBN,Tamboran Resources Corporation Common stock,$23.26,0.62,2.739%,338125363.00,,2024,15752,Energy,Oil & Gas Production
TCI,Transcontinental Realty Investors Inc. Common Stock,$28.00,0.10,0.358%,241900848.00,United States,,5713,Real Estate,Real Estate Investment Trusts
TD,Toronto Dominion Bank (The) Common Stock,$59.53,-0.37,-0.618%,104183453000.00,Canada,,1950281,Finance,Commercial Banks
TDC,Teradata Corporation Common Stock,$22.90,0.03,0.131%,2166340000.00,United States,,19695997,Technology,Computer Software: Prepackaged Software
TDF,Templeton Dragon Fund Inc. Common Stock,$9.8893,-0.1307,-1.304%,0.00,United States,,24620,Finance,Finance/Investors Services
TDG,Transdigm Group Incorporated Common Stock,$1346.12,-14.62,-1.074%,75496584252.00,United States,2006,545228,Industrials,Military/Government/Technical
TDOC,Teladoc Health Inc. Common Stock,$8.41,0.24,2.938%,1460581789.00,United States,2015,6776288,Health Care,Medical/Nursing Services
TDS,Telephone and Data Systems Inc. Common Shares,$36.84,0.77,2.135%,4199760000.00,United States,,2029260,Telecommunications,Telecommunications Equipment
TDS^U,Telephone and Data Systems Inc. Depositary Shares Each Representing a 1/1000th Interest in a 6.625% Series UU Cumulative Redeemable Perpetual Preferred Stock,$20.66,0.07,0.34%,,United States,,15427,,
TDS^V,Telephone and Data Systems Inc. Depositary Shares Each Representing a 1/1000th Interest in a 6.000% Series VV Cumulative Redeemable Perpetual Preferred Stock,$18.15,0.07,0.387%,,United States,,52223,,
TDW,Tidewater Inc. Common Stock,$42.07,-0.84,-1.958%,2165352324.00,United States,2017,2565484,Consumer Discretionary,Marine Transportation
TDY,Teledyne Technologies Incorporated Common Stock,$501.82,2.53,0.507%,23502644354.00,United States,,653572,Industrials,Industrial Machinery/Components
TE,T1 Energy Inc. Common Stock,$1.49,-0.08,-5.096%,209330705.00,Luxembourg,2021,2317135,Miscellaneous,Industrial Machinery/Components
TEAF,Tortoise Sustainable and Social Impact Term Fund Common shares of beneficial interest,$11.727,0.027,0.231%,158210446.00,,2019,26609,Finance,Trusts Except Educational Religious and Charitable
TECK,Teck Resources Ltd Ordinary Shares,$41.47,-1.01,-2.378%,21182789411.00,Canada,,3531840,Industrials,Mining & Quarrying of Nonmetallic Minerals (No Fuels)
TEF,Telefonica SA Common Stock,$4.63,0.00,0.00%,26252847995.00,Spain,1988,1398138,Telecommunications,Telecommunications Equipment
TEI,Templeton Emerging Markets Income Fund Inc. Common Stock,$5.47,-0.02,-0.364%,0.00,United States,1993,121112,Finance,Finance Companies
TEL,TE Connectivity plc Ordinary Shares,$146.17,-0.11,-0.075%,43610284321.00,Ireland,,4288365,Technology,Electronic Components
TEN,Tsakos Energy Navigation Ltd Common Shares,$16.72,-0.63,-3.631%,493333682.00,Greece,,453862,Consumer Discretionary,Marine Transportation
TEN^E,Tsakos Energy Navigation Ltd Series E Fixed-to-Floating Rate Cumulative Redeemable Perpetual Preferred Shares par value $1.00,$25.7901,0.0301,0.117%,,Greece,,1621,,
TEN^F,Tsakos Energy Navigation Ltd Series F Fixed-to-Floating Rate Cumulative Redeemable Perpetual Preferred Shares par value $1.00,$26.3624,0.1624,0.62%,,Greece,,9351,,
TEO,Telecom Argentina SA,$11.31,0.38,3.477%,4871642279.00,Argentina,,110281,Telecommunications,Telecommunications Equipment
TEVA,Teva Pharmaceutical Industries Limited American Depositary Shares,$16.10,-0.14,-0.862%,18254802893.00,Israel,,9419499,Health Care,Biotechnology: Pharmaceutical Preparations
TEX,Terex Corporation Common Stock,$39.09,0.01,0.026%,2595576000.00,United States,,3958071,Industrials,Construction/Ag Equipment/Trucks
TFC,Truist Financial Corporation Common Stock,$41.42,0.09,0.218%,54067626243.00,United States,,16829403,Finance,Major Banks
TFC^I,Truist Financial Corporation Depositary Shares,$22.70,-0.0001,0.00%,,United States,,6499,,
TFC^O,Truist Financial Corporation Depositary Shares Each Representing a 1/1000th Interest in a Share of Series O Non-Cumulative Perpetual Preferred Stock,$22.19,0.07,0.316%,,United States,,32369,,
TFC^R,Truist Financial Corporation Depositary Shares each representing 1/1000th interest in a share of Series R Non-Cumulative Perpetual Preferred Stock,$20.13,0.00,0.00%,,United States,,33183,,
TFII,TFI International Inc. Common Shares,$81.93,-1.45,-1.739%,6931645292.00,Canada,,496528,Industrials,Trucking Freight/Courier Services
TFPM,Triple Flag Precious Metals Corp. Common Shares,$19.13,-0.12,-0.623%,3854345055.00,Canada,2022,329860,Industrials,Precious Metals
TFSA,Terra Income Fund 6 LLC 7.00% Notes due 2026,$25.23,0.33,1.325%,212913169.00,,2021,340,,
TFX,Teleflex Incorporated Common Stock,$141.56,2.13,1.528%,6563636502.00,United States,,12053202,Health Care,Medical/Dental Instruments
TG,Tredegar Corporation Common Stock,$7.78,0.18,2.368%,269784532.00,United States,,473900,Industrials,Metal Fabrications
TGI,Triumph Group Inc. Common Stock,$25.43,-0.01,-0.039%,1968483050.00,United States,1996,2121814,Industrials,Aerospace
TGLS,Tecnoglass Inc. Ordinary Shares,$71.75,-1.01,-1.388%,3371644287.00,Colombia,2022,2563641,Consumer Discretionary,Electronic Components
TGNA,TEGNA Inc,$18.57,-0.21,-1.118%,2969306900.00,United States,,9653429,Industrials,Broadcasting
TGS,Transportadora de Gas del Sur SA TGS Common Stock,$27.56,0.65,2.415%,4149218963.00,Argentina,,173765,Utilities,Natural Gas Distribution
TGT,Target Corporation Common Stock,$104.06,-0.14,-0.134%,47407286844.00,United States,,31066226,Consumer Discretionary,Department/Specialty Retail Stores
THC,Tenet Healthcare Corporation Common Stock,$123.20,-3.14,-2.485%,11718907200.00,United States,,6652268,Health Care,Hospital/Nursing Management
THG,Hanover Insurance Group Inc,$170.05,-0.99,-0.579%,6109312718.00,United States,,586193,Finance,Property-Casualty Insurers
THO,Thor Industries Inc. Common Stock,$79.08,-1.17,-1.458%,4207338157.00,United States,,2241758,Industrials,Homebuilding
THQ,abrdn Healthcare Opportunities Fund Shares of Beneficial Interest,$20.75,-0.04,-0.192%,0.00,United States,2014,62445,Finance,Finance Companies
THR,Thermon Group Holdings Inc. Common Stock,$29.31,-0.54,-1.809%,987457388.00,United States,2011,318060,Energy,Industrial Machinery/Components
THS,Treehouse Foods Inc. Common Stock,$26.35,-0.02,-0.076%,1322770000.00,United States,,1272052,Consumer Staples,Packaged Foods
THW,abrdn World Healthcare Fund Shares of Beneficial Interest,$11.89,0.01,0.084%,0.00,United States,2015,81171,Finance,Finance Companies
TIMB,TIM S.A. American Depositary Shares (Each representing 5 Common Shares) ,$15.10,0.13,0.868%,7310829288.00,Brazil,2020,325583,Telecommunications,Telecommunications Equipment
TISI,Team Inc. Common Stock,$17.40,2.79,19.097%,78185003.00,United States,,35214,Consumer Discretionary,Other Consumer Services
TIXT,TELUS International (Cda) Inc. Subordinate Voting Shares,$2.73,0.01,0.368%,749303985.00,,2021,277167,Technology,EDP Services
TJX,TJX Companies Inc. (The) Common Stock,$116.12,-0.13,-0.112%,130537230327.00,United States,,7151072,Consumer Discretionary,Clothing/Shoe/Accessory Stores
TK,Teekay Corporation Ltd. Common Stock,$6.69,-0.27,-3.879%,558879509.00,Bermuda,,1910083,Consumer Discretionary,Marine Transportation
TKC,Turkcell Iletisim Hizmetleri AS Common Stock,$5.83,-0.59,-9.19%,5130400000.00,Turkey,,1666025,Telecommunications,Telecommunications Equipment
TKO,TKO Group Holdings Inc. Class A Common Stock,$149.88,-0.52,-0.346%,25655065865.00,United States,2023,19094653,Consumer Discretionary,Services-Misc. Amusement & Recreation
TKR,Timken Company (The) Common Stock,$74.18,-0.51,-0.683%,5192683304.00,United States,,1086280,Industrials,Metal Fabrications
TLK,PT Telekomunikasi Indonesia Tbk,$14.21,-0.14,-0.976%,14076740979.00,Indonesia,,3639449,Telecommunications,Telecommunications Equipment
TLYS,Tilly's Inc. Common Stock,$2.35,0.01,0.427%,70856981.00,United States,2012,153055,Consumer Discretionary,Clothing/Shoe/Accessory Stores
TM,Toyota Motor Corporation Common Stock,$190.70,-1.47,-0.765%,256952460612.00,Japan,,229174,Consumer Discretionary,Auto Manufacturing
TME,Tencent Music Entertainment Group American Depositary Shares each representing two Class A Ordinary Shares,$14.00,-0.28,-1.961%,24025079834.00,United States,2018,5404094,Consumer Discretionary,Broadcasting
TMHC,Taylor Morrison Home Corporation Common Stock,$59.49,-1.29,-2.122%,6052374464.00,United States,2013,1867516,Consumer Discretionary,Homebuilding
TMO,Thermo Fisher Scientific Inc Common Stock,$517.72,-0.92,-0.177%,195315659145.00,United States,,2192318,Industrials,Industrial Machinery/Components
TNC,Tennant Company Common Stock,$81.96,-2.55,-3.017%,1542164851.00,United States,,653214,Industrials,Industrial Machinery/Components
TNET,TriNet Group Inc. Common Stock,$76.69,-2.17,-2.752%,3798267886.00,United States,2014,1876953,Consumer Discretionary,Business Services
TNK,Teekay Tankers Ltd.,$38.47,-1.49,-3.729%,1322682542.00,Bermuda,2007,852535,Consumer Discretionary,Marine Transportation
TNL,Travel   Leisure Co. Common  Stock,$47.18,-0.42,-0.882%,3146730302.00,United States,,1047608,Consumer Discretionary,Hotels/Resorts
TOL,Toll Brothers Inc. Common Stock,$106.15,-1.02,-0.952%,10555237550.00,United States,,3337672,Consumer Discretionary,Homebuilding
TOST,Toast Inc. Class A Common Stock,$35.19,-0.69,-1.923%,20234250000.00,United States,2021,6989365,Technology,EDP Services
TPB,Turning Point Brands Inc. Common Stock,$57.65,-0.16,-0.277%,1023121295.00,United States,2016,326543,Consumer Discretionary,Tobacco
TPC,Tutor Perini Corporation Common Stock,$24.53,-1.04,-4.067%,1287474687.00,United States,1970,1443911,Consumer Discretionary,General Bldg Contractors - Nonresidential Bldgs
TPH,Tri Pointe Homes Inc. Common Stock,$31.41,-0.56,-1.752%,2886944016.00,United States,2013,3404644,Consumer Discretionary,Homebuilding
TPL,Texas Pacific Land Corporation Common Stock,$1273.15,-98.33,-7.17%,29263095574.00,United States,,395184,Energy,Oil & Gas Production
TPR,Tapestry Inc. Common Stock,$73.12,0.21,0.288%,15136971532.00,United States,,24276791,Consumer Discretionary,Apparel
TPTA,Terra Property Trust Inc. 6.00% Notes due 2026,$17.9614,0.3264,1.851%,437151127.00,,2021,3761,Real Estate,Real Estate Investment Trusts
TPVG,TriplePoint Venture Growth BDC Corp. Common Stock,$7.18,0.05,0.701%,288186324.00,United States,2014,207375,Consumer Discretionary,Other Consumer Services
TR,Tootsie Roll Industries Inc. Common Stock,$31.28,-0.18,-0.572%,2237360150.00,United States,,160360,Consumer Staples,Specialty Foods
TRAK,ReposiTrak Inc. Common Stock,$20.31,0.47,2.369%,371098268.00,United States,,71751,Technology,EDP Services
TRC,Tejon Ranch Co Common Stock,$15.67,-0.40,-2.489%,420834366.00,United States,2000,203317,Finance,Real Estate
TREX,Trex Company Inc. Common Stock,$59.43,-0.32,-0.536%,6368510836.00,United States,,2500510,Basic Materials,Forest Products
TRGP,Targa Resources Inc. Common Stock,$197.40,-2.12,-1.063%,43054275411.00,United States,2010,2054811,Utilities,Natural Gas Distribution
TRN,Trinity Industries Inc. Common Stock,$29.38,-0.25,-0.844%,2402972308.00,United States,,1258878,Industrials,Railroads
TRNO,Terreno Realty Corporation Common Stock,$62.69,-2.53,-3.879%,6255061380.00,United States,2010,1947319,Finance,Real Estate
TROX,Tronox Holdings plc Ordinary Shares (UK),$7.24,-0.17,-2.294%,1143471525.00,United States,,2892030,Industrials,Major Chemicals
TRP,TC Energy Corporation Common Stock,$48.43,-0.73,-1.485%,50334282807.00,Canada,,1451732,Utilities,Natural Gas Distribution
TRTN^A,Triton International Limited 8.50% Series A Cumulative Redeemable Perpetual  Preference Shares,$25.1875,-0.0597,-0.236%,,United States,,7314,,
TRTN^B,Triton International Limited 8.00% Series B Cumulative Redeemable Perpetual Preference Shares,$25.055,0.025,0.10%,,United States,,4470,,
TRTN^C,Triton International Limited 7.375% Series C Cumulative Redeemable Perpetual Preference Shares,$23.98,-0.1128,-0.468%,,United States,,10477,,
TRTN^D,Triton International Limited 6.875% Series D Cumulative Redeemable Perpetual Preference Shares,$22.79,-0.0249,-0.109%,,United States,,1347,,
TRTN^E,Triton International Limited 5.75% Series E Cumulative Redeemable Perpetual Preference Shares,$18.90,-0.11,-0.579%,,United States,,6340,,
TRTN^F,Triton International Limited 7.625% Series F Cumulative Redeemable Perpetual Preference Shares,$24.00,0.00,0.00%,,United States,,48445,,
TRTX,TPG RE Finance Trust Inc. Common Stock,$8.45,-0.05,-0.588%,684481206.00,United States,2017,1104681,Real Estate,Real Estate Investment Trusts
TRTX^C,TPG RE Finance Trust Inc. 6.25% Series C Cumulative Redeemable Preferred Stock $0.001 par value per share,$18.0867,-0.3333,-1.809%,,United States,,3179,,
TRU,TransUnion Common Stock,$85.34,0.08,0.094%,16649834000.00,United States,2015,2941904,Finance,Finance: Consumer Services
TRV,The Travelers Companies Inc. Common Stock,$256.70,-2.84,-1.094%,58200713599.00,United States,,3669228,Finance,Property-Casualty Insurers
TS,Tenaris S.A. American Depositary Shares,$39.37,-0.53,-1.328%,22989889847.00,Luxembourg,,1316542,Industrials,Steel/Iron Ore
TSE,Trinseo PLC Ordinary Shares ,$4.27,0.24,5.955%,151505937.00,United States,2014,1508908,Industrials,Major Chemicals
TSI,TCW Strategic Income Fund Inc. Common Stock,$4.9203,-0.0097,-0.197%,0.00,United States,,30755,Finance,Investment Managers
TSLX,Sixth Street Specialty Lending Inc. Common Stock,$22.48,0.12,0.537%,2105509081.00,,2014,947555,Finance,Investment Managers
TSM,Taiwan Semiconductor Manufacturing Company Ltd.,$176.73,-0.74,-0.417%,916594981213.00,Taiwan,1997,9993226,Technology,Semiconductors
TSN,Tyson Foods Inc. Common Stock,$60.43,0.01,0.017%,21524825960.00,United States,,5366560,Consumer Staples,Meat/Poultry/Fish
TSQ,Townsquare Media Inc. Class A Common Stock,$7.98,0.12,1.527%,128631200.00,United States,2014,131140,Consumer Discretionary,Broadcasting
TT,Trane Technologies plc,$347.14,-2.19,-0.627%,77860365243.00,Ireland,,1712173,Industrials,Auto Parts:O.E.M.
TTAM,Titan America SA Common Shares,$12.99,0.07,0.542%,2394868420.00,,2025,377514,Industrials,Mining & Quarrying of Nonmetallic Minerals (No Fuels)
TTC,Toro Company (The) Common Stock,$73.00,-0.06,-0.082%,7286864453.00,United States,,1815682,Consumer Discretionary,Tools/Hardware
TTE,TotalEnergies SE,$63.36,-0.70,-1.093%,141555766746.00,France,,1649818,Energy,Oil & Gas Production
TTI,Tetra Technologies Inc. Common Stock,$3.35,-0.06,-1.76%,443520433.00,United States,,1065639,Energy,Oil & Gas Production
TU,Telus Corporation Ordinary Shares,$13.93,-0.72,-4.915%,20895000000.00,Canada,,5822126,Telecommunications,Telecommunications Equipment
TUYA,Tuya Inc. American Depositary Shares each representing one Class A Ordinary Share,$3.49,-0.08,-2.241%,2005328171.00,China,2021,2018894,Technology,Computer Software: Prepackaged Software
TV,Grupo Televisa S.A.B. Common Stock,$1.68,-0.04,-2.326%,902714400.00,Mexico,1993,2880447,Industrials,Broadcasting
TVC,Tennessee Valley Authority Common Stock,$23.47,0.02,0.085%,0.00,United States,,21792,Utilities,Electric Utilities: Central
TVE,Tennessee Valley Authority,$23.21,0.20,0.869%,0.00,United States,,21156,Utilities,Electric Utilities: Central
TWI,Titan International Inc. (DE) Common Stock,$8.72,-0.29,-3.219%,551084031.00,United States,,4818207,Industrials,Steel/Iron Ore
TWLO,Twilio Inc. Class A Common Stock,$103.45,1.66,1.631%,15789946437.00,United States,2016,2330307,Technology,Computer Software: Prepackaged Software
TWN,Taiwan Fund Inc. (The) Common Stock,$35.19,-0.17,-0.481%,0.00,United States,1986,13689,Finance,Trusts Except Educational Religious and Charitable
TWO,Two Harbors Investment Corp,$13.70,-0.12,-0.868%,1425101551.00,United States,,2281444,Real Estate,Real Estate Investment Trusts
TWO^A,Two Harbors Investments Corp 8.125% Series A Fixed-to-Floating Rate Cumulative Redeemable Preferred Stock ($25.00 liquidation preference per share),$24.92,0.09,0.362%,,United States,,2825,,
TWO^B,Two Harbors Investments Corp 7.625% Series B Fixed-to-Floating Rate Cumulative Redeemable Preferred Stock,$24.2143,-0.0257,-0.106%,,United States,,7489,,
TWO^C,Two Harbors Investments Corp 7.25% Series C Fixed-to-Floating Rate Cumulative Redeemable Preferred Stock,$24.9755,0.0355,0.142%,,United States,,27573,,
TX,Ternium S.A. Ternium S.A. American Depositary Shares (each representing ten shares USD1.00 par value),$31.61,-0.89,-2.738%,6336994014.00,Luxembourg,,1001490,Industrials,Steel/Iron Ore
TXNM,TXNM Energy Inc. Common Stock,$54.00,-0.06,-0.111%,5003604090.00,United States,,1780248,Utilities,Electric Utilities: Central
TXO,TXO Partners L.P. Common Units Representing Limited Partner Interests,$19.65,-0.24,-1.207%,808943831.00,,2023,79013,Energy,Oil & Gas Production
TXT,Textron Inc. Common Stock,$73.08,-0.41,-0.558%,13342417447.00,United States,,3154138,Industrials,Aerospace
TY,Tri Continental Corporation Common Stock,$30.61,-0.09,-0.293%,1663682120.00,United States,,33506,Finance,Finance Companies
TYG,Tortoise Energy Infrastructure Corporation Common Stock,$43.80,-0.40,-0.905%,522442151.00,United States,2004,59106,Finance,Investment Managers
TYL,Tyler Technologies Inc. Common Stock,$566.39,-2.58,-0.453%,24362586182.00,United States,,407725,Technology,Computer Software: Prepackaged Software
U,Unity Software Inc. Common Stock,$21.55,0.52,2.473%,8828270514.00,United States,2020,7853278,Technology,Computer Software: Prepackaged Software
UA,Under Armour Inc. Class C Common Stock,$6.10,0.00,0.00%,2622132238.00,United States,2016,5379820,Consumer Discretionary,Apparel
UAA,Under Armour Inc. Class A Common Stock,$6.42,-0.05,-0.773%,2759686716.00,United States,,20111957,Consumer Discretionary,Apparel
UAN,CVR Partners LP Common Units representing Limited Partner Interests,$75.38,-0.62,-0.816%,796739237.00,United States,2011,15890,Industrials,Agricultural Chemicals
UBER,Uber Technologies Inc. Common Stock,$75.84,1.49,2.004%,158430432322.00,United States,2019,26551402,Consumer Discretionary,Business Services
UBS,UBS Group AG Registered Ordinary Shares,$32.74,-0.25,-0.758%,103943778718.00,Switzerland,2014,4153093,Finance,Major Banks
UCB,United Community Banks Inc. Common Stock,$27.98,-0.14,-0.498%,3342047933.00,United States,2024,1896621,Finance,Major Banks
UCB^I,United Community Banks Inc. Depositary Shares each representing 1/1000th interest in a share of Series I Non-Cumulative Preferred Stock,$24.8399,-0.0451,-0.181%,,United States,,3262,,
UDR,UDR Inc. Common Stock,$43.36,-0.28,-0.642%,14357942446.00,United States,,3840995,Real Estate,Real Estate Investment Trusts
UE,Urban Edge Properties Common Shares of Beneficial Interest,$18.67,-0.09,-0.48%,2342337565.00,United States,2015,1734823,Finance,Real Estate
UFI,Unifi Inc. New Common Stock,$4.99,-0.05,-0.992%,91572962.00,United States,,57983,Consumer Discretionary,Textiles
UGI,UGI Corporation Common Stock,$33.20,-0.41,-1.22%,7131791700.00,United States,,2867458,Utilities,Natural Gas Distribution
UGP,Ultrapar Participacoes S.A. (New) American Depositary Shares (Each representing one Common Share),$3.17,-0.03,-0.938%,3453720284.00,Brazil,,2126770,Utilities,Oil/Gas Transmission
UHAL,U-Haul Holding Company Common Stock,$62.46,-1.27,-1.993%,12247024385.00,United States,2022,114965,Consumer Discretionary,Rental/Leasing Companies
UHS,Universal Health Services Inc. Common Stock,$174.14,-4.56,-2.552%,11319444101.00,United States,,1400564,Health Care,Hospital/Nursing Management
UHT,Universal Health Realty Income Trust Common Stock,$40.77,-0.95,-2.277%,564689492.00,United States,,229420,Real Estate,Real Estate Investment Trusts
UI,Ubiquiti Inc. Common Stock,$316.60,-2.95,-0.923%,19151240694.00,United States,,146675,Technology,Radio And Television Broadcasting And Communications Equipment
UIS,Unisys Corporation New Common Stock,$4.24,0.05,1.193%,295121477.00,United States,,1653398,Technology,EDP Services
UL,Unilever PLC Common Stock,$58.65,-0.58,-0.979%,148091093874.00,United Kingdom,,2248669,Consumer Discretionary,Package Goods/Cosmetics
ULS,UL Solutions Inc. Class A Common Stock,$53.50,-0.22,-0.41%,10709335376.00,United States,2024,1463298,Health Care,Precision Instruments
UMC,United Microelectronics Corporation (NEW) Common Stock,$6.71,-0.02,-0.297%,16815021339.00,Taiwan,,11007446,Technology,Semiconductors
UMH,UMH Properties Inc. Common Stock,$18.31,-0.20,-1.08%,1509871933.00,United States,1994,727090,Real Estate,Real Estate Investment Trusts
UMH^D,UMH Properties Inc. 6.375% Series D Cumulative Redeemable Preferred Stock Liquidation Preference $25 per share,$22.75,0.01,0.044%,,United States,,12523,,
UNF,Unifirst Corporation Common Stock,$197.22,-2.91,-1.454%,3661511971.00,United States,,291922,Consumer Discretionary,Other Consumer Services
UNFI,United Natural Foods Inc. Common Stock,$26.19,0.12,0.46%,1585127436.00,United States,2019,1822148,Consumer Discretionary,Food Distributors
UNH,UnitedHealth Group Incorporated Common Stock (DE),$516.85,5.55,1.085%,472769069311.00,United States,,10244942,Health Care,Medical Specialities
UNM,Unum Group Common Stock,$81.34,0.30,0.37%,14379101453.00,United States,,10362660,Finance,Accident &Health Insurance
UNMA,Unum Group 6.250% Junior Subordinated Notes due 2058,$25.12,0.01,0.04%,4440656854.00,United States,2018,6202,Finance,Accident &Health Insurance
UNP,Union Pacific Corporation Common Stock,$233.88,-0.91,-0.388%,141330498087.00,United States,,4167749,Industrials,Railroads
UP,Wheels Up Experience Inc. Class A Common Stock,$1.05,-0.03,-2.778%,733731675.00,Singapore,2020,843741,Consumer Discretionary,Transportation Services
UPS,United Parcel Service Inc. Common Stock,$115.10,-1.88,-1.607%,98315191445.00,United States,1999,19575263,Industrials,Trucking Freight/Courier Services
URI,United Rentals Inc. Common Stock,$628.16,-2.53,-0.401%,41023306680.00,United States,1997,766944,Consumer Discretionary,Diversified Commercial Services
USA,Liberty All-Star Equity Fund Common Stock,$6.64,-0.05,-0.747%,0.00,United States,1986,308502,Finance,Finance Companies
USAC,USA Compression Partners LP Common Units Representing Limited Partner Interests,$27.13,-0.33,-1.202%,3188560983.00,United States,2013,1892289,Utilities,Natural Gas Distribution
USB,U.S. Bancorp Common Stock,$42.84,0.23,0.54%,66825578487.00,United States,,69001633,Finance,Major Banks
USB^A,U.S. Bancorp Depositary Shares Each representing a 1/100th interest in a share of Series A Non-CumulativePerpetual Pfd Stock,$887.50,3.5799,0.405%,,United States,,1107,,
USB^H,U.S. Bancorp Depositary Shares repstg 1/1000th Pfd Ser B,$22.69,-0.03,-0.132%,,United States,,18144,,
USB^P,U.S. Bancorp Depositary Shares each representing a 1/1000th interest in a share of Series K Non-Cumulative Perpetual Preferred Stock,$23.85,0.00,0.00%,,United States,,16654,,
USB^Q,U.S. Bancorp Depositary Shares Each Representing a 1/1000th Interest in a Share of Series L Non-Cumulative Perpetual Preferred Stock,$16.32,0.00,0.00%,,United States,,10551,,
USB^R,U.S. Bancorp Depositary Shares Each Representing a 1/1000th Interest in a Share of Series M Non-Cumulative Perpetual Preferred Stock,$17.30,0.01,0.058%,,United States,,16119,,
USB^S,U.S. Bancorp Depositary Shares each representing a 1/1000th interest in a share of Series O Non-Cumulative Perpetual Preferred Stock,$19.81,0.06,0.304%,,United States,,27098,,
USFD,US Foods Holding Corp. Common Stock,$64.41,1.03,1.625%,14838710681.00,United States,2016,5590111,Consumer Discretionary,Food Distributors
USM,United States Cellular Corporation Common Stock,$67.71,0.72,1.075%,5755350000.00,United States,1988,228383,Telecommunications,Telecommunications Equipment
USNA,USANA Health Sciences Inc. Common Stock,$27.31,0.00,0.00%,516282605.00,United States,,715629,Health Care, Medicinal Chemicals and Botanical Products 
USPH,U.S. Physical Therapy Inc. Common Stock,$72.79,-1.90,-2.544%,1105803042.00,United States,1992,268706,Health Care,Medical/Nursing Services
UTF,Cohen & Steers Infrastructure Fund Inc Common Stock,$24.86,-0.12,-0.48%,0.00,United States,2004,108842,Finance,Finance Companies
UTI,Universal Technical Institute Inc Common Stock,$26.47,-1.32,-4.75%,1439219190.00,United States,2003,1674377,Real Estate,Other Consumer Services
UTL,UNITIL Corporation Common Stock,$55.23,-1.04,-1.848%,897241947.00,United States,1985,175458,Utilities,Power Generation
UTZ,Utz Brands Inc Class A Common Stock ,$13.73,0.14,1.03%,1941563680.00,United States,2018,1598140,Consumer Staples,Packaged Foods
UVE,UNIVERSAL INSURANCE HOLDINGS INC Common Stock,$21.40,-0.38,-1.745%,601250634.00,United States,,487325,Finance,Property-Casualty Insurers
UVV,Universal Corporation Common Stock,$54.11,-1.02,-1.85%,1336124540.00,United States,,540609,Industrials,Farming/Seeds/Milling
UWMC,UWM Holdings Corporation Class A Common Stock,$5.87,-0.05,-0.845%,9382067473.00,United States,,5853160,Finance,Finance: Consumer Services
UZD,United States Cellular Corporation 6.250% Senior Notes due 2069,$23.90,0.08,0.336%,2031500000.00,United States,2020,44936,Telecommunications,Telecommunications Equipment
UZE,United States Cellular Corporation 5.500% Senior Notes due 2070,$22.17,0.02,0.09%,1884450000.00,United States,2020,43194,Telecommunications,Telecommunications Equipment
UZF,United States Cellular Corporation 5.500% Senior Notes due 2070,$22.16,0.12,0.544%,1883600000.00,United States,2021,63972,Telecommunications,Telecommunications Equipment
V,Visa Inc.,$335.66,-3.84,-1.131%,623581534896.00,United States,,17279673,Consumer Discretionary,Business Services
VAC,Marriott Vacations Worldwide Corporation Common Stock,$65.85,-0.88,-1.319%,2298861232.00,United States,,617494,Finance,Real Estate
VAL,Valaris Limited Common Shares,$39.64,-0.72,-1.784%,2815720332.00,United States,2021,1774837,Energy,Oil & Gas Production
VALE,VALE S.A.  American Depositary Shares Each Representing one common share,$10.07,-0.07,-0.69%,42998900000.00,Brazil,,35053391,Basic Materials,Metal Mining
VATE,INNOVATE Corp. Common Stock,$8.62,-0.12,-1.373%,114313087.00,United States,,23706,Industrials,Metal Fabrications
VBF,Invesco Bond Fund Common Stock,$15.25,-0.04,-0.262%,0.00,United States,,28318,Finance,Trusts Except Educational Religious and Charitable
VCV,Invesco California Value Municipal Income Trust Common Stock,$10.82,0.125,1.169%,518175481.00,United States,,51678,Finance,Trusts Except Educational Religious and Charitable
VEEV,Veeva Systems Inc. Class A Common Stock,$236.77,0.92,0.39%,38439693080.00,United States,2013,1192602,Technology,Computer Software: Prepackaged Software
VEL,Velocity Financial Inc. Common Stock,$18.80,-0.19,-1.001%,639491250.00,United States,2020,221288,Finance,Finance: Consumer Services
VET,Vermilion Energy Inc. Common (Canada),$8.22,-0.04,-0.484%,1276960560.00,Canada,,780891,Energy,Oil & Gas Production
VFC,V.F. Corporation Common Stock,$16.37,0.12,0.738%,6377316001.00,United States,,65333844,Consumer Discretionary,Apparel
VG,Venture Global Inc. Class A common stock,$11.61,-0.17,-1.443%,28090880890.00,,2025,11596102,Utilities,Oil/Gas Transmission
VGI,Virtus Global Multi-Sector Income Fund Common Shares of Beneficial Interest,$7.80,0.02,0.257%,0.00,United States,2012,35582,Finance,Investment Managers
VGM,Invesco Trust for Investment Grade Municipals Common Stock (DE),$10.09,0.08,0.799%,547200557.00,United States,,66446,Finance,Trusts Except Educational Religious and Charitable
VHC,VirnetX Holding Corp Common Stock,$8.89,0.57,6.851%,37680985.00,United States,,7658,Miscellaneous,Multi-Sector Companies
VHI,Valhi Inc. Common Stock,$17.45,-0.62,-3.431%,493744138.00,United States,,17701,Industrials,Major Chemicals
VICI,VICI Properties Inc. Common Stock,$31.53,-0.48,-1.50%,33306373116.00,United States,2018,14681099,Real Estate,Real Estate Investment Trusts
VIK,Viking Holdings Ltd Ordinary Shares,$40.10,0.13,0.325%,17762316413.00,United States,2024,6625753,Consumer Discretionary,Marine Transportation
VIPS,Vipshop Holdings Limited American Depositary Shares each representing two ordinary shares,$16.29,-0.35,-2.103%,8834116277.00,China,2012,5000340,Consumer Discretionary,Catalog/Specialty Distribution
VIST,Vista Energy S.A.B. de C.V. American Depositary Shares each representing one series A share with no par value,$47.01,0.56,1.206%,4482658858.00,Mexico,2019,433862,Energy,Oil & Gas Production
VIV,Telefonica Brasil S.A. American Depositary Shares (Each representing One Common Share),$8.71,0.08,0.927%,14168405481.00,Brazil,2020,684134,Telecommunications,Telecommunications Equipment
VKQ,Invesco Municipal Trust Common Stock,$9.73,0.09,0.934%,538414561.00,United States,,65890,Finance,Trusts Except Educational Religious and Charitable
VLN,Valens Semiconductor Ltd. Ordinary Shares,$2.15,0.04,1.896%,227295123.00,,,118571,Technology,Semiconductors
VLO,Valero Energy Corporation Common Stock,$131.51,-3.32,-2.462%,41422693524.00,United States,,6736522,Energy,Integrated oil Companies
VLRS,Controladora Vuela Compania de Aviacion S.A.B. de C.V. American Depositary Shares each representing ten (10) Ordinary Participation Certificates,$5.54,-0.05,-0.894%,645951081.00,,2013,509255,Consumer Discretionary,Air Freight/Delivery Services
VLT,Invesco High Income Trust II,$10.64,-0.17,-1.573%,0.00,United States,1989,120263,Finance,Trusts Except Educational Religious and Charitable
VLTO,Veralto Corp Common Stock ,$97.77,-0.37,-0.377%,24203026464.00,United States,2023,2879774,Industrials,Electrical Products
VMC,Vulcan Materials Company (Holding Company) Common Stock,$234.08,-4.64,-1.944%,30924229213.00,United States,,2063093,Industrials,Mining & Quarrying of Nonmetallic Minerals (No Fuels)
VMI,Valmont Industries Inc. Common Stock,$285.50,-41.08,-12.579%,5722992820.00,United States,,630349,Industrials,Metal Fabrications
VMO,Invesco Municipal Opportunity Trust Common Stock,$9.62,0.10,1.05%,648779390.00,United States,,274778,Finance,Trusts Except Educational Religious and Charitable
VNCE,Vince Holding Corp. Common Stock,$1.98,0.03,1.538%,24967067.00,,2013,30810,Consumer Discretionary,Clothing/Shoe/Accessory Stores
VNO,Vornado Realty Trust Common Stock,$38.25,-0.38,-0.984%,7299881685.00,United States,,2654137,Real Estate,Real Estate Investment Trusts
VNO^L,Vornado Realty Trust Pfd Ser L %,$17.9526,-0.0774,-0.429%,,United States,,5996,,
VNO^M,Vornado Realty Trust 5.25% Series M Cumulative Redeemable Preferred Shares of Beneficial Interest liquidation preference $25.00 per share no par value per share,$17.31,-0.09,-0.517%,,United States,,7108,,
VNO^N,Vornado Realty Trust 5.25% Series N Cumulative Redeemable Preferred Shares of Beneficial Interest liquidation preference $25.00 per share,$17.62,0.00,0.00%,,United States,,2739,,
VNO^O,Vornado Realty Trust 4.45% Series O Cumulative Redeemable Preferred Shares Liquidation Preference $25.00 Per Share,$15.78,0.01,0.063%,,United States,,1476,,
VNT,Vontier Corporation Common Stock ,$33.71,-0.18,-0.531%,5012677000.00,United States,2020,1000538,Industrials,Industrial Machinery/Components
VOC,VOC Energy Trust Units of Beneficial Interest,$3.26,-0.07,-2.102%,55420000.00,United States,2011,31384,Energy,Oil & Gas Production
VOYA,Voya Financial Inc. Common Stock,$67.89,-0.48,-0.702%,6485279013.00,United States,2013,3570721,Finance,Life Insurance
VOYA^B,Voya Financial Inc. Depositary Shares each representing a 1/40th interest in a share of 5.35% Fixed-Rate Reset Non-Cumulative Preferred Stock Series B,$24.39,-0.14,-0.571%,,United States,,35855,,
VPG,Vishay Precision Group Inc. Common Stock,$22.88,0.36,1.599%,303327939.00,United States,,173388,Technology,Electrical Products
VPV,Invesco Pennsylvania Value Municipal Income Trust Common Stock (DE),$10.37,-0.02,-0.192%,247112371.00,United States,,52361,Finance,Trusts Except Educational Religious and Charitable
VRE,Veris Residential Inc. Common Stock,$16.31,0.00,0.00%,1516085612.00,United States,,1047010,Real Estate,Real Estate Investment Trusts
VRN,Veren Inc. Common shares,$6.63,0.00,0.00%,4089689444.00,Canada,,17281230,Energy,Oil & Gas Production
VRT,Vertiv Holdings LLC Class A Common Stock,$88.63,-0.45,-0.505%,33748139744.00,United States,2018,5240887,Technology,Industrial Machinery/Components
VRTS,Virtus Investment Partners Inc. Common Stock,$175.51,-1.44,-0.814%,1222871892.00,United States,,136625,Finance,Investment Managers
VSCO,Victorias Secret & Co. Common Stock ,$20.92,-0.83,-3.816%,1644763663.00,United States,2021,4923052,Consumer Discretionary,Clothing/Shoe/Accessory Stores
VSH,Vishay Intertechnology Inc. Common Stock,$16.86,-0.35,-2.034%,2285659772.00,United States,,12185907,Technology,Electrical Products
VST,Vistra Corp. Common Stock,$130.58,-1.32,-1.001%,44261872372.00,United States,,7484279,Utilities,Electric Utilities: Central
VSTS,Vestis Corporation Common Stock,$10.00,-0.15,-1.478%,1317451150.00,United States,2023,16973961,,
VTEX,VTEX Class A Common Shares,$4.84,-0.10,-2.024%,921360095.00,United Kingdom,2021,593931,Technology,Computer Software: Prepackaged Software
VTLE,Vital Energy Inc. Common Stock par value $0.01 per share,$22.11,-0.65,-2.856%,1828496359.00,United States,2011,1630754,Energy,Oil & Gas Production
VTMX,Corporacion Inmobiliaria Vesta S.A.B de C.V. American Depositary Shares each representing ten (10) Common Shares,$23.56,-0.12,-0.507%,2083850053.00,,2023,137917,Finance,Real Estate
VTN,Invesco Trust for Investment Grade New York Municipals Common Stock,$10.75,0.08,0.75%,209474274.00,United States,,103209,Finance,Finance Companies
VTOL,Bristow Group Inc. Common Stock,$31.42,-0.69,-2.149%,899617440.00,United States,,308876,Consumer Discretionary,Transportation Services
VTR,Ventas Inc. Common Stock,$66.85,-0.86,-1.27%,29222807663.00,United States,,10422801,Real Estate,Real Estate Investment Trusts
VTS,Vitesse Energy Inc. Common Stock,$22.89,-1.06,-4.426%,883059782.00,United States,2023,561921,Energy,Oil & Gas Production
VVR,Invesco Senior Income Trust Common Stock (DE),$3.55,-0.50,-12.346%,0.00,United States,1998,7927412,Finance,Trusts Except Educational Religious and Charitable
VVV,Valvoline Inc. Common Stock,$35.34,-0.27,-0.758%,4491731635.00,United States,2016,2066306,Industrials,Major Chemicals
VVX,V2X Inc. Common Stock,$49.17,-2.42,-4.691%,1552214884.00,United States,2014,1164503,Consumer Discretionary,Diversified Commercial Services
VYX,NCR Voyix Corporation Common Stock,$10.02,-0.25,-2.434%,1391603512.00,United States,,3685323,Miscellaneous,Office Equipment/Supplies/Services
W,Wayfair Inc. Class A Common Stock,$33.66,2.11,6.688%,4271605840.00,United States,2014,5519669,Consumer Discretionary,Catalog/Specialty Distribution
WAB,Westinghouse Air Brake Technologies Corporation Common Stock,$184.78,-0.63,-0.34%,31569320603.00,United States,,2909082,Industrials,Railroads
WAL,Western Alliance Bancorporation Common Stock (DE),$77.44,0.83,1.083%,8553580372.00,United States,2005,2011051,Finance,Major Banks
WAL^A,Western Alliance Bancorporation Depositary Shares Each Representing a 1/400th Interest in a Share of 4.250% Fixed-Rate Non-Cumulative Perpetual Preferred Stock Series A,$22.25,-0.01,-0.045%,,United States,,47610,,
WAT,Waters Corporation Common Stock,$365.46,2.24,0.617%,21712322498.00,United States,1995,865027,Industrials,Biotechnology: Laboratory Analytical Instruments
WBS,Webster Financial Corporation Common Stock,$51.62,0.10,0.194%,8844832462.00,United States,,2174271,Finance,Major Banks
WBS^F,Webster Financial Corporation Depositary Shares Each Representing 1/1000th Interest in a Share of 5.25% Series F Non-Cumulative Perpetual Preferred Stock,$20.2813,-0.0687,-0.338%,,United States,,4372,,
WBS^G,Webster Financial Corporation Depositary Shares each representing a 1/40th interest in a share of 6.50% Series G non-cumulative perpetual preferred stock,$23.76,-0.1899,-0.793%,,United States,,4511,,
WBX,Wallbox N.V. Class A Ordinary Shares,$0.3207,-0.0181,-5.342%,67285107.00,Spain,,923296,Consumer Discretionary,Industrial Specialties
WCC,WESCO International Inc. Common Stock,$162.62,-2.35,-1.425%,7935193974.00,United States,1999,1409756,Consumer Discretionary,Telecommunications Equipment
WCC^A,WESCO International Inc. Depositary Shares each representing 1/1000th interest in a share of Series A Fixed-Rate Reset Cumulative Perpetual Preferred Stock,$25.29,-0.03,-0.118%,,United States,,24188,,
WCN,Waste Connections Inc. Common Shares,$189.32,-0.54,-0.284%,48851644544.00,Canada,,910958,Utilities,Environmental Services
WD,Walker & Dunlop Inc Common Stock,$85.82,-0.61,-0.706%,2900565987.00,United States,2010,463614,Finance,Finance: Consumer Services
WDH,Waterdrop Inc. American Depositary Shares (each representing the right to receive 10 Class A Ordinary Shares),$1.53,0.00,0.00%,566348168.00,Cayman Islands,2021,440357,Finance,Specialty Insurers
WDI,Western Asset Diversified Income Fund Common Shares of Beneficial Interest,$14.65,0.03,0.205%,0.00,United States,2021,180293,Finance,Trusts Except Educational Religious and Charitable
WDS,Woodside Energy Group Limited American Depositary Shares each representing one Ordinary Share,$14.20,-0.22,-1.526%,26962246748.00,Australia,2022,1045204,Energy,Oil & Gas Production
WEA,Western Asset Bond Fund Share of Beneficial Interest,$11.05,0.0548,0.498%,0.00,United States,2002,7990,Finance,Trusts Except Educational Religious and Charitable
WEAV,Weave Communications Inc. Common Stock,$11.70,0.06,0.515%,864632820.00,United States,2021,1023565,Technology,Computer Software: Prepackaged Software
WEC,WEC Energy Group Inc. Common Stock,$106.81,-1.00,-0.928%,33939104258.00,United States,,5327080,Utilities,Power Generation
WELL,Welltower Inc. Common Stock,$146.52,-1.37,-0.926%,93964457244.00,United States,,12752237,Real Estate,Real Estate Investment Trusts
WES,Western Midstream Partners LP Common Units Representing Limited Partner Interests,$41.27,-0.58,-1.386%,15737123324.00,United States,2012,1699799,Utilities,Natural Gas Distribution
WEX,WEX Inc. common stock,$157.05,0.71,0.454%,6095972705.00,United States,,2778653,Consumer Discretionary,Business Services
WF,Woori Financial Group Inc. American Depositary Shares (each representing three (3) shares of Common Stock),$34.13,0.26,0.768%,8447602273.00,South Korea,,38892,Finance,Commercial Banks
WFC,Wells Fargo & Company Common Stock,$72.52,0.00,0.00%,238459290927.00,United States,,32647128,Finance,Major Banks
WFC^A,Wells Fargo & Company Depositary Shares each representing a 1/1000th interest in a share of Non-Cumulative Perpetual Class A Preferred Stock Series AA,$19.65,-0.05,-0.254%,,United States,,46618,,
WFC^C,Wells Fargo & Company Depositary Shares each representing a 1/1000th interest in a share of Non-Cumulative Perpetual Class A Preferred Stock Series CC,$18.51,-0.04,-0.216%,,United States,,27587,,
WFC^D,Wells Fargo & Company Depositary Shares each representing a 1/1000th interest in  a share of Non-Cumulative Perpetual Class A Preferred Stock Series DD,$18.07,-0.04,-0.221%,,United States,,25001,,
WFC^L,Wells Fargo & Company 7.50% Non-Cumulative Perpetual Convertible Class A Preferred Stock Series L,$1199.01,-4.48,-0.372%,,United States,,2258,,
WFC^Y,Wells Fargo & Company Depositary Shares each representing a 1/1000th interest in a share of Non-Cumulative Perpetual Class A Preferred Stock Series Y,$23.99,-0.02,-0.083%,,United States,,22333,,
WFC^Z,Wells Fargo & Company Depositary Shares each representing a 1/1000th interest in a share of Non-Cumulative Perpetual Class A Preferred Stock Series Z,$20.03,-0.03,-0.15%,,United States,,91332,,
WFG,West Fraser Timber Co. Ltd Common stock,$76.12,-0.83,-1.079%,6108314254.00,,2021,161210,Basic Materials,Forest Products
WGO,Winnebago Industries Inc. Common Stock,$34.76,-0.08,-0.23%,987071204.00,United States,,5156663,Industrials,Homebuilding
WH,Wyndham Hotels & Resorts Inc. Common Stock ,$90.64,-0.50,-0.549%,7046892455.00,United States,2018,1412765,Consumer Discretionary,Hotels/Resorts
WHD,Cactus Inc. Class A Common Stock,$45.92,-0.48,-1.034%,3654501275.00,United States,2018,2405573,Industrials,Metal Fabrications
WHG,Westwood Holdings Group Inc Common Stock,$15.91,-0.14,-0.872%,149230629.00,United States,,12698,Finance,Investment Managers
WHR,Whirlpool Corporation Common Stock,$93.35,-0.80,-0.85%,5169985780.00,United States,,1176818,Consumer Discretionary,Consumer Electronics/Appliances
WIA,Western Asset Inflation-Linked Income Fund,$8.35,0.0383,0.461%,0.00,United States,2003,12946,Finance,Trusts Except Educational Religious and Charitable
WIT,Wipro Limited Common Stock,$3.03,0.03,1.00%,31664337771.00,India,,7632507,Technology,EDP Services
WIW,Western Asset Inflation-Linked Opportunities & Income Fund,$8.78,0.00,0.00%,0.00,United States,2004,96100,Finance,Finance Companies
WK,Workiva Inc. Class A Common Stock,$87.23,-0.93,-1.055%,4895872899.00,United States,2014,694608,Technology,Computer Software: Prepackaged Software
WKC,World Kinect Corporation Common Stock,$28.05,-0.32,-1.128%,1591820670.00,United States,,3626784,Energy,Oil Refining/Marketing
WLK,Westlake Corporation Common Stock,$100.89,-0.39,-0.385%,12937075163.00,United States,2004,2590227,Industrials,Major Chemicals
WLKP,Westlake Chemical Partners LP Common Units representing limited partner interests,$23.16,-0.27,-1.152%,816124957.00,United States,2014,28190,Industrials,Major Chemicals
WLY,John Wiley & Sons Inc. Common Stock,$44.44,-0.07,-0.157%,2393141417.00,United States,,1572673,Consumer Discretionary,Books
WLYB,John Wiley & Sons Inc. Common Stock,$44.65,0.65,1.477%,2404450142.00,United States,,3817,Consumer Discretionary,Books
WM,Waste Management Inc. Common Stock,$224.91,-1.99,-0.877%,90439783385.00,United States,,2536527,Utilities,Environmental Services
WMB,Williams Companies Inc. (The) Common Stock,$59.60,-0.15,-0.251%,72674409982.00,United States,,13202493,Utilities,Natural Gas Distribution
WMK,Weis Markets Inc. Common Stock,$76.21,-2.31,-2.942%,2049930341.00,United States,,655423,Consumer Staples,Food Chains
WMS,Advanced Drainage Systems Inc. Common Stock,$108.22,-1.44,-1.313%,8395129813.00,United States,2014,1844652,Consumer Discretionary,Containers/Packaging
WMT,Walmart Inc. Common Stock,$85.98,0.17,0.198%,689288715195.00,United States,,26797178,Consumer Discretionary,Department/Specialty Retail Stores
WNC,Wabash National Corporation Common Stock,$11.55,0.19,1.673%,490295594.00,United States,1991,10850305,Industrials,Construction/Ag Equipment/Trucks
WNS,WNS (Holdings) Limited Ordinary Shares,$62.51,-1.15,-1.806%,2890001264.00,India,2024,841773,Consumer Discretionary,Business Services
WOLF,Wolfspeed Inc. Common Stock,$6.29,0.55,9.582%,978542357.00,United States,,27211865,Technology,Semiconductors
WOR,Worthington Enterprises Inc. Common Shares,$39.78,-1.51,-3.657%,1990751593.00,United States,,2787389,Industrials,Steel/Iron Ore
WOW,WideOpenWest Inc. Common Stock,$5.13,0.27,5.556%,434421825.00,United States,2017,1670505,Telecommunications,Cable & Other Pay Television Services
WPC,W. P. Carey Inc. REIT,$61.49,-0.11,-0.179%,13457049360.00,United States,,4323550,Real Estate,Real Estate Investment Trusts
WPM,Wheaton Precious Metals Corp Common Shares (Canada),$75.00,-0.57,-0.754%,34025542425.00,Canada,,3159269,Basic Materials,Precious Metals
WPP,WPP plc American Depositary Shares,$40.36,-0.40,-0.981%,8708092650.00,Ireland,,211955,Consumer Discretionary,Advertising
WRB,W.R. Berkley Corporation Common Stock,$63.24,-0.35,-0.55%,23982255781.00,United States,,4177813,Finance,Property-Casualty Insurers
WRB^E,W.R. Berkley Corporation 5.70% Subordinated Debentures due 2058,$22.44,0.01,0.045%,,United States,,8478,,
WRB^F,W.R. Berkley Corporation 5.10% Subordinated Debentures due 2059,$20.13,-0.05,-0.248%,,United States,,11202,,
WRB^G,W.R. Berkley Corporation 4.25% Subordinated Debentures due 2060,$17.44,-0.03,-0.172%,,United States,,2031,,
WRB^H,W.R. Berkley Corporation 4.125% Subordinated Debentures due 2061,$17.32,0.116,0.674%,,United States,,12695,,
WRBY,Warby Parker Inc. Class A Common Stock,$18.90,-0.11,-0.579%,2284231490.00,United States,2021,2389967,Health Care,Ophthalmic Goods
WS,Worthington Steel Inc. Common Shares,$26.18,-1.69,-6.064%,1328731971.00,United States,2023,2838367,Industrials,Steel/Iron Ore
WSM,Williams-Sonoma Inc. Common Stock (DE),$163.65,-1.34,-0.812%,20145305672.00,United States,,31889081,Consumer Discretionary,Home Furnishings
WSO,Watsco Inc. Common Stock,$497.00,-5.33,-1.061%,20081488770.00,United States,,453493,Consumer Discretionary,Industrial Machinery/Components
WSO/B,Watsco Inc.,$507.10,0.00,0.00%,,United States,,13,,
WSR,Whitestone REIT Common Shares,$14.34,-0.16,-1.103%,729833511.00,United States,2010,648399,Real Estate,Real Estate Investment Trusts
WST,West Pharmaceutical Services Inc. Common Stock,$228.68,1.17,0.514%,16534425209.00,United States,,2640988,Health Care,Medical/Dental Instruments
WT,WisdomTree Inc. Common Stock,$8.69,-0.09,-1.025%,1277845877.00,United States,2022,3554252,Finance,Investment Bankers/Brokers/Service
WTI,W&T Offshore Inc. Common Stock,$1.60,0.00,0.00%,236217134.00,United States,2005,3107522,Energy,Oil & Gas Production
WTM,White Mountains Insurance Group Ltd. Common Stock,$1872.52,-1.27,-0.068%,4799364259.00,United States,,20716,Finance,Property-Casualty Insurers
WTRG,Essential Utilities Inc. Common Stock,$38.51,-0.35,-0.901%,10587275873.00,United States,,3720504,Utilities,Water Supply
WTS,Watts Water Technologies Inc. Class A Common Stock,$206.95,-3.35,-1.593%,6894558082.00,United States,1986,1035662,Industrials,Metal Fabrications
WTTR,Select Water Solutions Inc. Class A common stock,$10.19,0.09,0.891%,1215544526.00,United States,2017,15588126,Energy,Oilfield Services/Equipment
WU,Western Union Company (The) Common Stock,$10.64,-0.10,-0.931%,3595623367.00,United States,,7613424,Consumer Discretionary,Business Services
WWW,Wolverine World Wide Inc. Common Stock,$13.77,-0.03,-0.217%,1106716464.00,United States,,3421279,Consumer Discretionary,Shoe Manufacturing
WY,Weyerhaeuser Company Common Stock,$29.18,-0.93,-3.089%,21172366040.00,United States,,6488168,Real Estate,Real Estate Investment Trusts
X,United States Steel Corporation Common Stock,$40.90,-0.16,-0.39%,9211355832.00,United States,,4921650,Industrials,Steel/Iron Ore
XFLT,XAI Octagon Floating Rate & Alternative Income Trust Common Shares of Beneficial Interest,$6.03,-0.01,-0.166%,213875248.00,United States,2017,264042,Finance,Investment Managers
XFLT^A,XAI Octagon Floating Rate & Alternative Income Trust 6.50% Series 2026 Term Preferred Shares (Liquidation Preference $25.00),$25.14,0.04,0.159%,,United States,,169,,
XHR,Xenia Hotels & Resorts Inc. Common Stock,$12.48,-0.16,-1.266%,1264884953.00,United States,2015,1749418,Consumer Discretionary,Hotels/Resorts
XIFR,XPLR Infrastructure LP Common Units representing limited partner interests,$9.41,-0.15,-1.569%,880156596.00,United States,2014,1324704,Utilities,Electric Utilities: Central
XIN,Xinyuan Real Estate Co Ltd American Depositary Shares,$2.555,-0.0912,-3.446%,14342952.00,China,2007,24472,Consumer Discretionary,Homebuilding
XOM,Exxon Mobil Corporation Common Stock,$115.50,-0.40,-0.345%,501171052652.00,United States,,41102795,Energy,Integrated oil Companies
XPER,Xperi Inc. Common Stock ,$7.99,-0.04,-0.498%,354667551.00,United States,2022,586549,Technology,Computer Software: Prepackaged Software
XPEV,XPeng Inc. American depositary shares each representing two Class A ordinary shares,$21.80,-0.27,-1.223%,20551264172.00,China,2020,12613119,Consumer Discretionary,Auto Manufacturing
XPO,XPO Inc. Common Stock,$108.61,0.65,0.602%,12733718352.00,United States,,2895180,Consumer Discretionary,Transportation Services
XPOF,Xponential Fitness Inc. Class A Common Stock,$8.66,-0.06,-0.688%,419871440.00,United States,2021,674613,Consumer Discretionary,Services-Misc. Amusement & Recreation
XPRO,Expro Group Holdings N.V. Common Stock,$10.25,-0.41,-3.846%,1192873803.00,United States,2013,2219503,Energy,Oilfield Services/Equipment
XYF,X Financial American Depositary Shares each representing six Class A Ordinary Shares,$13.60,0.99,7.851%,665388174.00,Cayman Islands,2018,334938,Finance,Finance: Consumer Services
XYL,Xylem Inc. Common Stock New,$118.47,-1.37,-1.143%,28793686394.00,United States,2011,2663490,Industrials,Fluid Controls
XYZ,Block Inc. Class A Common Stock,$61.11,0.11,0.18%,37856422800.00,United States,2015,11395626,Technology,Computer Software: Prepackaged Software
YALA,Yalla Group Limited American Depositary Shares each representing one Class A Ordinary Share,$5.14,0.07,1.381%,814911570.00,United Arab Emirates,2020,380684,Technology,Computer Software: Programming Data Processing
YELP,Yelp Inc. Common Stock,$35.75,0.31,0.875%,2324936078.00,United States,2012,2671011,Consumer Discretionary,Other Consumer Services
YETI,YETI Holdings Inc. Common Stock,$34.78,0.09,0.259%,2865505384.00,United States,2018,2332496,Consumer Discretionary,Recreational Games/Products/Toys
YEXT,Yext Inc. Common Stock,$6.29,-0.04,-0.632%,795589272.00,United States,2017,1163193,Technology,EDP Services
YMM,Full Truck Alliance Co. Ltd. American Depositary Shares (each representing 20 Class A Ordinary Shares),$13.13,-0.14,-1.055%,13834667983.00,China,2021,4712058,Technology,Computer Software: Prepackaged Software
YOU,Clear Secure Inc. Class A Common Stock,$25.68,-0.94,-3.531%,3514838934.00,United States,2021,8029993,Technology,Computer Software: Prepackaged Software
YPF,YPF Sociedad Anonima Common Stock,$36.53,1.00,2.815%,14367716328.00,Argentina,1993,1551376,Energy,Integrated oil Companies
YRD,Yiren Digital Ltd. American Depositary Shares each representing two ordinary shares,$6.94,0.09,1.314%,603325728.00,China,2015,187690,Finance,Finance: Consumer Services
YSG,Yatsen Holding Limited American Depositary Shares each representing twenty (20) Class A Ordinary Shares,$4.68,-0.72,-13.333%,429436880.00,China,,574849,Consumer Discretionary,Package Goods/Cosmetics
YUM,Yum! Brands Inc.,$156.75,-1.14,-0.722%,43749228468.00,United States,,3071809,Consumer Discretionary,Restaurants
YUMC,Yum China Holdings Inc. Common Stock,$52.26,-0.27,-0.514%,19656275150.00,United States,2016,2088850,Consumer Discretionary,Restaurants
ZBH,Zimmer Biomet Holdings Inc. Common Stock,$110.73,-1.05,-0.939%,22042264150.00,United States,,2943058,Health Care,Industrial Specialties
ZEPP,Zepp Health Corporation American depositary shares each representing sixteen Class A ordinary shares,$3.51,-0.12,-3.306%,52632517.00,China,,23369,Technology,Computer Manufacturing
ZETA,Zeta Global Holdings Corp. Class A Common Stock,$14.43,0.01,0.069%,3430335040.00,United States,2021,3381942,Technology,Computer Software: Prepackaged Software
ZGN,Ermenegildo Zegna N.V. Ordinary Shares,$7.23,-0.10,-1.364%,1809743201.00,,2021,397591,Consumer Discretionary,Apparel
ZH,Zhihu Inc. American Depositary Shares each representing three (3) Class A Ordinary Shares,$4.83,0.36,8.054%,479488658.00,China,,1153105,Consumer Discretionary,Business Services
ZIM,ZIM Integrated Shipping Services Ltd. Ordinary Shares,$17.82,-0.15,-0.835%,2146552828.00,,2021,10070707,Consumer Discretionary,Marine Transportation
ZIP,ZipRecruiter Inc. Class A Common Stock,$5.91,0.06,1.026%,582230175.00,United States,2021,1488647,Technology,Computer Software: Programming Data Processing
ZK,ZEEKR Intelligent Technology Holding Limited American Depositary Shares (each representing ten (10) Ordinary Shares),$27.06,0.86,3.282%,6699639953.00,Cayman Islands,2024,839929,Consumer Discretionary,Auto Manufacturing
ZKH,ZKH Group Limited American Depositary Shares each representing thirty-five (35) Class A Ordinary Shares,$3.24,-0.21,-6.087%,521863651.00,Cayman Islands,2023,147449,Consumer Discretionary,RETAIL: Building Materials
ZTO,ZTO Express (Cayman) Inc. American Depositary Shares each representing one Class A ordinary share.,$20.05,-0.09,-0.447%,16297976593.00,China,2016,2701617,Industrials,Trucking Freight/Courier Services
ZTR,Virtus Total Return Fund Inc.,$5.91,-0.01,-0.169%,0.00,United States,1988,125507,Finance,Investment Managers
ZTS,Zoetis Inc. Class A Common Stock,$163.03,-0.13,-0.08%,73003516229.00,United States,2013,2886925,Health Care,Biotechnology: Pharmaceutical Preparations
ZVIA,Zevia PBC Class A Common Stock,$2.08,-0.01,-0.478%,152898088.00,United States,2021,340022,Consumer Staples,Beverages (Production/Distribution)
ZWS,Zurn Elkay Water Solutions Corporation Common Stock,$33.46,-0.18,-0.535%,5690082326.00,United States,2012,2517528,Industrials,Industrial Machinery/Components
